#{"t_start": 1522145222.2646453, "env_id": "MyFrozenLake-v0"}
r,l,t
0.0,100,0.00614
0.0,100,0.008706
0.0,100,0.011304
0.0,100,0.013888
0.0,100,0.016487
0.0,100,0.019067
0.0,100,0.021683
0.0,100,0.024259
0.0,100,0.026828
0.0,100,0.029395
0.0,65,0.031106
0.0,41,0.032215
0.0,100,0.034799
0.0,100,0.037339
0.0,100,0.039894
0.0,15,0.040341
0.0,22,0.040971
0.0,79,0.043025
0.0,10,0.043352
0.0,46,0.044595
1.0,55,0.046043
1.0,8,0.046319
0.0,14,0.046748
0.0,11,0.047091
1.0,86,0.049294
0.0,37,0.050313
0.0,45,0.051508
0.0,46,0.052729
0.0,100,0.055288
0.0,34,0.056244
1.0,54,0.057713
1.0,49,0.059023
0.0,100,0.061629
1.0,40,0.062715
0.0,50,0.064054
0.0,36,0.065044
1.0,71,0.06694
1.0,95,0.069449
1.0,17,0.069947
1.0,96,0.072434
1.0,94,0.074849
1.0,87,0.077119
1.0,49,0.07844
1.0,67,0.080188
1.0,57,0.081684
1.0,79,0.083743
1.0,46,0.084958
1.0,75,0.086916
0.0,100,0.089499
1.0,27,0.090237
1.0,45,0.091437
1.0,35,0.092412
0.0,100,0.095006
0.0,21,0.095617
1.0,48,0.096911
1.0,53,0.098291
1.0,51,0.099681
1.0,26,0.100435
1.0,16,0.100919
1.0,29,0.10173
1.0,36,0.102729
1.0,26,0.103467
0.0,14,0.103898
1.0,6,0.104181
1.0,26,0.104923
1.0,65,0.106635
1.0,81,0.108746
0.0,100,0.111346
1.0,24,0.112031
1.0,39,0.11309
1.0,24,0.113779
1.0,21,0.11439
0.0,35,0.115346
1.0,37,0.116368
1.0,42,0.11752
1.0,54,0.118932
1.0,31,0.119786
1.0,10,0.120102
1.0,36,0.121079
1.0,56,0.122568
1.0,10,0.122886
0.0,100,0.125493
0.0,23,0.12614
0.0,40,0.12723
1.0,15,0.127693
1.0,18,0.128211
0.0,10,0.128549
0.0,10,0.128881
1.0,28,0.129665
1.0,63,0.131315
1.0,10,0.131645
0.0,100,0.134202
0.0,35,0.135152
1.0,18,0.135713
1.0,42,0.136841
1.0,14,0.137263
1.0,35,0.138199
1.0,14,0.138644
0.0,26,0.139379
1.0,32,0.14027
1.0,22,0.140912
1.0,74,0.142844
1.0,51,0.144193
1.0,40,0.145265
1.0,27,0.14602
0.0,17,0.146526
0.0,18,0.147058
0.0,14,0.147499
0.0,30,0.14832
1.0,11,0.148671
0.0,8,0.148947
0.0,17,0.149471
1.0,63,0.151138
1.0,21,0.151754
0.0,28,0.152537
1.0,29,0.153327
1.0,33,0.154224
1.0,7,0.154479
1.0,6,0.154699
0.0,34,0.155658
1.0,74,0.157598
1.0,10,0.157918
0.0,63,0.159561
0.0,7,0.159819
0.0,100,0.16239
0.0,13,0.162793
0.0,13,0.163191
1.0,36,0.164198
1.0,7,0.164455
1.0,13,0.164866
1.0,49,0.166167
1.0,33,0.167077
1.0,84,0.169341
1.0,21,0.169956
1.0,15,0.170414
0.0,20,0.171003
1.0,73,0.172908
1.0,27,0.173691
1.0,15,0.174143
1.0,22,0.174781
0.0,15,0.175228
0.0,69,0.177028
1.0,71,0.1789
0.0,28,0.179689
1.0,86,0.181928
0.0,7,0.182174
0.0,45,0.183381
1.0,15,0.183832
0.0,4,0.184008
1.0,21,0.184618
1.0,32,0.18549
1.0,38,0.186512
1.0,57,0.187991
1.0,73,0.189892
1.0,22,0.19051
1.0,21,0.191104
0.0,25,0.191836
1.0,47,0.193107
1.0,10,0.193442
0.0,62,0.195057
1.0,53,0.196469
1.0,66,0.19818
0.0,6,0.198413
1.0,27,0.199153
1.0,52,0.200531
1.0,72,0.202356
1.0,25,0.203068
1.0,29,0.203878
0.0,7,0.20413
1.0,41,0.20533
1.0,21,0.205955
0.0,44,0.20714
1.0,56,0.208642
1.0,31,0.209492
0.0,91,0.211875
1.0,38,0.212916
0.0,45,0.21414
0.0,30,0.214972
1.0,26,0.215705
1.0,30,0.216537
0.0,50,0.21787
1.0,47,0.219138
1.0,51,0.220515
1.0,11,0.220864
1.0,45,0.2221
1.0,10,0.222438
0.0,25,0.22313
1.0,22,0.223764
0.0,62,0.225392
0.0,29,0.226201
1.0,64,0.227875
1.0,41,0.228987
0.0,90,0.231319
1.0,35,0.232274
1.0,83,0.234444
1.0,26,0.235192
1.0,24,0.235875
1.0,6,0.236094
1.0,67,0.23789
1.0,70,0.239748
0.0,100,0.242331
0.0,100,0.245034
0.0,46,0.246266
1.0,9,0.246584
1.0,18,0.247101
1.0,7,0.24735
1.0,11,0.247718
1.0,36,0.24868
1.0,19,0.249229
0.0,24,0.249914
1.0,17,0.250426
1.0,41,0.251531
1.0,19,0.252083
1.0,36,0.253058
1.0,21,0.253676
0.0,13,0.254063
1.0,37,0.255065
1.0,7,0.255314
0.0,100,0.257888
1.0,19,0.258438
0.0,50,0.259753
1.0,92,0.262152
1.0,45,0.26335
1.0,11,0.263714
1.0,35,0.264676
1.0,27,0.265426
1.0,11,0.265771
1.0,39,0.266839
1.0,14,0.267262
0.0,97,0.269841
0.0,27,0.270612
1.0,72,0.272625
1.0,14,0.273052
0.0,30,0.273885
1.0,45,0.275097
1.0,13,0.275518
0.0,7,0.27577
1.0,18,0.276294
1.0,35,0.27725
1.0,11,0.277634
1.0,28,0.278434
0.0,100,0.281044
1.0,16,0.28154
1.0,19,0.282074
1.0,29,0.282881
0.0,12,0.283252
0.0,48,0.284516
0.0,100,0.287071
1.0,42,0.288196
0.0,50,0.289526
0.0,39,0.290595
1.0,91,0.292944
1.0,19,0.293503
1.0,19,0.294072
0.0,40,0.29516
1.0,17,0.295678
1.0,33,0.296589
1.0,36,0.297606
0.0,31,0.298455
1.0,54,0.299879
1.0,9,0.300189
1.0,8,0.300475
1.0,31,0.301315
1.0,60,0.302893
1.0,15,0.303342
0.0,4,0.303522
1.0,6,0.303741
0.0,100,0.306258
0.0,14,0.30677
0.0,22,0.307425
1.0,15,0.307883
1.0,34,0.308817
1.0,41,0.309926
0.0,24,0.310602
1.0,85,0.312814
1.0,8,0.313087
1.0,12,0.313461
1.0,28,0.314229
0.0,100,0.316789
0.0,23,0.317445
0.0,100,0.320006
1.0,55,0.321446
0.0,100,0.324017
1.0,38,0.325053
1.0,43,0.326201
1.0,92,0.328546
1.0,36,0.329499
1.0,65,0.331182
1.0,78,0.333225
0.0,15,0.333685
1.0,22,0.334304
0.0,6,0.334538
1.0,70,0.336335
1.0,36,0.337315
1.0,42,0.338442
1.0,17,0.338947
1.0,34,0.339885
1.0,12,0.340252
1.0,11,0.340601
0.0,48,0.341881
0.0,55,0.343343
0.0,9,0.34366
1.0,20,0.344245
1.0,9,0.344564
1.0,16,0.345041
1.0,8,0.345311
1.0,45,0.346526
1.0,71,0.34834
1.0,13,0.348756
1.0,15,0.349202
1.0,8,0.34949
1.0,9,0.349782
1.0,43,0.350919
1.0,18,0.351451
1.0,9,0.351742
1.0,23,0.35241
1.0,20,0.352977
1.0,34,0.353923
1.0,68,0.355723
1.0,38,0.356762
1.0,48,0.358057
0.0,7,0.358308
1.0,79,0.360438
1.0,22,0.361073
1.0,97,0.363619
1.0,18,0.364145
1.0,27,0.364899
1.0,16,0.365389
1.0,20,0.365962
1.0,29,0.36677
1.0,17,0.367285
1.0,10,0.367613
1.0,21,0.368206
1.0,9,0.368541
1.0,25,0.369244
0.0,45,0.370465
1.0,25,0.37117
0.0,25,0.37191
1.0,30,0.372795
1.0,38,0.373838
0.0,30,0.374707
1.0,36,0.37572
0.0,26,0.376497
1.0,40,0.377584
0.0,30,0.37844
1.0,24,0.379119
1.0,12,0.379534
1.0,35,0.380509
1.0,18,0.381016
0.0,100,0.38361
0.0,13,0.384019
1.0,16,0.384507
1.0,28,0.385282
0.0,100,0.387836
0.0,100,0.390408
1.0,32,0.391292
1.0,49,0.39257
0.0,7,0.39282
1.0,38,0.393843
1.0,77,0.395853
0.0,21,0.396461
0.0,6,0.396684
1.0,25,0.397398
1.0,6,0.397626
1.0,49,0.398938
1.0,14,0.39938
1.0,16,0.399842
1.0,25,0.400544
1.0,71,0.402383
1.0,9,0.402684
0.0,9,0.402981
0.0,100,0.405576
0.0,100,0.40815
1.0,74,0.410154
1.0,13,0.410574
0.0,30,0.411414
0.0,19,0.411973
1.0,31,0.412821
1.0,46,0.41405
0.0,100,0.416596
1.0,28,0.417384
1.0,37,0.418374
1.0,39,0.419429
1.0,20,0.420003
1.0,69,0.421821
1.0,71,0.423684
1.0,47,0.424928
1.0,22,0.425573
1.0,51,0.426911
0.0,11,0.427256
1.0,17,0.427752
1.0,91,0.430057
1.0,20,0.430639
0.0,36,0.431595
1.0,27,0.432343
1.0,25,0.433027
0.0,27,0.43377
1.0,48,0.435036
1.0,42,0.436169
0.0,100,0.438706
1.0,38,0.439738
1.0,14,0.440149
1.0,32,0.44102
1.0,26,0.441749
1.0,34,0.442661
0.0,66,0.44435
0.0,100,0.446933
0.0,7,0.447188
1.0,16,0.447671
1.0,27,0.448433
1.0,34,0.449348
0.0,16,0.449824
1.0,19,0.450352
0.0,14,0.450785
1.0,26,0.451516
1.0,49,0.452806
0.0,100,0.455359
1.0,24,0.456041
1.0,47,0.457267
1.0,52,0.458616
1.0,48,0.459897
1.0,23,0.460551
1.0,99,0.463077
1.0,60,0.464706
1.0,11,0.465063
0.0,12,0.465478
1.0,15,0.465921
0.0,19,0.466482
1.0,30,0.46728
0.0,5,0.46753
1.0,59,0.469095
1.0,68,0.470907
1.0,35,0.471865
1.0,13,0.472262
1.0,20,0.472842
1.0,56,0.474295
1.0,13,0.474706
1.0,21,0.475297
0.0,100,0.477858
0.0,55,0.479327
1.0,13,0.479732
0.0,100,0.482281
1.0,9,0.482589
1.0,33,0.483471
0.0,29,0.484258
1.0,10,0.484595
1.0,23,0.485255
1.0,74,0.487162
1.0,91,0.489556
1.0,7,0.489803
1.0,10,0.490119
0.0,32,0.490993
1.0,52,0.492359
0.0,6,0.492595
0.0,11,0.492949
1.0,6,0.493174
0.0,32,0.494072
1.0,6,0.4943
1.0,38,0.495317
1.0,26,0.496053
1.0,25,0.496749
1.0,14,0.497164
0.0,100,0.499763
1.0,7,0.500021
1.0,32,0.500897
0.0,100,0.50348
1.0,45,0.504666
1.0,24,0.505325
1.0,29,0.506119
1.0,20,0.506705
1.0,40,0.507787
1.0,18,0.508321
1.0,8,0.508662
1.0,7,0.508918
1.0,37,0.509913
1.0,49,0.511221
0.0,21,0.511832
1.0,16,0.512311
1.0,31,0.513171
1.0,30,0.514004
1.0,7,0.514253
1.0,54,0.515697
0.0,26,0.516446
0.0,9,0.516757
0.0,8,0.517032
0.0,49,0.518329
1.0,15,0.518792
1.0,22,0.519425
1.0,21,0.52001
1.0,26,0.520747
1.0,30,0.52157
0.0,25,0.522271
1.0,58,0.523811
0.0,63,0.525467
1.0,16,0.525939
1.0,65,0.527635
1.0,40,0.52871
1.0,49,0.530002
1.0,73,0.531909
0.0,21,0.532513
1.0,75,0.534441
0.0,39,0.535481
1.0,37,0.536489
1.0,20,0.537058
1.0,31,0.537895
0.0,9,0.538197
1.0,12,0.538579
1.0,17,0.539066
1.0,41,0.540147
0.0,61,0.541739
0.0,17,0.542246
1.0,16,0.54274
1.0,27,0.543488
1.0,14,0.543911
1.0,16,0.544376
1.0,6,0.544593
0.0,11,0.544939
1.0,20,0.545516
1.0,14,0.545926
1.0,10,0.546238
0.0,10,0.546571
1.0,50,0.54787
1.0,24,0.548532
1.0,29,0.549306
1.0,37,0.55029
1.0,10,0.550625
1.0,25,0.551321
1.0,69,0.553101
1.0,77,0.555097
1.0,47,0.55637
1.0,72,0.558233
1.0,59,0.55978
1.0,12,0.560143
1.0,63,0.561778
1.0,38,0.562798
1.0,23,0.56345
1.0,10,0.563773
0.0,78,0.565779
1.0,87,0.568057
1.0,22,0.568718
1.0,30,0.569529
1.0,89,0.571893
1.0,28,0.57269
1.0,47,0.573939
1.0,8,0.574214
0.0,54,0.575634
1.0,13,0.576028
1.0,17,0.576529
1.0,53,0.577964
1.0,60,0.579558
0.0,20,0.580134
0.0,49,0.581442
0.0,100,0.584007
0.0,13,0.584418
1.0,40,0.585487
1.0,68,0.587239
1.0,15,0.587705
0.0,69,0.589497
0.0,21,0.590095
0.0,61,0.591738
1.0,14,0.592172
0.0,27,0.59295
1.0,72,0.594805
1.0,25,0.595509
1.0,22,0.596122
1.0,31,0.596962
1.0,20,0.597557
0.0,100,0.600077
1.0,37,0.601087
0.0,6,0.601308
1.0,88,0.603577
1.0,19,0.604126
1.0,63,0.605771
1.0,62,0.607399
1.0,34,0.608304
1.0,53,0.609708
1.0,30,0.610603
1.0,7,0.610852
1.0,12,0.611235
1.0,8,0.611523
1.0,9,0.611825
0.0,9,0.612114
1.0,16,0.612597
1.0,84,0.614806
0.0,12,0.615183
0.0,6,0.615418
1.0,8,0.615697
1.0,22,0.616313
1.0,40,0.617397
0.0,27,0.618144
0.0,100,0.620739
0.0,48,0.622021
1.0,16,0.622509
0.0,8,0.622783
1.0,8,0.62305
1.0,30,0.623883
0.0,20,0.62447
0.0,24,0.62517
0.0,59,0.626715
1.0,15,0.627169
1.0,38,0.628202
0.0,7,0.628464
0.0,12,0.628847
0.0,100,0.631407
1.0,84,0.633625
0.0,16,0.634108
1.0,63,0.635777
0.0,62,0.637399
1.0,25,0.638088
0.0,100,0.640674
1.0,49,0.641966
0.0,14,0.642399
1.0,16,0.642876
1.0,33,0.643782
0.0,34,0.644714
1.0,6,0.644941
0.0,10,0.645264
0.0,41,0.646357
0.0,11,0.646728
1.0,21,0.647314
1.0,41,0.648442
1.0,38,0.649478
1.0,18,0.649998
0.0,11,0.650339
1.0,47,0.651592
1.0,26,0.652329
1.0,41,0.653434
1.0,49,0.654726
1.0,60,0.656296
1.0,20,0.656887
0.0,10,0.657221
1.0,59,0.65879
0.0,33,0.659704
1.0,12,0.66008
1.0,9,0.660381
1.0,36,0.661341
0.0,29,0.662164
1.0,66,0.663884
1.0,21,0.664487
0.0,56,0.665949
0.0,100,0.668569
0.0,20,0.669143
0.0,29,0.669943
1.0,63,0.671603
0.0,6,0.671834
0.0,48,0.673122
0.0,100,0.675738
0.0,28,0.676537
0.0,6,0.676756
1.0,44,0.677934
1.0,42,0.679076
0.0,75,0.680982
0.0,42,0.682094
1.0,62,0.683709
1.0,48,0.684971
1.0,11,0.685315
1.0,66,0.68704
1.0,46,0.688257
0.0,33,0.689155
0.0,22,0.689777
1.0,64,0.691483
0.0,41,0.692587
1.0,76,0.694571
1.0,12,0.694941
0.0,17,0.695449
1.0,62,0.697031
1.0,33,0.697945
1.0,46,0.69915
0.0,100,0.701767
0.0,14,0.702193
1.0,87,0.704491
1.0,42,0.705622
1.0,11,0.705971
1.0,67,0.707707
0.0,66,0.709422
0.0,36,0.710413
1.0,35,0.711465
1.0,28,0.712244
1.0,11,0.712611
0.0,69,0.714429
1.0,12,0.714798
0.0,92,0.717178
1.0,92,0.719579
0.0,100,0.722134
0.0,100,0.724751
1.0,40,0.725816
1.0,74,0.727751
1.0,66,0.729487
1.0,31,0.730341
1.0,11,0.730699
1.0,22,0.731323
1.0,68,0.733086
0.0,21,0.733685
0.0,46,0.73492
1.0,57,0.736457
0.0,15,0.736914
0.0,24,0.737597
0.0,100,0.740201
0.0,15,0.740668
1.0,25,0.741359
1.0,26,0.742116
0.0,27,0.742907
1.0,17,0.743419
0.0,19,0.743963
1.0,21,0.744565
1.0,99,0.747081
1.0,20,0.747658
0.0,100,0.750206
0.0,100,0.752801
1.0,20,0.753385
1.0,18,0.753912
1.0,39,0.754954
0.0,6,0.755185
1.0,53,0.756584
0.0,100,0.759139
0.0,4,0.759317
1.0,15,0.75978
1.0,45,0.760959
0.0,59,0.762563
0.0,32,0.763423
1.0,28,0.764196
1.0,97,0.76669
1.0,8,0.76696
1.0,45,0.768142
0.0,20,0.768757
1.0,67,0.770545
1.0,56,0.772042
1.0,69,0.773887
0.0,9,0.774195
1.0,29,0.775008
0.0,45,0.776206
1.0,72,0.778088
0.0,42,0.779234
0.0,90,0.781609
1.0,32,0.782491
1.0,12,0.782869
1.0,43,0.784003
1.0,75,0.785981
1.0,16,0.786474
1.0,9,0.786774
1.0,18,0.7873
1.0,42,0.788427
1.0,28,0.789199
0.0,100,0.791776
0.0,56,0.793281
0.0,37,0.794276
1.0,47,0.795535
1.0,20,0.796095
1.0,14,0.79653
1.0,10,0.796847
1.0,41,0.797935
1.0,86,0.800152
1.0,16,0.800635
1.0,9,0.800939
1.0,19,0.801506
0.0,39,0.802564
1.0,39,0.803606
1.0,70,0.805435
1.0,16,0.805913
1.0,48,0.807216
1.0,79,0.80926
1.0,10,0.809592
1.0,62,0.811229
1.0,13,0.81164
0.0,47,0.812901
1.0,35,0.813859
0.0,92,0.816246
1.0,39,0.817378
1.0,12,0.817746
0.0,29,0.81854
0.0,16,0.819024
1.0,80,0.821095
1.0,38,0.822119
1.0,17,0.822629
0.0,66,0.824335
1.0,52,0.825727
1.0,16,0.826198
0.0,100,0.828788
1.0,22,0.82943
1.0,34,0.830346
1.0,18,0.830874
0.0,6,0.83109
1.0,72,0.83297
1.0,56,0.834456
1.0,19,0.834995
1.0,24,0.835673
1.0,21,0.836256
1.0,52,0.83767
1.0,37,0.838694
1.0,54,0.840134
1.0,10,0.84048
1.0,9,0.840781
1.0,17,0.841283
1.0,27,0.842037
1.0,93,0.844491
0.0,73,0.846382
1.0,42,0.847497
1.0,26,0.848232
0.0,100,0.850792
1.0,32,0.851672
1.0,59,0.853232
1.0,24,0.853931
1.0,44,0.855096
0.0,12,0.855477
1.0,21,0.856061
1.0,15,0.856523
1.0,14,0.85694
1.0,15,0.857392
1.0,9,0.85769
1.0,30,0.858535
0.0,27,0.859291
1.0,8,0.859582
1.0,78,0.861629
1.0,72,0.863478
1.0,20,0.864051
1.0,36,0.865013
0.0,5,0.865212
1.0,16,0.865705
1.0,9,0.866014
0.0,14,0.866445
1.0,64,0.868173
1.0,28,0.868971
0.0,4,0.869148
1.0,22,0.869776
1.0,44,0.870964
1.0,87,0.873234
1.0,82,0.875353
0.0,22,0.875974
1.0,15,0.876464
1.0,14,0.876876
0.0,100,0.879466
1.0,19,0.880013
1.0,24,0.880686
1.0,21,0.881283
0.0,5,0.881491
0.0,9,0.881799
0.0,100,0.884355
1.0,25,0.885062
0.0,89,0.887356
0.0,32,0.888234
1.0,16,0.888718
0.0,42,0.889832
1.0,34,0.890763
1.0,30,0.891592
0.0,100,0.894201
0.0,27,0.894964
1.0,30,0.895784
1.0,21,0.896393
1.0,73,0.898284
1.0,8,0.89857
0.0,6,0.898795
1.0,9,0.899094
1.0,13,0.899504
1.0,96,0.901957
1.0,25,0.902663
1.0,19,0.903208
1.0,34,0.904142
1.0,10,0.904473
0.0,11,0.90482
1.0,41,0.905899
1.0,10,0.906222
1.0,39,0.907305
1.0,34,0.908235
0.0,34,0.90916
0.0,10,0.909508
0.0,20,0.910085
1.0,38,0.911105
1.0,13,0.911526
0.0,27,0.912256
1.0,73,0.914131
0.0,90,0.916423
1.0,25,0.917196
1.0,46,0.918451
1.0,56,0.919952
1.0,11,0.920295
0.0,18,0.920827
0.0,11,0.921167
1.0,39,0.922216
0.0,11,0.922586
1.0,26,0.923307
1.0,10,0.923637
0.0,32,0.92452
1.0,12,0.924899
1.0,11,0.925247
1.0,57,0.92675
0.0,13,0.927153
1.0,14,0.927601
1.0,17,0.928088
1.0,13,0.928505
1.0,7,0.928762
1.0,47,0.930015
0.0,11,0.930373
1.0,54,0.931794
1.0,57,0.933288
0.0,44,0.934471
1.0,21,0.935068
0.0,25,0.93577
1.0,8,0.93604
1.0,41,0.937144
1.0,14,0.937593
0.0,100,0.940181
0.0,100,0.942798
1.0,75,0.944733
1.0,22,0.945351
0.0,89,0.947666
0.0,100,0.950238
1.0,23,0.9509
0.0,35,0.951867
1.0,29,0.952686
1.0,24,0.953346
0.0,8,0.953622
0.0,100,0.956183
0.0,47,0.957443
0.0,34,0.958387
1.0,14,0.958813
0.0,27,0.95957
1.0,13,0.959968
1.0,85,0.962163
1.0,12,0.962549
1.0,26,0.963268
1.0,13,0.963676
1.0,95,0.966151
1.0,35,0.967103
1.0,16,0.967616
0.0,100,0.97018
1.0,11,0.970547
1.0,17,0.971042
1.0,25,0.971753
1.0,7,0.972
1.0,38,0.973017
0.0,21,0.973626
1.0,29,0.97442
1.0,94,0.976808
0.0,100,0.979406
1.0,9,0.979701
1.0,11,0.980038
1.0,26,0.98078
1.0,28,0.981563
1.0,66,0.983312
0.0,18,0.983851
1.0,27,0.984597
0.0,24,0.985272
0.0,100,0.987816
0.0,64,0.989477
1.0,30,0.99031
1.0,17,0.990819
1.0,36,0.991797
1.0,19,0.992333
0.0,17,0.992859
1.0,73,0.994763
1.0,70,0.996595
1.0,95,0.999006
0.0,25,0.999714
1.0,95,1.002147
1.0,90,1.004463
0.0,14,1.004888
1.0,63,1.006552
0.0,100,1.009129
1.0,41,1.010219
0.0,20,1.0108
1.0,67,1.012567
1.0,28,1.013359
1.0,63,1.015023
1.0,20,1.015616
1.0,20,1.016186
1.0,31,1.017045
1.0,50,1.018491
1.0,11,1.018846
1.0,15,1.019319
1.0,7,1.01958
1.0,16,1.02006
1.0,24,1.020741
1.0,39,1.021785
1.0,22,1.022425
1.0,39,1.023487
0.0,100,1.026089
1.0,43,1.027224
0.0,100,1.029825
0.0,100,1.032417
1.0,32,1.033294
1.0,18,1.033828
1.0,48,1.035104
1.0,8,1.03538
1.0,16,1.03585
0.0,29,1.036664
1.0,28,1.037441
1.0,41,1.03853
1.0,16,1.039001
0.0,100,1.041594
1.0,67,1.043326
1.0,30,1.04415
1.0,27,1.044902
0.0,18,1.045436
1.0,59,1.04698
1.0,6,1.0472
1.0,36,1.048194
1.0,94,1.050608
1.0,13,1.051013
1.0,28,1.051781
1.0,23,1.052434
1.0,12,1.052815
1.0,15,1.053257
1.0,26,1.053974
0.0,12,1.054351
1.0,62,1.055981
1.0,9,1.056272
0.0,54,1.057718
1.0,43,1.058854
0.0,41,1.059954
1.0,38,1.060967
1.0,48,1.062217
1.0,26,1.062956
1.0,9,1.063251
0.0,100,1.065839
0.0,79,1.06789
0.0,23,1.06859
1.0,9,1.068886
1.0,21,1.069488
0.0,34,1.070422
1.0,38,1.071435
0.0,100,1.074032
0.0,100,1.076593
0.0,44,1.077775
0.0,43,1.078918
1.0,58,1.080432
0.0,13,1.080829
1.0,15,1.08127
1.0,38,1.082315
0.0,21,1.082924
0.0,31,1.083774
1.0,44,1.084948
0.0,64,1.086629
1.0,8,1.086909
0.0,50,1.088232
1.0,17,1.088747
0.0,23,1.089403
1.0,17,1.089905
0.0,100,1.092496
1.0,48,1.093773
1.0,20,1.094348
1.0,27,1.095113
1.0,21,1.095717
1.0,11,1.096066
1.0,45,1.097267
0.0,100,1.099839
0.0,11,1.100194
1.0,40,1.101246
1.0,47,1.10251
1.0,43,1.103675
1.0,35,1.104636
1.0,42,1.105753
1.0,51,1.10711
0.0,36,1.108103
0.0,4,1.108276
1.0,32,1.109148
0.0,100,1.111734
0.0,100,1.114288
1.0,36,1.115263
1.0,16,1.11574
0.0,30,1.116573
1.0,56,1.118025
1.0,46,1.119318
1.0,20,1.119911
1.0,15,1.120352
1.0,21,1.120943
1.0,59,1.122473
1.0,47,1.123734
1.0,17,1.124239
1.0,42,1.125395
1.0,18,1.125923
1.0,12,1.126293
1.0,25,1.126996
0.0,18,1.127531
0.0,40,1.128631
0.0,5,1.128837
1.0,67,1.130595
0.0,25,1.13129
1.0,23,1.13197
0.0,25,1.132694
1.0,12,1.133062
1.0,85,1.135263
1.0,15,1.135738
1.0,32,1.13662
1.0,25,1.137318
0.0,20,1.13789
0.0,47,1.139146
0.0,11,1.139515
1.0,85,1.141715
1.0,25,1.142419
1.0,24,1.143078
1.0,16,1.143559
1.0,18,1.144089
0.0,31,1.144951
0.0,100,1.147533
0.0,47,1.148795
1.0,62,1.150423
0.0,48,1.151706
1.0,28,1.152501
1.0,19,1.153046
0.0,19,1.153616
0.0,39,1.154666
1.0,78,1.156684
1.0,20,1.157263
1.0,8,1.15755
0.0,100,1.1601
1.0,49,1.161422
1.0,14,1.161849
1.0,53,1.163246
1.0,45,1.164446
1.0,23,1.165074
0.0,8,1.165349
1.0,55,1.166837
1.0,17,1.167338
1.0,27,1.16811
1.0,21,1.168739
1.0,24,1.169417
1.0,20,1.169976
1.0,28,1.170762
0.0,100,1.173359
1.0,58,1.174903
0.0,100,1.177443
0.0,78,1.17945
0.0,100,1.182015
1.0,48,1.183309
1.0,84,1.1855
1.0,39,1.186545
1.0,9,1.18685
1.0,28,1.187632
1.0,55,1.189063
1.0,53,1.190462
1.0,12,1.190828
1.0,25,1.191531
1.0,14,1.191962
0.0,41,1.193068
1.0,10,1.193399
1.0,63,1.195039
1.0,61,1.196646
1.0,31,1.197502
1.0,24,1.198151
1.0,54,1.199567
0.0,100,1.202148
1.0,22,1.20279
1.0,54,1.204202
1.0,19,1.204753
1.0,17,1.205262
1.0,51,1.206625
1.0,33,1.207534
1.0,23,1.208188
0.0,100,1.210776
1.0,35,1.211741
1.0,22,1.212373
0.0,9,1.212675
1.0,8,1.21295
1.0,41,1.214057
1.0,60,1.215636
0.0,62,1.217267
0.0,8,1.217552
1.0,76,1.219529
0.0,100,1.222148
1.0,24,1.222849
0.0,100,1.22546
1.0,22,1.226082
1.0,8,1.226349
1.0,23,1.226989
1.0,89,1.229276
1.0,65,1.230987
1.0,31,1.231854
1.0,17,1.232349
1.0,41,1.23345
1.0,18,1.233964
0.0,38,1.235021
1.0,38,1.23604
1.0,19,1.236595
1.0,55,1.238023
1.0,15,1.238488
1.0,20,1.239059
1.0,94,1.241514
0.0,12,1.241895
1.0,15,1.242343
1.0,28,1.243123
1.0,18,1.243657
1.0,91,1.24599
1.0,77,1.248003
1.0,27,1.248746
0.0,8,1.24902
0.0,9,1.249321
1.0,51,1.250677
1.0,65,1.252391
1.0,44,1.253569
0.0,39,1.254592
1.0,26,1.255309
1.0,14,1.255738
1.0,25,1.256448
0.0,100,1.259047
1.0,30,1.259871
0.0,77,1.261875
0.0,5,1.262077
1.0,37,1.263091
1.0,6,1.263309
1.0,19,1.263873
1.0,40,1.26494
1.0,30,1.265767
0.0,39,1.266823
1.0,15,1.267261
1.0,58,1.26882
1.0,34,1.269757
0.0,46,1.270983
1.0,48,1.272257
0.0,11,1.272624
1.0,19,1.273181
1.0,26,1.273892
0.0,100,1.276484
1.0,29,1.277271
1.0,28,1.278045
1.0,21,1.278653
0.0,100,1.28121
1.0,14,1.281648
1.0,10,1.281976
1.0,50,1.283296
1.0,17,1.2838
1.0,47,1.285035
1.0,16,1.285521
0.0,100,1.288072
0.0,100,1.290646
0.0,44,1.291843
0.0,13,1.292243
1.0,18,1.292768
1.0,89,1.2951
0.0,12,1.295483
0.0,100,1.298062
0.0,36,1.299051
1.0,7,1.299299
0.0,49,1.300606
0.0,100,1.303185
1.0,76,1.305156
0.0,85,1.307371
0.0,4,1.307551
1.0,49,1.308838
1.0,25,1.309551
0.0,11,1.309894
1.0,54,1.311286
1.0,47,1.31253
1.0,9,1.312826
0.0,21,1.313422
1.0,76,1.315377
1.0,42,1.316507
0.0,49,1.317804
1.0,24,1.318482
1.0,36,1.319458
1.0,24,1.320117
1.0,31,1.320998
1.0,15,1.321447
1.0,28,1.322191
1.0,75,1.324273
1.0,18,1.324813
0.0,19,1.325377
0.0,10,1.325702
0.0,100,1.32823
1.0,20,1.328813
1.0,43,1.329955
1.0,60,1.331528
1.0,28,1.332289
1.0,37,1.333277
0.0,11,1.333634
0.0,29,1.334451
0.0,100,1.337
1.0,32,1.337882
1.0,98,1.340425
1.0,42,1.341557
1.0,48,1.342839
0.0,17,1.343335
1.0,14,1.343759
0.0,100,1.346309
0.0,35,1.347276
1.0,25,1.347981
1.0,70,1.349799
1.0,22,1.350418
1.0,14,1.350829
0.0,10,1.351159
0.0,69,1.352999
1.0,20,1.353594
0.0,9,1.3539
1.0,56,1.355375
0.0,31,1.356214
1.0,34,1.35713
0.0,12,1.357506
0.0,64,1.359159
1.0,71,1.361012
1.0,7,1.361255
0.0,100,1.363803
1.0,13,1.364203
1.0,75,1.366141
0.0,100,1.368742
1.0,81,1.370847
1.0,29,1.371652
0.0,100,1.374224
0.0,36,1.375199
1.0,89,1.377479
1.0,12,1.377845
1.0,30,1.378672
1.0,18,1.379199
1.0,11,1.379563
0.0,100,1.382128
1.0,51,1.383513
1.0,63,1.385152
1.0,35,1.386107
1.0,54,1.387535
1.0,11,1.387876
1.0,44,1.389051
1.0,24,1.389732
0.0,21,1.390312
0.0,100,1.392876
1.0,51,1.394192
1.0,69,1.39599
1.0,7,1.396243
0.0,7,1.396508
1.0,39,1.397553
1.0,25,1.398228
1.0,20,1.398808
1.0,44,1.400005
1.0,19,1.400555
1.0,10,1.400868
1.0,67,1.402616
0.0,13,1.403014
1.0,10,1.403338
1.0,25,1.404034
1.0,31,1.404888
1.0,32,1.405749
1.0,20,1.40632
1.0,14,1.406755
0.0,100,1.409302
1.0,12,1.409677
1.0,82,1.411805
1.0,17,1.412308
1.0,9,1.412613
1.0,42,1.413726
0.0,100,1.416314
1.0,29,1.417131
0.0,30,1.417942
1.0,49,1.419245
0.0,16,1.419727
1.0,88,1.421978
1.0,54,1.4234
1.0,38,1.424428
1.0,10,1.424758
0.0,60,1.426332
1.0,40,1.427401
1.0,26,1.428211
1.0,6,1.42845
0.0,100,1.431034
1.0,58,1.432575
1.0,49,1.433882
1.0,28,1.434661
1.0,37,1.43567
1.0,18,1.436211
1.0,46,1.437469
0.0,14,1.437891
1.0,34,1.438814
1.0,23,1.439471
0.0,6,1.439689
1.0,22,1.44031
1.0,31,1.441157
1.0,35,1.442112
1.0,12,1.442487
1.0,21,1.443076
0.0,100,1.445653
0.0,100,1.448251
1.0,22,1.44889
1.0,53,1.450286
1.0,42,1.451442
1.0,72,1.453321
1.0,47,1.454574
1.0,34,1.455503
0.0,100,1.458113
0.0,100,1.460707
0.0,15,1.461156
1.0,42,1.4623
0.0,6,1.462538
1.0,57,1.464019
1.0,25,1.464758
0.0,46,1.466017
1.0,90,1.468384
0.0,100,1.470998
1.0,27,1.471761
1.0,16,1.472227
0.0,32,1.473096
1.0,13,1.47351
0.0,8,1.473788
0.0,14,1.474212
1.0,17,1.47472
1.0,15,1.475168
1.0,28,1.475946
1.0,72,1.47783
0.0,100,1.480352
1.0,30,1.481182
0.0,15,1.481642
0.0,15,1.48209
1.0,11,1.482443
0.0,100,1.485009
1.0,32,1.485896
1.0,16,1.486399
0.0,34,1.487303
1.0,9,1.487604
1.0,23,1.488252
1.0,18,1.488815
1.0,50,1.490143
1.0,29,1.490943
1.0,71,1.492773
0.0,58,1.494334
1.0,27,1.495086
1.0,39,1.496132
1.0,14,1.496553
1.0,8,1.496826
0.0,34,1.497735
1.0,93,1.500149
1.0,47,1.501422
1.0,9,1.501722
0.0,8,1.501996
0.0,100,1.504533
1.0,34,1.505466
0.0,8,1.505741
0.0,100,1.508287
0.0,43,1.509455
0.0,100,1.511994
1.0,27,1.512744
1.0,78,1.514788
1.0,22,1.515417
1.0,19,1.515969
1.0,49,1.517259
0.0,16,1.517755
1.0,98,1.52024
1.0,37,1.521233
1.0,35,1.522193
1.0,19,1.522743
1.0,23,1.52338
0.0,29,1.524175
1.0,19,1.524716
1.0,37,1.525715
1.0,92,1.52808
1.0,30,1.52891
1.0,32,1.52986
0.0,100,1.532468
1.0,22,1.533094
0.0,45,1.534299
1.0,13,1.534706
0.0,11,1.535053
0.0,100,1.537612
1.0,26,1.538339
1.0,6,1.538565
1.0,44,1.539727
1.0,24,1.540426
1.0,31,1.541256
0.0,100,1.543849
0.0,100,1.546449
0.0,33,1.547346
1.0,35,1.548302
1.0,44,1.549477
1.0,19,1.550019
1.0,55,1.551473
1.0,21,1.552063
1.0,19,1.552619
1.0,20,1.553199
0.0,40,1.554253
1.0,15,1.554702
0.0,13,1.555113
0.0,37,1.556101
1.0,79,1.558139
0.0,8,1.558428
1.0,8,1.55871
0.0,36,1.559696
1.0,70,1.561481
1.0,10,1.561801
1.0,61,1.563369
1.0,27,1.564119
1.0,13,1.564521
1.0,42,1.565647
1.0,25,1.566342
1.0,18,1.566858
1.0,16,1.567327
1.0,12,1.567731
1.0,86,1.569952
1.0,13,1.570368
1.0,83,1.572525
1.0,34,1.573457
1.0,47,1.574685
1.0,30,1.575491
1.0,15,1.575928
0.0,26,1.576648
0.0,21,1.577238
1.0,12,1.577621
1.0,27,1.578373
1.0,73,1.580254
1.0,15,1.580706
1.0,20,1.581273
0.0,100,1.58381
1.0,14,1.584236
1.0,15,1.584679
1.0,60,1.586229
1.0,14,1.586657
1.0,58,1.588164
1.0,24,1.588844
1.0,15,1.589287
1.0,14,1.589711
0.0,9,1.590001
1.0,10,1.590313
1.0,19,1.590858
1.0,38,1.591868
1.0,16,1.592346
1.0,22,1.592964
0.0,10,1.593284
0.0,9,1.593585
1.0,47,1.5948
1.0,33,1.595685
1.0,50,1.597012
1.0,19,1.597572
1.0,10,1.597888
0.0,43,1.599047
1.0,9,1.599341
0.0,100,1.601893
1.0,15,1.602341
0.0,100,1.604901
0.0,20,1.605484
1.0,16,1.605952
1.0,34,1.60686
0.0,39,1.607914
1.0,91,1.610228
1.0,75,1.612174
1.0,84,1.614323
0.0,33,1.615216
1.0,90,1.617517
1.0,28,1.618268
1.0,30,1.61907
1.0,36,1.620039
1.0,17,1.620546
0.0,100,1.623119
1.0,42,1.624229
1.0,37,1.625212
1.0,45,1.626416
1.0,65,1.628101
1.0,40,1.62917
1.0,83,1.631505
1.0,47,1.632769
1.0,42,1.633896
0.0,50,1.63521
1.0,41,1.636323
1.0,12,1.636704
0.0,24,1.637393
1.0,16,1.63787
0.0,61,1.639461
1.0,41,1.640571
1.0,17,1.641071
0.0,13,1.641478
1.0,20,1.642064
1.0,10,1.642405
0.0,7,1.642649
0.0,9,1.642954
0.0,19,1.64351
1.0,15,1.64395
1.0,34,1.64487
1.0,47,1.646111
1.0,94,1.648542
1.0,35,1.649512
1.0,40,1.650557
1.0,20,1.651129
1.0,31,1.651989
1.0,13,1.652394
1.0,36,1.653336
1.0,34,1.65425
1.0,92,1.656649
1.0,15,1.657115
0.0,79,1.659158
1.0,75,1.661104
1.0,40,1.662207
1.0,64,1.66388
0.0,26,1.664628
1.0,34,1.66558
0.0,21,1.666174
1.0,10,1.666516
0.0,100,1.669101
0.0,72,1.670982
0.0,12,1.671353
1.0,11,1.671722
0.0,8,1.672001
0.0,28,1.67279
1.0,12,1.673171
0.0,18,1.673714
1.0,21,1.674297
1.0,31,1.675147
0.0,19,1.675705
0.0,12,1.676084
1.0,16,1.676579
0.0,31,1.677454
1.0,45,1.678654
1.0,27,1.679417
1.0,38,1.680435
0.0,66,1.68214
1.0,91,1.684516
1.0,55,1.685956
1.0,11,1.686299
1.0,18,1.686819
1.0,19,1.687385
0.0,100,1.68996
1.0,17,1.69047
0.0,25,1.691166
0.0,46,1.692395
1.0,12,1.692768
0.0,39,1.693817
1.0,10,1.694141
1.0,56,1.695631
1.0,27,1.696395
0.0,7,1.696645
0.0,69,1.698456
1.0,8,1.698735
0.0,8,1.699002
1.0,7,1.699241
1.0,29,1.700042
0.0,100,1.702638
1.0,14,1.703067
0.0,13,1.703483
1.0,12,1.703853
1.0,51,1.70523
0.0,9,1.705541
1.0,74,1.70751
0.0,52,1.708888
1.0,65,1.710586
1.0,49,1.711905
1.0,14,1.712327
0.0,26,1.713071
0.0,22,1.713718
0.0,14,1.714149
1.0,27,1.714901
0.0,20,1.715487
0.0,100,1.718075
0.0,81,1.720164
1.0,98,1.722671
1.0,27,1.723442
1.0,25,1.724138
1.0,91,1.726506
1.0,8,1.726785
1.0,49,1.728074
0.0,42,1.729201
0.0,7,1.729528
1.0,20,1.730106
1.0,12,1.730497
1.0,32,1.73138
0.0,26,1.732106
0.0,100,1.734698
1.0,16,1.735161
1.0,33,1.736058
1.0,34,1.736982
0.0,15,1.737438
1.0,17,1.737944
1.0,34,1.738874
1.0,40,1.73995
1.0,56,1.74142
1.0,22,1.742042
1.0,97,1.744523
1.0,19,1.745086
1.0,34,1.746005
0.0,7,1.74626
1.0,16,1.746741
1.0,20,1.747301
1.0,83,1.749479
1.0,11,1.749816
0.0,24,1.750489
1.0,21,1.751084
0.0,20,1.751669
0.0,35,1.752621
0.0,69,1.754403
1.0,52,1.755782
1.0,61,1.757418
1.0,93,1.759816
1.0,49,1.761136
1.0,91,1.763486
1.0,28,1.764251
0.0,100,1.766846
0.0,30,1.767689
1.0,33,1.768633
0.0,59,1.770181
1.0,18,1.77071
1.0,44,1.771865
1.0,32,1.772743
1.0,48,1.774027
1.0,6,1.774253
1.0,30,1.775077
0.0,44,1.776244
1.0,9,1.77655
1.0,36,1.777532
1.0,24,1.778204
0.0,52,1.779583
1.0,19,1.780128
0.0,31,1.780978
0.0,22,1.78162
1.0,30,1.782458
0.0,6,1.782682
1.0,48,1.783973
0.0,47,1.785244
0.0,10,1.785574
0.0,51,1.786884
0.0,100,1.789484
1.0,83,1.79163
1.0,83,1.793785
1.0,25,1.794498
1.0,16,1.794971
1.0,17,1.795477
1.0,42,1.796607
1.0,17,1.797097
1.0,27,1.797828
1.0,20,1.798406
1.0,8,1.798672
1.0,43,1.799825
1.0,56,1.801287
1.0,39,1.80233
1.0,11,1.80268
1.0,54,1.804072
1.0,23,1.804734
1.0,11,1.80508
1.0,49,1.806383
1.0,95,1.808819
1.0,21,1.809427
1.0,7,1.809668
1.0,22,1.810289
1.0,71,1.812121
1.0,61,1.813702
1.0,20,1.814272
1.0,13,1.814688
1.0,29,1.815493
1.0,14,1.815914
1.0,30,1.816757
0.0,100,1.819332
1.0,26,1.820063
0.0,100,1.82268
1.0,40,1.823752
1.0,15,1.824195
1.0,16,1.824669
0.0,18,1.825184
1.0,13,1.825598
0.0,70,1.827423
0.0,100,1.830002
1.0,61,1.831688
1.0,11,1.832036
1.0,34,1.832973
1.0,39,1.834018
1.0,30,1.834846
1.0,26,1.835568
1.0,10,1.835883
0.0,29,1.836685
1.0,85,1.838889
0.0,56,1.840358
1.0,97,1.842873
1.0,91,1.845194
0.0,7,1.845461
0.0,33,1.84637
1.0,59,1.847936
1.0,17,1.848451
0.0,87,1.850681
1.0,28,1.851457
1.0,34,1.852391
1.0,27,1.853132
1.0,16,1.853611
1.0,37,1.854617
1.0,26,1.855333
0.0,7,1.855587
1.0,57,1.85707
1.0,41,1.858149
1.0,81,1.860233
0.0,17,1.860739
1.0,6,1.860965
0.0,16,1.861447
0.0,25,1.862131
1.0,26,1.862875
1.0,76,1.864802
1.0,11,1.865139
1.0,6,1.865358
1.0,30,1.866174
0.0,31,1.867023
1.0,22,1.867688
1.0,34,1.868635
1.0,19,1.869186
0.0,100,1.871742
0.0,56,1.873193
1.0,78,1.875228
1.0,30,1.876061
1.0,24,1.876739
0.0,15,1.877175
0.0,32,1.878081
0.0,10,1.878414
1.0,32,1.879276
1.0,34,1.880192
1.0,21,1.880792
1.0,69,1.882581
1.0,46,1.883805
1.0,41,1.884893
1.0,49,1.886198
0.0,5,1.886404
1.0,22,1.887024
1.0,42,1.888138
0.0,71,1.889968
1.0,12,1.890342
1.0,63,1.891966
0.0,22,1.892604
1.0,56,1.894063
1.0,43,1.895193
1.0,36,1.896185
1.0,31,1.897033
1.0,8,1.897304
1.0,22,1.897943
1.0,48,1.899238
1.0,42,1.900371
0.0,18,1.900896
1.0,10,1.901209
1.0,9,1.901518
1.0,55,1.902947
1.0,9,1.903245
1.0,33,1.904145
1.0,37,1.905164
1.0,9,1.90547
1.0,6,1.905686
0.0,14,1.906116
1.0,55,1.907582
1.0,37,1.908593
0.0,11,1.908945
0.0,14,1.909353
0.0,27,1.910101
1.0,22,1.910729
0.0,29,1.911516
1.0,18,1.912034
1.0,9,1.912332
1.0,39,1.913403
0.0,8,1.913678
0.0,29,1.914487
0.0,10,1.91481
1.0,14,1.915226
1.0,30,1.916047
1.0,7,1.916288
1.0,28,1.917058
1.0,7,1.917299
1.0,43,1.918453
1.0,86,1.920676
1.0,21,1.921267
1.0,25,1.921965
1.0,20,1.92254
1.0,9,1.922837
0.0,38,1.923865
1.0,16,1.924339
0.0,7,1.924603
1.0,13,1.92499
1.0,14,1.925425
1.0,17,1.925923
1.0,10,1.926243
1.0,30,1.92706
0.0,48,1.928326
0.0,23,1.92897
1.0,29,1.92979
1.0,19,1.930324
0.0,46,1.93162
1.0,6,1.93185
1.0,11,1.932192
1.0,31,1.933035
0.0,60,1.934644
0.0,40,1.935726
0.0,34,1.936658
0.0,100,1.939198
0.0,47,1.940469
1.0,27,1.941216
1.0,65,1.942913
0.0,38,1.94395
1.0,96,1.946446
0.0,43,1.947606
0.0,41,1.94871
0.0,65,1.95043
0.0,9,1.950729
1.0,55,1.952198
1.0,52,1.953583
1.0,84,1.955753
0.0,59,1.957269
1.0,18,1.957809
1.0,53,1.959201
1.0,25,1.959901
1.0,18,1.960425
1.0,27,1.961164
0.0,10,1.961496
0.0,100,1.964061
1.0,20,1.964646
0.0,22,1.965259
1.0,51,1.966625
0.0,100,1.969225
1.0,30,1.97005
0.0,10,1.970377
1.0,11,1.97072
1.0,31,1.971578
1.0,12,1.971952
1.0,41,1.97306
1.0,21,1.973659
1.0,42,1.974788
1.0,11,1.97513
1.0,91,1.977454
1.0,17,1.977952
0.0,24,1.978624
0.0,44,1.979797
0.0,100,1.982399
1.0,30,1.983227
1.0,29,1.984046
0.0,62,1.985694
1.0,11,1.98604
1.0,16,1.986533
1.0,15,1.986972
0.0,5,1.98717
1.0,12,1.987548
0.0,7,1.9878
1.0,55,1.989258
1.0,8,1.989539
1.0,36,1.990528
1.0,33,1.991429
0.0,43,1.992582
1.0,32,1.993463
0.0,5,1.993664
1.0,20,1.994225
1.0,14,1.994658
0.0,5,1.99485
0.0,9,1.995136
0.0,100,1.99774
0.0,29,1.998547
0.0,7,1.998808
0.0,33,1.999748
0.0,91,2.002131
0.0,39,2.003185
0.0,68,2.004971
1.0,9,2.005277
1.0,32,2.006157
1.0,23,2.00683
1.0,48,2.008119
0.0,12,2.008517
1.0,31,2.009377
1.0,16,2.009853
1.0,6,2.010071
1.0,29,2.01088
1.0,25,2.011585
1.0,25,2.012276
1.0,86,2.014541
0.0,9,2.014851
0.0,78,2.016889
1.0,44,2.018051
0.0,11,2.018411
1.0,14,2.018836
1.0,10,2.01915
0.0,13,2.01956
0.0,44,2.020751
1.0,40,2.021848
1.0,15,2.022302
1.0,33,2.023203
1.0,49,2.024517
0.0,27,2.025264
1.0,63,2.026973
1.0,21,2.027618
1.0,48,2.028883
0.0,100,2.031469
1.0,31,2.032322
0.0,13,2.032818
1.0,36,2.033815
1.0,14,2.034232
1.0,25,2.03493
1.0,11,2.035278
1.0,24,2.03595
1.0,20,2.036539
1.0,10,2.036861
1.0,32,2.037744
0.0,56,2.039231
1.0,45,2.040455
1.0,19,2.041002
1.0,23,2.041683
0.0,100,2.0443
0.0,100,2.046881
0.0,13,2.047272
0.0,19,2.047812
1.0,30,2.048645
1.0,46,2.049874
1.0,8,2.050143
1.0,32,2.051025
1.0,20,2.051597
1.0,99,2.054122
1.0,10,2.054459
0.0,100,2.056987
1.0,19,2.057553
1.0,76,2.05952
1.0,23,2.060177
0.0,20,2.060765
1.0,10,2.061088
1.0,11,2.061436
0.0,19,2.061981
1.0,22,2.062612
0.0,13,2.063
1.0,12,2.06338
1.0,35,2.064323
1.0,11,2.064688
1.0,23,2.065331
1.0,42,2.066463
0.0,6,2.066686
1.0,18,2.067216
1.0,40,2.068292
