#{"t_start": 1522146101.2746165, "env_id": "MyFrozenLake-v0"}
r,l,t
0.0,2,0.007739
0.0,1,0.007844
0.0,12,0.008214
0.0,3,0.008349
0.0,20,0.008854
0.0,3,0.008994
0.0,7,0.009223
0.0,9,0.009496
0.0,11,0.009818
0.0,4,0.009984
0.0,23,0.010575
0.0,30,0.011335
0.0,44,0.012433
0.0,9,0.012697
0.0,9,0.012971
0.0,7,0.013195
0.0,14,0.013583
1.0,46,0.01468
0.0,21,0.015216
0.0,1,0.015302
1.0,96,0.017557
0.0,82,0.019479
0.0,15,0.019888
0.0,26,0.020543
0.0,32,0.021359
0.0,1,0.021447
0.0,33,0.022273
0.0,18,0.022754
0.0,7,0.02299
1.0,49,0.024179
0.0,3,0.024317
0.0,1,0.024402
0.0,12,0.024755
0.0,18,0.025249
0.0,45,0.026338
0.0,29,0.027085
0.0,37,0.02801
1.0,32,0.028803
0.0,30,0.029569
0.0,27,0.030266
0.0,19,0.030753
0.0,15,0.031164
0.0,36,0.032066
1.0,39,0.033025
1.0,35,0.033884
1.0,23,0.034487
1.0,23,0.035085
0.0,56,0.03644
1.0,53,0.037724
1.0,48,0.038887
1.0,25,0.039526
0.0,10,0.039823
0.0,11,0.040153
0.0,100,0.042492
1.0,10,0.042787
0.0,2,0.042904
0.0,10,0.043206
0.0,24,0.043807
0.0,18,0.044287
1.0,33,0.045106
0.0,13,0.045455
0.0,18,0.045938
1.0,34,0.046763
0.0,42,0.047776
0.0,10,0.048086
0.0,100,0.050458
1.0,85,0.052464
1.0,22,0.053033
0.0,12,0.053381
0.0,38,0.054322
1.0,13,0.054682
1.0,27,0.055389
0.0,8,0.055642
0.0,22,0.05622
1.0,32,0.057021
0.0,14,0.05741
0.0,48,0.058568
0.0,20,0.059115
0.0,29,0.059824
0.0,11,0.060139
0.0,69,0.061775
0.0,100,0.064152
0.0,24,0.064771
0.0,8,0.065025
0.0,26,0.065675
0.0,2,0.065786
0.0,4,0.065948
0.0,28,0.066645
1.0,9,0.06693
0.0,42,0.067966
0.0,9,0.068241
0.0,53,0.069535
0.0,6,0.069734
0.0,10,0.070048
0.0,22,0.07061
1.0,12,0.070959
0.0,1,0.071046
0.0,23,0.071626
0.0,1,0.071711
0.0,1,0.071796
1.0,25,0.07243
0.0,3,0.072558
0.0,23,0.073146
0.0,4,0.0733
0.0,38,0.074242
0.0,35,0.075125
0.0,8,0.075367
0.0,8,0.075607
0.0,31,0.076376
1.0,29,0.077101
1.0,19,0.077597
0.0,15,0.078001
1.0,55,0.079311
1.0,19,0.079811
0.0,2,0.079925
1.0,22,0.080497
0.0,1,0.080577
1.0,28,0.081268
0.0,4,0.081425
0.0,12,0.081772
0.0,5,0.081956
1.0,8,0.082208
1.0,36,0.083091
1.0,12,0.083428
0.0,18,0.083924
0.0,58,0.085311
1.0,24,0.085924
0.0,1,0.08601
0.0,19,0.086531
0.0,11,0.086837
0.0,5,0.087017
1.0,12,0.087346
1.0,19,0.087852
1.0,43,0.089083
0.0,8,0.089328
0.0,3,0.089462
1.0,50,0.090656
0.0,4,0.090821
1.0,29,0.091554
0.0,6,0.091758
0.0,14,0.092158
0.0,7,0.092377
1.0,11,0.092694
1.0,64,0.094212
0.0,48,0.095385
0.0,30,0.096139
0.0,15,0.096544
1.0,24,0.097169
0.0,1,0.09725
1.0,18,0.097717
1.0,17,0.098179
0.0,25,0.098809
0.0,13,0.099185
1.0,11,0.099495
0.0,11,0.09981
0.0,1,0.09989
0.0,17,0.100346
0.0,8,0.100599
1.0,13,0.100988
0.0,12,0.101333
0.0,9,0.101609
0.0,11,0.101933
1.0,26,0.102606
0.0,2,0.102712
1.0,38,0.103639
0.0,2,0.103745
1.0,57,0.105122
1.0,44,0.106182
1.0,14,0.106567
1.0,8,0.106807
1.0,9,0.107087
0.0,48,0.10824
0.0,8,0.108565
0.0,46,0.109707
0.0,27,0.110404
0.0,3,0.110541
0.0,58,0.111936
0.0,6,0.112133
0.0,26,0.112773
0.0,3,0.112916
0.0,1,0.113003
0.0,40,0.113992
0.0,8,0.114239
0.0,30,0.115002
0.0,4,0.11516
0.0,2,0.115275
0.0,4,0.115436
0.0,7,0.115653
1.0,67,0.117228
0.0,5,0.117402
0.0,54,0.118709
1.0,32,0.119518
1.0,14,0.119907
0.0,3,0.120042
1.0,37,0.120955
0.0,1,0.121039
0.0,17,0.121486
0.0,27,0.122193
0.0,54,0.12349
0.0,42,0.124497
0.0,50,0.125721
0.0,12,0.12606
1.0,28,0.126749
0.0,13,0.127122
0.0,6,0.127321
1.0,13,0.127671
0.0,26,0.128335
0.0,5,0.12851
1.0,26,0.129156
1.0,39,0.130096
0.0,9,0.130366
0.0,21,0.130909
1.0,77,0.132711
0.0,61,0.134196
1.0,33,0.135006
1.0,32,0.135804
0.0,30,0.136559
0.0,6,0.136768
0.0,7,0.136996
0.0,28,0.137691
0.0,4,0.137849
1.0,67,0.139445
0.0,14,0.139829
0.0,5,0.140017
0.0,30,0.140766
0.0,20,0.141378
0.0,18,0.141848
0.0,5,0.142037
0.0,25,0.14266
0.0,50,0.143854
1.0,99,0.146205
0.0,33,0.147066
1.0,15,0.147484
0.0,100,0.149824
1.0,11,0.15016
0.0,5,0.150344
0.0,3,0.150474
0.0,17,0.150942
0.0,1,0.151023
0.0,6,0.151229
0.0,1,0.151314
0.0,5,0.151487
0.0,5,0.151661
1.0,12,0.152023
1.0,31,0.152786
0.0,7,0.153019
0.0,13,0.153389
0.0,22,0.153959
0.0,22,0.154531
0.0,20,0.155082
0.0,8,0.155333
0.0,23,0.155926
0.0,30,0.156669
1.0,42,0.157708
0.0,21,0.158268
0.0,25,0.15891
0.0,42,0.159959
1.0,35,0.160824
0.0,8,0.161078
1.0,29,0.161797
1.0,16,0.162223
1.0,43,0.163266
0.0,10,0.163574
0.0,11,0.163891
0.0,16,0.164325
0.0,2,0.164436
1.0,59,0.165839
1.0,20,0.16638
1.0,37,0.167291
0.0,3,0.167421
0.0,11,0.167739
0.0,4,0.16791
0.0,6,0.16811
0.0,37,0.169008
1.0,21,0.169538
0.0,20,0.17007
0.0,8,0.170324
0.0,1,0.170404
0.0,33,0.171236
0.0,9,0.171509
0.0,39,0.172463
0.0,5,0.172647
0.0,17,0.173119
1.0,31,0.173867
0.0,82,0.175835
0.0,5,0.176029
1.0,24,0.176636
0.0,7,0.176854
1.0,24,0.1775
1.0,8,0.177744
1.0,11,0.178072
0.0,1,0.178152
0.0,17,0.178616
1.0,15,0.179058
0.0,19,0.17955
1.0,12,0.179912
0.0,8,0.180179
0.0,59,0.181607
1.0,13,0.181982
1.0,17,0.182422
0.0,30,0.183213
1.0,14,0.183596
0.0,59,0.185018
0.0,8,0.185261
1.0,15,0.18567
0.0,1,0.185755
0.0,20,0.186284
0.0,7,0.186508
1.0,13,0.186854
0.0,1,0.186946
0.0,44,0.188002
0.0,12,0.188347
0.0,7,0.188566
0.0,19,0.189081
0.0,22,0.189645
0.0,13,0.190018
0.0,5,0.190194
1.0,24,0.190824
1.0,6,0.191064
0.0,1,0.191145
0.0,25,0.1918
1.0,79,0.193707
1.0,23,0.194307
0.0,16,0.194746
0.0,10,0.195075
0.0,4,0.195233
0.0,99,0.197693
1.0,31,0.198459
0.0,8,0.198705
1.0,18,0.199195
0.0,25,0.19983
0.0,12,0.200173
0.0,2,0.200278
1.0,26,0.200927
0.0,16,0.201342
0.0,51,0.20258
0.0,5,0.202764
0.0,12,0.20312
0.0,21,0.20368
0.0,12,0.204035
1.0,21,0.204575
1.0,36,0.205471
0.0,13,0.205836
0.0,28,0.206543
0.0,3,0.206679
0.0,3,0.206815
0.0,13,0.207178
0.0,46,0.208313
1.0,20,0.208888
0.0,5,0.209082
1.0,11,0.209412
0.0,27,0.210094
0.0,3,0.210231
1.0,65,0.211766
0.0,9,0.212052
0.0,2,0.212169
1.0,28,0.212863
0.0,10,0.213156
0.0,30,0.2139
1.0,11,0.214213
0.0,10,0.214506
1.0,32,0.215312
0.0,24,0.215923
0.0,19,0.216415
1.0,15,0.216815
0.0,3,0.216959
0.0,6,0.217176
1.0,10,0.217464
1.0,42,0.218473
1.0,14,0.218851
0.0,74,0.220609
0.0,6,0.220809
0.0,88,0.222871
1.0,6,0.223089
0.0,15,0.223497
0.0,27,0.224204
0.0,1,0.224286
0.0,8,0.224535
0.0,5,0.224713
1.0,47,0.225859
0.0,25,0.226495
1.0,8,0.226736
1.0,12,0.227084
0.0,19,0.227583
0.0,9,0.227861
0.0,1,0.227954
1.0,37,0.228858
0.0,1,0.228946
0.0,5,0.229128
1.0,17,0.229582
1.0,30,0.23034
0.0,3,0.23047
0.0,4,0.230619
1.0,19,0.231125
0.0,18,0.231605
1.0,12,0.231952
0.0,11,0.232266
1.0,22,0.232836
1.0,19,0.233323
0.0,5,0.233509
1.0,30,0.234256
0.0,1,0.234341
0.0,17,0.234802
0.0,4,0.234965
1.0,17,0.235413
0.0,1,0.235497
0.0,4,0.23566
1.0,21,0.236211
0.0,27,0.236899
0.0,18,0.237381
0.0,12,0.237719
0.0,62,0.239205
0.0,5,0.23939
0.0,26,0.240051
1.0,99,0.242349
0.0,19,0.242855
0.0,5,0.243043
1.0,18,0.243517
0.0,3,0.243656
1.0,73,0.245379
1.0,32,0.246169
1.0,7,0.246385
0.0,10,0.246668
1.0,30,0.247418
0.0,29,0.248164
0.0,13,0.248528
1.0,52,0.249798
0.0,72,0.25151
1.0,16,0.25196
0.0,8,0.252207
1.0,17,0.252646
0.0,32,0.253452
0.0,40,0.254436
0.0,5,0.254617
0.0,4,0.254767
1.0,42,0.255811
0.0,10,0.256116
0.0,29,0.256847
0.0,11,0.257162
0.0,65,0.258711
0.0,1,0.258794
0.0,14,0.259196
1.0,31,0.25996
1.0,30,0.260703
0.0,3,0.260836
0.0,19,0.261343
0.0,5,0.26152
1.0,26,0.262187
0.0,37,0.263084
0.0,49,0.264278
0.0,12,0.264622
0.0,41,0.26561
0.0,5,0.265786
0.0,1,0.265872
0.0,14,0.266259
1.0,24,0.266874
1.0,19,0.26736
0.0,28,0.268078
1.0,22,0.268626
1.0,9,0.268888
0.0,13,0.269277
1.0,18,0.269753
0.0,5,0.269935
0.0,5,0.270114
1.0,21,0.270648
1.0,30,0.271395
1.0,38,0.27234
0.0,34,0.273221
0.0,13,0.273585
1.0,15,0.27399
0.0,6,0.274193
1.0,30,0.274946
0.0,52,0.276201
1.0,20,0.276724
0.0,5,0.276912
0.0,28,0.277621
1.0,24,0.278251
1.0,20,0.278754
0.0,5,0.278942
1.0,14,0.279318
1.0,64,0.280807
0.0,11,0.281137
1.0,34,0.281986
0.0,37,0.282916
0.0,37,0.283844
0.0,17,0.284307
0.0,2,0.284414
0.0,10,0.284706
1.0,17,0.285158
1.0,33,0.28602
0.0,6,0.286229
1.0,46,0.287354
1.0,7,0.28759
0.0,7,0.287809
1.0,6,0.288023
1.0,20,0.288538
0.0,1,0.288618
0.0,62,0.290102
1.0,15,0.290515
1.0,9,0.290785
0.0,7,0.291023
0.0,17,0.291499
1.0,33,0.292341
0.0,2,0.292454
1.0,37,0.293378
0.0,16,0.293804
0.0,10,0.294108
0.0,25,0.294738
0.0,37,0.295676
1.0,8,0.295939
0.0,100,0.298254
1.0,17,0.298713
0.0,14,0.299105
1.0,84,0.301136
0.0,1,0.301224
0.0,54,0.302521
0.0,40,0.303501
0.0,2,0.303609
0.0,7,0.303844
0.0,100,0.306207
0.0,9,0.306485
0.0,12,0.30682
0.0,4,0.307015
0.0,7,0.307235
0.0,16,0.307661
0.0,20,0.308202
0.0,23,0.308781
0.0,22,0.30944
0.0,7,0.309671
1.0,35,0.31058
1.0,46,0.31169
0.0,12,0.312046
0.0,5,0.312228
1.0,6,0.312439
0.0,10,0.312732
0.0,30,0.313492
1.0,16,0.313937
1.0,24,0.314553
0.0,17,0.31502
0.0,13,0.315414
0.0,3,0.315545
0.0,7,0.315772
1.0,12,0.316111
1.0,18,0.316586
0.0,4,0.316737
1.0,13,0.3171
1.0,21,0.317644
0.0,40,0.318618
0.0,61,0.320088
1.0,71,0.321794
0.0,68,0.323467
0.0,1,0.323551
0.0,38,0.324486
0.0,13,0.32484
0.0,13,0.325197
1.0,28,0.325904
0.0,9,0.326175
0.0,20,0.326704
1.0,100,0.329059
1.0,31,0.329829
0.0,8,0.33009
1.0,24,0.330715
0.0,24,0.331339
1.0,39,0.332315
1.0,30,0.333045
1.0,28,0.333755
0.0,19,0.334252
1.0,19,0.334751
0.0,5,0.334936
1.0,23,0.335521
0.0,5,0.335695
0.0,4,0.335853
0.0,14,0.336246
0.0,45,0.337327
0.0,19,0.337827
0.0,57,0.33919
0.0,1,0.339277
0.0,5,0.339459
0.0,3,0.339594
0.0,1,0.339672
1.0,11,0.34
0.0,9,0.340274
1.0,22,0.340834
1.0,27,0.341528
1.0,17,0.341975
0.0,31,0.342757
1.0,30,0.343508
0.0,24,0.344131
1.0,13,0.344485
1.0,16,0.344903
1.0,11,0.345207
1.0,6,0.345414
1.0,10,0.345696
1.0,16,0.346143
1.0,17,0.346584
0.0,14,0.346982
1.0,27,0.347658
1.0,7,0.347881
0.0,14,0.348274
0.0,7,0.348502
0.0,13,0.348865
0.0,1,0.348957
0.0,9,0.349233
0.0,23,0.349829
0.0,39,0.350791
1.0,11,0.351126
0.0,11,0.351453
0.0,10,0.351744
0.0,10,0.352036
1.0,21,0.352578
0.0,5,0.352757
1.0,11,0.353084
0.0,5,0.353266
0.0,20,0.353795
0.0,16,0.354235
1.0,16,0.354667
0.0,36,0.355576
1.0,30,0.356336
0.0,6,0.356539
0.0,27,0.357231
0.0,8,0.35749
0.0,20,0.358027
1.0,37,0.358912
0.0,20,0.359438
0.0,2,0.359551
0.0,1,0.359631
1.0,17,0.360092
0.0,37,0.361036
1.0,8,0.361285
0.0,17,0.361744
0.0,8,0.362004
0.0,19,0.362501
0.0,3,0.362628
0.0,88,0.364666
0.0,17,0.365135
0.0,6,0.36535
0.0,11,0.365664
0.0,71,0.367364
0.0,51,0.368604
0.0,4,0.368755
0.0,8,0.369014
0.0,10,0.369298
0.0,8,0.369537
0.0,2,0.369653
0.0,18,0.370145
1.0,21,0.370688
1.0,63,0.37221
0.0,22,0.372785
0.0,53,0.37406
0.0,5,0.374245
0.0,6,0.374442
0.0,15,0.374849
0.0,34,0.375684
0.0,53,0.376961
0.0,19,0.377469
0.0,8,0.377726
0.0,25,0.378373
0.0,7,0.378602
1.0,11,0.378922
0.0,48,0.380105
0.0,17,0.380558
0.0,28,0.381254
0.0,19,0.38175
0.0,7,0.381978
0.0,16,0.38241
0.0,34,0.383267
0.0,9,0.383538
1.0,41,0.384522
1.0,17,0.384991
0.0,14,0.385373
0.0,5,0.385545
0.0,4,0.385695
1.0,55,0.387013
1.0,22,0.387575
0.0,1,0.38766
0.0,9,0.387948
0.0,25,0.388572
0.0,7,0.388789
0.0,5,0.388976
1.0,33,0.389788
1.0,20,0.390318
0.0,20,0.390842
0.0,100,0.393226
0.0,8,0.393469
0.0,16,0.393888
0.0,1,0.393983
0.0,71,0.395644
0.0,6,0.395844
0.0,13,0.396217
0.0,38,0.397139
0.0,8,0.397389
0.0,22,0.397963
0.0,33,0.398772
1.0,15,0.399179
1.0,46,0.40027
0.0,43,0.401317
0.0,2,0.401425
0.0,57,0.402772
0.0,6,0.402996
0.0,9,0.403259
0.0,3,0.403388
1.0,71,0.405093
1.0,18,0.405589
0.0,54,0.406888
1.0,25,0.407526
1.0,40,0.4085
0.0,15,0.408908
0.0,35,0.409836
1.0,8,0.410091
0.0,59,0.411495
0.0,31,0.412295
0.0,28,0.413015
0.0,7,0.413244
0.0,30,0.413994
0.0,18,0.414481
0.0,2,0.414588
0.0,33,0.4154
1.0,24,0.416034
0.0,6,0.416238
0.0,35,0.417109
0.0,60,0.418523
1.0,52,0.419776
0.0,34,0.420629
0.0,40,0.421608
0.0,4,0.421766
0.0,40,0.422735
0.0,100,0.425075
0.0,42,0.426109
0.0,3,0.426245
0.0,27,0.426932
1.0,15,0.427329
0.0,5,0.427509
1.0,25,0.428154
0.0,3,0.428283
1.0,18,0.42877
1.0,18,0.429246
0.0,20,0.42976
1.0,8,0.430022
0.0,4,0.430172
0.0,35,0.431055
1.0,14,0.431435
0.0,4,0.431592
0.0,9,0.431853
0.0,29,0.432574
0.0,23,0.433172
1.0,83,0.435122
0.0,15,0.435524
1.0,18,0.436003
0.0,1,0.436088
1.0,43,0.437149
0.0,20,0.43768
0.0,1,0.43776
1.0,29,0.438473
0.0,20,0.438994
1.0,35,0.439834
1.0,53,0.441114
1.0,10,0.441406
1.0,61,0.442865
0.0,91,0.444965
0.0,1,0.445054
0.0,8,0.445301
1.0,29,0.446044
1.0,17,0.446507
0.0,28,0.447238
0.0,25,0.447852
1.0,42,0.448875
1.0,14,0.449267
0.0,13,0.449611
0.0,17,0.450064
0.0,3,0.450207
1.0,14,0.450578
0.0,2,0.450687
0.0,77,0.452526
0.0,7,0.452751
0.0,6,0.452959
1.0,20,0.453471
0.0,1,0.453555
0.0,4,0.453717
1.0,32,0.454513
0.0,18,0.454993
1.0,30,0.455733
0.0,25,0.456362
1.0,12,0.456695
0.0,34,0.457543
1.0,33,0.458371
1.0,25,0.459016
1.0,35,0.459854
0.0,9,0.460121
1.0,40,0.461075
0.0,34,0.461913
0.0,32,0.462709
0.0,1,0.462788
0.0,57,0.464188
1.0,41,0.465178
0.0,1,0.465264
1.0,89,0.467355
0.0,13,0.467712
0.0,16,0.468156
0.0,1,0.468243
0.0,5,0.468417
0.0,11,0.468737
0.0,15,0.469141
0.0,24,0.469784
0.0,1,0.469863
1.0,42,0.47089
0.0,19,0.471401
0.0,13,0.471767
0.0,12,0.472118
0.0,30,0.472864
0.0,2,0.472979
0.0,1,0.473058
0.0,21,0.473608
0.0,19,0.474105
1.0,18,0.474567
1.0,16,0.475003
1.0,71,0.47667
0.0,12,0.47702
1.0,12,0.477349
0.0,9,0.477613
1.0,33,0.478447
1.0,16,0.478884
0.0,4,0.479053
0.0,10,0.479357
1.0,21,0.479904
0.0,5,0.480079
0.0,25,0.480707
0.0,16,0.481135
0.0,47,0.48226
1.0,15,0.482658
0.0,58,0.484042
1.0,60,0.485468
0.0,18,0.485949
0.0,15,0.486352
0.0,27,0.487036
0.0,25,0.487673
0.0,1,0.487753
0.0,10,0.488061
0.0,4,0.488225
1.0,24,0.488825
1.0,18,0.489311
0.0,8,0.489548
0.0,12,0.489879
0.0,44,0.490965
1.0,19,0.491457
1.0,38,0.492392
0.0,12,0.49274
0.0,26,0.493424
0.0,3,0.493562
0.0,43,0.4946
1.0,30,0.495374
0.0,7,0.495609
0.0,2,0.49572
0.0,40,0.496684
0.0,5,0.496866
0.0,5,0.497047
0.0,4,0.497199
0.0,10,0.497482
0.0,73,0.499227
0.0,4,0.499381
1.0,21,0.499941
1.0,32,0.500715
0.0,21,0.501274
0.0,7,0.501494
0.0,7,0.501711
1.0,28,0.502419
0.0,6,0.50262
0.0,7,0.502851
0.0,4,0.503026
0.0,12,0.503377
0.0,31,0.50415
0.0,8,0.504386
0.0,8,0.50462
1.0,36,0.5055
1.0,25,0.50613
1.0,49,0.507303
0.0,16,0.507751
0.0,4,0.507919
0.0,13,0.508267
1.0,47,0.509421
0.0,7,0.509712
0.0,12,0.510075
1.0,11,0.51039
1.0,17,0.510833
0.0,17,0.511296
0.0,51,0.512538
0.0,46,0.513645
1.0,19,0.514167
0.0,1,0.514248
0.0,8,0.514488
1.0,25,0.515128
0.0,11,0.515433
0.0,70,0.517095
0.0,21,0.517635
0.0,4,0.517792
0.0,16,0.518227
0.0,21,0.518776
0.0,13,0.519137
0.0,48,0.520278
0.0,22,0.520835
1.0,13,0.521204
0.0,7,0.521428
0.0,5,0.521602
1.0,68,0.523213
0.0,1,0.5233
0.0,3,0.523435
0.0,91,0.525592
0.0,4,0.525752
0.0,16,0.526198
0.0,5,0.526373
0.0,14,0.526769
0.0,15,0.527191
0.0,15,0.527586
0.0,9,0.527869
0.0,36,0.528755
0.0,2,0.528862
0.0,20,0.529392
1.0,72,0.53114
0.0,30,0.531891
1.0,11,0.532208
0.0,16,0.53262
0.0,18,0.533104
0.0,6,0.533313
1.0,10,0.533597
0.0,1,0.53368
1.0,27,0.534367
0.0,17,0.534825
0.0,4,0.534985
0.0,17,0.535438
0.0,18,0.535918
0.0,68,0.537558
0.0,36,0.538449
1.0,20,0.538978
1.0,13,0.539341
0.0,28,0.540064
1.0,13,0.540423
1.0,10,0.540722
0.0,13,0.541102
0.0,3,0.541231
0.0,14,0.541601
1.0,83,0.54355
0.0,13,0.543921
0.0,34,0.544757
0.0,5,0.544942
0.0,22,0.545503
0.0,63,0.546973
0.0,19,0.547473
1.0,15,0.547871
0.0,11,0.548183
0.0,6,0.548387
1.0,64,0.549917
1.0,31,0.550662
0.0,45,0.551782
0.0,7,0.552013
0.0,41,0.553012
0.0,36,0.553884
1.0,52,0.555133
0.0,10,0.555418
0.0,19,0.555931
0.0,33,0.556735
0.0,6,0.556947
0.0,47,0.558096
0.0,10,0.558391
0.0,21,0.558946
0.0,8,0.559188
0.0,11,0.559508
0.0,15,0.559915
0.0,16,0.560346
1.0,12,0.560683
0.0,5,0.56086
0.0,31,0.561621
0.0,33,0.562436
1.0,75,0.564203
1.0,23,0.564805
0.0,12,0.56515
0.0,16,0.565567
0.0,38,0.566499
1.0,15,0.566907
0.0,6,0.567102
0.0,8,0.56734
1.0,16,0.567764
0.0,35,0.568612
1.0,19,0.569116
0.0,55,0.570438
0.0,46,0.571576
1.0,20,0.572107
0.0,6,0.572303
0.0,30,0.57306
0.0,3,0.57319
0.0,29,0.573917
0.0,5,0.574105
1.0,27,0.574788
1.0,51,0.576049
1.0,19,0.57654
1.0,37,0.577453
0.0,18,0.577945
0.0,12,0.57829
0.0,2,0.578395
0.0,13,0.578757
1.0,27,0.579471
0.0,4,0.579653
1.0,21,0.580201
1.0,19,0.580685
0.0,5,0.580869
0.0,98,0.583163
1.0,24,0.583769
0.0,23,0.584361
0.0,15,0.584773
0.0,23,0.585366
0.0,35,0.586226
0.0,17,0.586667
0.0,42,0.587718
1.0,18,0.588214
0.0,27,0.588886
0.0,23,0.589652
0.0,9,0.589935
0.0,54,0.591225
0.0,14,0.591637
0.0,2,0.591747
0.0,11,0.592076
0.0,15,0.592494
0.0,7,0.59271
0.0,15,0.593126
0.0,13,0.593481
0.0,5,0.593652
0.0,39,0.594597
1.0,38,0.595516
0.0,75,0.597302
0.0,4,0.597456
1.0,18,0.597934
0.0,17,0.598393
0.0,26,0.599093
0.0,40,0.600077
0.0,31,0.600877
0.0,1,0.600973
0.0,25,0.601596
0.0,9,0.601864
0.0,3,0.602007
0.0,8,0.602266
0.0,25,0.602902
0.0,2,0.603016
0.0,13,0.603364
1.0,12,0.60369
1.0,30,0.604448
0.0,32,0.605252
0.0,11,0.605571
0.0,17,0.606037
0.0,1,0.606124
0.0,1,0.606205
1.0,33,0.607037
0.0,25,0.607658
0.0,11,0.607978
1.0,6,0.608175
0.0,20,0.608684
0.0,17,0.609143
0.0,19,0.609642
0.0,9,0.610014
0.0,22,0.610579
0.0,31,0.611364
0.0,45,0.612453
1.0,74,0.614222
0.0,2,0.61433
0.0,15,0.614734
0.0,20,0.615261
1.0,6,0.615466
0.0,24,0.616079
0.0,20,0.616595
1.0,36,0.617482
0.0,13,0.617838
0.0,11,0.61817
1.0,26,0.618827
0.0,4,0.619021
0.0,3,0.619158
0.0,21,0.619688
0.0,3,0.619826
0.0,25,0.62046
0.0,13,0.62081
0.0,3,0.620955
0.0,8,0.621203
1.0,17,0.621656
0.0,27,0.622352
1.0,13,0.622712
1.0,15,0.623137
1.0,13,0.623503
1.0,27,0.624176
0.0,21,0.624711
0.0,23,0.625314
0.0,2,0.625426
1.0,11,0.625744
1.0,41,0.626736
0.0,22,0.627315
1.0,14,0.627704
1.0,21,0.628254
0.0,1,0.628338
0.0,5,0.628512
0.0,17,0.628989
1.0,18,0.629454
0.0,23,0.63004
0.0,39,0.630996
0.0,16,0.631423
1.0,52,0.632658
0.0,4,0.632809
0.0,7,0.633051
0.0,38,0.633988
1.0,13,0.634339
0.0,8,0.634582
0.0,6,0.634775
0.0,16,0.635267
0.0,3,0.635404
1.0,36,0.636287
0.0,42,0.637314
0.0,30,0.638052
1.0,67,0.639645
1.0,14,0.640036
0.0,8,0.640283
0.0,4,0.640447
1.0,36,0.641339
0.0,10,0.641632
0.0,4,0.641788
1.0,16,0.642234
0.0,1,0.642313
1.0,21,0.642862
0.0,9,0.643136
0.0,7,0.643361
1.0,29,0.644108
0.0,12,0.644451
1.0,34,0.645318
1.0,20,0.645861
0.0,13,0.64624
0.0,11,0.646552
0.0,9,0.646813
1.0,14,0.6472
0.0,20,0.647722
1.0,9,0.647998
0.0,57,0.649354
1.0,28,0.650056
1.0,21,0.650579
0.0,10,0.650868
1.0,10,0.651178
1.0,23,0.65176
0.0,2,0.651864
0.0,4,0.652023
1.0,21,0.652554
1.0,8,0.65279
0.0,2,0.652907
0.0,100,0.655267
0.0,50,0.656484
0.0,5,0.656665
0.0,5,0.656837
0.0,10,0.657137
0.0,3,0.657277
0.0,5,0.657459
0.0,34,0.658303
0.0,39,0.659287
0.0,5,0.659462
1.0,33,0.660293
0.0,16,0.660725
0.0,3,0.660858
0.0,9,0.661146
0.0,8,0.661403
0.0,3,0.661537
0.0,19,0.662034
0.0,56,0.663383
0.0,5,0.663565
0.0,26,0.664232
1.0,15,0.664639
0.0,1,0.664718
0.0,3,0.664851
0.0,10,0.665158
1.0,45,0.666233
0.0,7,0.666459
1.0,46,0.667562
0.0,10,0.667861
1.0,38,0.668831
0.0,17,0.669278
1.0,24,0.669882
0.0,16,0.670305
1.0,20,0.670823
1.0,14,0.671222
0.0,61,0.672674
0.0,36,0.673601
0.0,17,0.674066
0.0,6,0.674272
0.0,43,0.675314
0.0,11,0.675632
0.0,7,0.675847
1.0,21,0.676402
0.0,68,0.677992
0.0,2,0.678105
0.0,14,0.678487
0.0,18,0.678973
1.0,31,0.679725
1.0,16,0.680163
0.0,3,0.680298
0.0,4,0.680462
0.0,14,0.680849
1.0,31,0.681628
0.0,4,0.681779
0.0,4,0.681947
1.0,31,0.682733
0.0,5,0.682921
1.0,43,0.683978
1.0,58,0.685362
0.0,17,0.685813
0.0,3,0.685956
0.0,14,0.686329
0.0,30,0.687081
1.0,17,0.687527
1.0,36,0.688433
1.0,12,0.688769
0.0,5,0.688986
0.0,8,0.689254
1.0,32,0.690045
1.0,33,0.690856
0.0,14,0.69125
1.0,6,0.691471
0.0,43,0.692526
0.0,9,0.692802
0.0,22,0.693357
0.0,2,0.693469
0.0,5,0.693649
1.0,38,0.694566
1.0,63,0.69613
0.0,42,0.697159
0.0,8,0.697407
0.0,4,0.697559
0.0,1,0.697644
1.0,6,0.697841
0.0,29,0.698555
0.0,23,0.699147
0.0,7,0.699384
1.0,12,0.699726
0.0,7,0.700014
0.0,1,0.700103
0.0,14,0.700487
1.0,9,0.700759
0.0,24,0.701395
1.0,32,0.702211
0.0,14,0.702601
0.0,22,0.703187
1.0,53,0.704466
1.0,24,0.705084
1.0,32,0.705873
0.0,89,0.707986
0.0,12,0.70833
0.0,21,0.70887
1.0,15,0.709287
1.0,22,0.709856
1.0,17,0.710385
0.0,17,0.710845
1.0,64,0.712377
1.0,13,0.71273
1.0,13,0.713094
0.0,7,0.713312
0.0,32,0.714136
0.0,2,0.714244
1.0,22,0.714811
0.0,40,0.715796
1.0,29,0.716516
0.0,17,0.716972
0.0,13,0.717338
0.0,2,0.717448
1.0,14,0.717823
1.0,23,0.718418
1.0,49,0.719605
1.0,24,0.720228
0.0,14,0.720607
1.0,17,0.721065
0.0,40,0.722039
1.0,28,0.722754
0.0,17,0.723221
0.0,3,0.72335
0.0,17,0.723789
0.0,6,0.723999
1.0,6,0.724198
0.0,21,0.724734
0.0,4,0.724904
1.0,20,0.725432
1.0,18,0.725915
0.0,23,0.726506
0.0,1,0.726585
0.0,77,0.728396
0.0,12,0.728737
1.0,38,0.729681
0.0,4,0.729844
1.0,22,0.73044
0.0,34,0.731286
0.0,13,0.731666
0.0,55,0.733001
1.0,29,0.733721
0.0,32,0.734518
0.0,15,0.734937
1.0,38,0.735869
0.0,11,0.736197
1.0,18,0.736689
1.0,13,0.73705
1.0,19,0.737546
1.0,45,0.738646
0.0,10,0.73895
1.0,21,0.739486
0.0,2,0.739597
0.0,19,0.740101
1.0,25,0.740726
0.0,19,0.741221
1.0,43,0.742277
0.0,18,0.742738
0.0,10,0.743041
0.0,14,0.743415
0.0,22,0.743988
0.0,18,0.74446
0.0,4,0.744621
0.0,24,0.745239
0.0,7,0.745473
0.0,9,0.745748
0.0,8,0.746013
0.0,1,0.746094
0.0,7,0.746318
1.0,34,0.747165
1.0,36,0.748073
1.0,25,0.748709
0.0,29,0.74944
0.0,1,0.749527
1.0,38,0.750457
0.0,6,0.750661
0.0,38,0.751622
0.0,8,0.751955
1.0,13,0.752326
0.0,16,0.752741
1.0,21,0.753295
0.0,13,0.753664
1.0,9,0.753937
1.0,41,0.754928
0.0,54,0.756224
1.0,16,0.75665
0.0,27,0.757332
0.0,40,0.758353
0.0,35,0.759248
0.0,24,0.759853
0.0,9,0.760131
0.0,9,0.760415
0.0,4,0.760566
0.0,74,0.762314
0.0,10,0.762599
0.0,2,0.762702
0.0,50,0.763938
0.0,7,0.764164
0.0,9,0.764452
0.0,56,0.765798
0.0,6,0.766014
0.0,26,0.766665
0.0,2,0.766776
0.0,10,0.767087
1.0,30,0.767819
0.0,58,0.769208
0.0,23,0.769812
0.0,8,0.770062
0.0,16,0.770513
0.0,15,0.770923
0.0,13,0.771282
0.0,16,0.771695
1.0,19,0.772198
0.0,8,0.772436
0.0,46,0.773572
0.0,2,0.773683
0.0,10,0.773987
0.0,34,0.774795
0.0,10,0.775105
0.0,21,0.775651
1.0,19,0.776154
1.0,35,0.77702
0.0,1,0.777107
0.0,68,0.778706
0.0,21,0.77927
1.0,41,0.780271
0.0,6,0.78048
0.0,23,0.781072
0.0,9,0.781342
0.0,22,0.781911
1.0,19,0.782412
1.0,22,0.782982
1.0,27,0.783654
0.0,16,0.784093
0.0,14,0.784479
1.0,23,0.78508
0.0,16,0.785503
0.0,20,0.786052
1.0,13,0.786417
0.0,21,0.786962
0.0,17,0.787441
1.0,20,0.787967
0.0,9,0.788239
0.0,17,0.788692
0.0,14,0.789078
0.0,21,0.789633
0.0,4,0.789795
1.0,63,0.791332
0.0,9,0.791597
0.0,19,0.792121
1.0,27,0.792797
1.0,13,0.793166
0.0,7,0.793395
1.0,13,0.793745
1.0,29,0.794479
0.0,10,0.794763
0.0,3,0.794891
1.0,45,0.795982
1.0,96,0.798255
0.0,21,0.798801
1.0,41,0.799806
1.0,26,0.800483
1.0,11,0.800798
0.0,24,0.801419
0.0,20,0.801962
0.0,5,0.802138
0.0,7,0.802357
0.0,18,0.802827
0.0,25,0.803474
1.0,19,0.803998
0.0,28,0.804698
0.0,11,0.805027
1.0,30,0.805768
0.0,1,0.805847
0.0,31,0.806649
0.0,12,0.807002
0.0,4,0.807156
0.0,1,0.807236
0.0,55,0.808604
1.0,11,0.80893
1.0,6,0.809135
0.0,2,0.809247
1.0,24,0.80986
1.0,37,0.810829
0.0,1,0.810923
0.0,67,0.812523
0.0,13,0.812906
1.0,31,0.813674
0.0,47,0.814827
0.0,2,0.814952
1.0,16,0.81538
1.0,50,0.816573
0.0,10,0.816859
0.0,14,0.817245
1.0,8,0.817485
1.0,13,0.817833
1.0,15,0.818249
0.0,8,0.818499
1.0,17,0.818959
1.0,12,0.819307
0.0,33,0.820137
1.0,43,0.821204
0.0,4,0.821363
0.0,4,0.821513
0.0,9,0.821773
0.0,64,0.823293
1.0,17,0.823733
0.0,4,0.823883
1.0,83,0.82582
0.0,26,0.826469
0.0,38,0.827405
0.0,48,0.828562
1.0,11,0.828869
0.0,14,0.829246
0.0,16,0.829677
0.0,12,0.830016
0.0,4,0.830174
0.0,2,0.830278
1.0,23,0.830846
0.0,4,0.831004
1.0,28,0.831696
0.0,45,0.832781
0.0,84,0.834782
1.0,29,0.835531
0.0,3,0.835665
0.0,1,0.835744
0.0,17,0.836213
0.0,6,0.836421
1.0,28,0.837136
0.0,18,0.837627
0.0,14,0.838024
0.0,9,0.838303
0.0,100,0.840649
0.0,22,0.84123
0.0,17,0.841674
0.0,20,0.842204
0.0,11,0.842514
0.0,9,0.842776
0.0,11,0.843096
0.0,1,0.843182
0.0,27,0.843883
1.0,19,0.844381
0.0,4,0.844539
1.0,64,0.846079
0.0,9,0.846341
0.0,1,0.846426
0.0,4,0.846577
0.0,17,0.847041
0.0,1,0.847122
1.0,62,0.84862
0.0,1,0.848701
0.0,20,0.849244
0.0,3,0.84938
0.0,6,0.849579
1.0,7,0.849795
0.0,49,0.851014
0.0,28,0.851718
0.0,19,0.852235
0.0,31,0.85301
1.0,10,0.85332
1.0,30,0.854071
1.0,21,0.85461
0.0,16,0.855052
1.0,27,0.855751
1.0,18,0.856245
0.0,1,0.85633
0.0,12,0.85667
1.0,47,0.857806
1.0,24,0.858407
0.0,18,0.858887
1.0,28,0.859601
0.0,18,0.860095
0.0,28,0.8608
1.0,17,0.86125
1.0,17,0.861698
0.0,1,0.861778
0.0,7,0.862043
0.0,45,0.863152
0.0,37,0.86406
0.0,1,0.864147
0.0,16,0.864567
0.0,15,0.865016
1.0,33,0.865844
0.0,53,0.867145
0.0,53,0.868431
0.0,32,0.869244
0.0,3,0.869381
0.0,8,0.869619
0.0,7,0.869851
0.0,9,0.870136
0.0,4,0.870301
0.0,3,0.87043
0.0,12,0.870768
0.0,29,0.871504
1.0,43,0.872568
1.0,34,0.873433
0.0,35,0.87432
0.0,14,0.87471
0.0,5,0.874889
1.0,25,0.875522
0.0,11,0.875841
1.0,17,0.876302
1.0,60,0.877736
0.0,7,0.877975
1.0,8,0.878222
1.0,36,0.879125
0.0,10,0.879417
0.0,1,0.879502
1.0,45,0.880608
0.0,6,0.880804
0.0,15,0.88123
1.0,17,0.881673
1.0,52,0.882929
1.0,19,0.883432
1.0,16,0.883844
0.0,9,0.88413
1.0,24,0.884739
0.0,4,0.884889
1.0,39,0.885859
0.0,18,0.886329
0.0,10,0.886621
0.0,70,0.888292
0.0,3,0.888423
0.0,73,0.890181
0.0,28,0.890877
0.0,1,0.890967
0.0,17,0.891405
0.0,13,0.89176
0.0,1,0.891845
0.0,78,0.893724
0.0,7,0.893978
1.0,81,0.89585
0.0,17,0.896309
0.0,23,0.896888
0.0,1,0.896976
0.0,5,0.89715
0.0,22,0.897714
0.0,5,0.897913
0.0,1,0.897998
0.0,7,0.898226
0.0,22,0.898798
1.0,36,0.899656
0.0,5,0.899832
0.0,53,0.901111
0.0,100,0.903471
0.0,5,0.903649
1.0,8,0.903888
0.0,23,0.904481
0.0,20,0.905016
1.0,41,0.906027
0.0,9,0.906297
1.0,56,0.907596
1.0,22,0.908171
1.0,12,0.908499
0.0,22,0.909079
0.0,38,0.910016
0.0,10,0.910368
0.0,19,0.910884
0.0,20,0.911418
0.0,23,0.912014
0.0,9,0.912285
1.0,12,0.912629
1.0,24,0.913237
0.0,1,0.913323
0.0,4,0.913474
0.0,36,0.914376
0.0,21,0.914929
0.0,63,0.916428
0.0,13,0.916785
1.0,8,0.917039
0.0,12,0.917368
0.0,15,0.917768
0.0,5,0.917963
0.0,33,0.918795
1.0,18,0.919274
0.0,2,0.91938
0.0,62,0.920845
0.0,12,0.921195
0.0,67,0.922751
0.0,36,0.923634
1.0,57,0.924993
0.0,23,0.925587
1.0,62,0.927087
1.0,20,0.927594
0.0,4,0.927744
0.0,11,0.9281
0.0,17,0.92856
0.0,3,0.92869
0.0,7,0.928913
0.0,4,0.929071
0.0,25,0.929707
0.0,9,0.929999
0.0,21,0.930573
0.0,10,0.930872
0.0,1,0.930977
0.0,53,0.932279
0.0,10,0.93257
0.0,2,0.932682
0.0,3,0.932813
0.0,23,0.933444
0.0,21,0.93398
0.0,29,0.934694
0.0,42,0.935738
1.0,72,0.937463
1.0,14,0.937858
0.0,2,0.937972
0.0,24,0.938573
0.0,10,0.938865
0.0,65,0.940422
0.0,100,0.942754
1.0,19,0.943251
0.0,25,0.943887
1.0,12,0.944236
0.0,20,0.944757
0.0,7,0.94499
0.0,1,0.945072
0.0,9,0.945348
0.0,14,0.945729
0.0,17,0.946184
0.0,8,0.946425
0.0,8,0.946676
0.0,15,0.947098
0.0,12,0.947435
0.0,8,0.947676
0.0,27,0.948367
0.0,4,0.948519
1.0,30,0.949291
0.0,26,0.949954
0.0,5,0.950135
1.0,32,0.95092
0.0,7,0.951151
1.0,10,0.951453
0.0,9,0.951712
0.0,26,0.952392
1.0,25,0.953028
0.0,40,0.953997
1.0,23,0.954593
1.0,28,0.955303
0.0,9,0.955575
0.0,31,0.956361
0.0,2,0.956473
1.0,32,0.957253
1.0,46,0.958344
0.0,14,0.958733
0.0,6,0.958944
1.0,27,0.959608
1.0,70,0.961233
0.0,26,0.961884
0.0,5,0.962079
0.0,2,0.962183
0.0,5,0.962371
1.0,41,0.963428
1.0,11,0.963748
1.0,18,0.964215
0.0,16,0.96464
0.0,11,0.964964
0.0,9,0.965227
0.0,14,0.965612
1.0,27,0.966298
0.0,11,0.96662
0.0,1,0.9667
0.0,23,0.967286
0.0,1,0.967366
0.0,3,0.967493
0.0,8,0.96774
0.0,39,0.968684
0.0,48,0.96985
0.0,39,0.970805
0.0,2,0.970923
0.0,5,0.971104
0.0,6,0.971298
1.0,6,0.971492
0.0,19,0.971994
1.0,50,0.973212
1.0,49,0.974394
0.0,44,0.975428
0.0,14,0.975821
0.0,5,0.976006
1.0,13,0.976371
1.0,23,0.976957
0.0,11,0.97727
0.0,41,0.978259
1.0,10,0.978552
0.0,20,0.97908
0.0,2,0.979187
0.0,4,0.979346
0.0,1,0.979431
0.0,7,0.979655
0.0,7,0.979872
1.0,14,0.980258
1.0,31,0.981013
0.0,22,0.98156
0.0,49,0.982763
0.0,15,0.983178
0.0,1,0.983259
0.0,19,0.98377
0.0,29,0.984508
0.0,1,0.984589
0.0,8,0.984843
1.0,12,0.985182
0.0,36,0.986063
0.0,7,0.986287
1.0,48,0.987456
0.0,17,0.987914
1.0,82,0.989942
0.0,18,0.990421
1.0,41,0.991422
0.0,30,0.992163
0.0,44,0.993249
0.0,23,0.993833
0.0,39,0.994805
0.0,66,0.99638
0.0,14,0.996763
0.0,26,0.997424
1.0,12,0.997763
0.0,10,0.998062
0.0,1,0.998147
1.0,13,0.998505
0.0,60,0.999937
0.0,36,1.000818
1.0,11,1.001143
0.0,6,1.001345
1.0,32,1.00216
1.0,24,1.002761
0.0,10,1.003053
1.0,24,1.003675
0.0,1,1.003754
1.0,15,1.004179
0.0,79,1.006036
0.0,13,1.006393
0.0,9,1.006668
0.0,6,1.006875
0.0,25,1.007518
0.0,11,1.007837
1.0,20,1.008376
0.0,24,1.008994
1.0,20,1.009515
0.0,3,1.00965
0.0,48,1.010797
0.0,6,1.011095
1.0,44,1.012189
0.0,12,1.012526
1.0,40,1.013501
0.0,3,1.013635
1.0,46,1.014728
0.0,25,1.015365
0.0,5,1.015547
1.0,32,1.016339
0.0,24,1.016955
1.0,11,1.017271
0.0,4,1.017427
0.0,4,1.017578
1.0,14,1.017962
1.0,26,1.018613
0.0,6,1.018818
0.0,38,1.019749
0.0,1,1.019836
1.0,16,1.020278
1.0,12,1.020604
1.0,26,1.021251
0.0,27,1.021948
1.0,39,1.022877
1.0,9,1.02316
0.0,23,1.023738
1.0,34,1.024591
0.0,5,1.024764
1.0,19,1.02527
0.0,7,1.025495
0.0,19,1.025988
1.0,19,1.026475
0.0,8,1.026722
0.0,6,1.026927
0.0,21,1.027464
1.0,28,1.028168
0.0,17,1.028626
1.0,20,1.029137
0.0,61,1.030578
0.0,33,1.031404
0.0,1,1.031485
0.0,4,1.031642
0.0,11,1.031958
0.0,47,1.033097
0.0,3,1.033232
0.0,6,1.033435
0.0,8,1.033674
0.0,16,1.034116
0.0,3,1.03425
1.0,23,1.034814
0.0,18,1.035291
1.0,9,1.035553
1.0,11,1.035876
0.0,27,1.036559
0.0,60,1.037984
0.0,10,1.038268
0.0,19,1.038764
0.0,6,1.038983
0.0,23,1.039569
0.0,6,1.039763
0.0,2,1.039872
0.0,41,1.04088
0.0,1,1.040971
0.0,54,1.042264
0.0,67,1.043884
1.0,34,1.044713
0.0,15,1.045122
1.0,22,1.045699
0.0,11,1.046023
0.0,49,1.047198
0.0,8,1.047445
1.0,14,1.047837
1.0,14,1.048219
0.0,1,1.048297
0.0,5,1.04847
1.0,21,1.049033
0.0,1,1.049113
0.0,9,1.049381
0.0,30,1.050118
0.0,22,1.050699
0.0,27,1.051391
1.0,23,1.051982
0.0,61,1.053414
1.0,61,1.054852
0.0,1,1.05494
0.0,2,1.055047
1.0,27,1.055733
0.0,10,1.056032
0.0,4,1.056183
1.0,18,1.056654
0.0,1,1.056738
0.0,6,1.056953
1.0,86,1.058984
1.0,19,1.05948
0.0,3,1.059606
0.0,4,1.059763
0.0,13,1.060129
0.0,10,1.060419
1.0,27,1.061112
0.0,10,1.061413
0.0,4,1.06157
0.0,36,1.062455
0.0,18,1.062931
0.0,11,1.063251
0.0,77,1.065053
1.0,12,1.065388
0.0,5,1.065565
1.0,9,1.065824
0.0,18,1.066301
0.0,11,1.066608
1.0,85,1.068586
1.0,21,1.069129
1.0,17,1.069575
1.0,15,1.069984
1.0,12,1.070324
0.0,1,1.070408
0.0,11,1.07072
0.0,4,1.070876
0.0,41,1.071878
0.0,4,1.072048
0.0,16,1.072475
1.0,15,1.072867
1.0,22,1.07343
1.0,12,1.073764
0.0,9,1.074033
0.0,10,1.074323
0.0,29,1.075057
0.0,11,1.075375
0.0,2,1.075479
0.0,3,1.075611
1.0,16,1.076048
0.0,17,1.076494
0.0,48,1.077636
1.0,24,1.078245
1.0,29,1.078964
0.0,3,1.079098
0.0,13,1.079446
0.0,6,1.079654
0.0,3,1.079782
0.0,10,1.080072
1.0,25,1.0807
1.0,29,1.081426
0.0,6,1.081629
1.0,20,1.082168
0.0,6,1.082362
0.0,3,1.082494
1.0,60,1.083944
0.0,19,1.084426
0.0,61,1.085886
0.0,67,1.087489
0.0,20,1.088034
0.0,14,1.088427
0.0,43,1.089488
0.0,21,1.09018
1.0,9,1.090441
0.0,10,1.090731
0.0,13,1.091105
0.0,7,1.091323
1.0,13,1.091676
0.0,6,1.091869
0.0,33,1.092731
1.0,12,1.093083
1.0,14,1.093453
1.0,49,1.094606
1.0,13,1.094972
0.0,8,1.095212
1.0,14,1.095589
1.0,36,1.096473
0.0,51,1.09769
0.0,15,1.098111
1.0,23,1.098689
1.0,27,1.099373
0.0,41,1.100355
1.0,31,1.101121
1.0,20,1.101632
1.0,25,1.102281
0.0,5,1.102453
0.0,13,1.102824
1.0,18,1.1033
1.0,28,1.104011
0.0,29,1.104723
0.0,25,1.10535
0.0,27,1.106045
0.0,65,1.10758
0.0,12,1.107933
1.0,19,1.108439
0.0,11,1.108749
0.0,7,1.108979
0.0,6,1.109182
0.0,2,1.109287
0.0,12,1.109627
1.0,40,1.110598
0.0,1,1.110678
1.0,22,1.111381
0.0,1,1.111522
1.0,21,1.112087
0.0,57,1.113456
0.0,9,1.113721
0.0,41,1.114738
1.0,12,1.115089
1.0,10,1.115381
0.0,6,1.115585
0.0,22,1.11616
0.0,19,1.116655
0.0,34,1.117515
0.0,61,1.118976
0.0,4,1.119128
0.0,8,1.119365
1.0,19,1.119848
0.0,17,1.120304
0.0,4,1.120469
0.0,1,1.120549
1.0,13,1.120918
1.0,7,1.121135
0.0,18,1.121602
