#{"t_start": 1522144466.0731187, "env_id": "MyFrozenLake-v0"}
r,l,t
0.0,21,0.005366
0.0,28,0.006059
0.0,56,0.007332
0.0,47,0.008406
0.0,24,0.009009
0.0,100,0.011229
0.0,36,0.012074
0.0,18,0.012528
0.0,16,0.012931
1.0,49,0.01407
1.0,34,0.014872
1.0,22,0.015415
0.0,58,0.01685
0.0,47,0.017936
0.0,13,0.018295
0.0,20,0.01878
0.0,100,0.021023
1.0,12,0.02135
1.0,31,0.022099
0.0,40,0.023033
0.0,74,0.024698
1.0,22,0.025246
0.0,13,0.025593
0.0,72,0.027218
0.0,100,0.029432
1.0,79,0.031217
0.0,15,0.031607
1.0,20,0.032116
0.0,44,0.033155
0.0,17,0.033597
0.0,3,0.033729
1.0,23,0.034311
1.0,63,0.035747
0.0,19,0.036235
1.0,21,0.036749
1.0,57,0.038055
1.0,12,0.038378
0.0,11,0.038681
0.0,9,0.038939
0.0,100,0.041194
1.0,21,0.041716
0.0,27,0.04237
0.0,11,0.04267
0.0,27,0.043325
0.0,57,0.044598
0.0,100,0.046839
0.0,100,0.04908
1.0,23,0.049646
0.0,8,0.049883
1.0,72,0.051502
1.0,13,0.05184
1.0,17,0.052273
0.0,29,0.052968
1.0,45,0.053992
1.0,91,0.056022
1.0,12,0.056338
1.0,26,0.056971
0.0,39,0.057867
1.0,14,0.058239
1.0,23,0.058803
0.0,61,0.06019
1.0,16,0.060594
0.0,29,0.06129
1.0,31,0.062022
0.0,100,0.064239
1.0,8,0.064471
0.0,61,0.065853
1.0,37,0.066714
1.0,26,0.067352
1.0,100,0.069592
0.0,43,0.070591
0.0,26,0.071222
1.0,44,0.072233
1.0,7,0.072446
1.0,55,0.073676
1.0,21,0.074207
1.0,21,0.074722
1.0,70,0.076291
1.0,23,0.076835
1.0,41,0.077801
1.0,42,0.078772
1.0,33,0.07955
1.0,91,0.081597
1.0,70,0.083162
1.0,77,0.08487
0.0,49,0.086031
0.0,36,0.086868
1.0,12,0.087196
0.0,13,0.087541
1.0,33,0.088329
1.0,23,0.088885
1.0,12,0.089212
1.0,13,0.089553
1.0,79,0.091319
1.0,12,0.09164
1.0,17,0.092075
0.0,22,0.09261
1.0,21,0.093133
1.0,21,0.093646
1.0,22,0.094186
0.0,5,0.094356
1.0,49,0.095481
1.0,17,0.095907
1.0,37,0.09677
1.0,9,0.097041
1.0,18,0.097491
1.0,17,0.097924
1.0,24,0.098521
1.0,46,0.099579
1.0,82,0.101409
0.0,41,0.10235
0.0,51,0.103519
1.0,61,0.104898
1.0,28,0.105634
1.0,37,0.106501
1.0,42,0.107487
1.0,26,0.108118
1.0,29,0.108808
1.0,14,0.109177
1.0,18,0.10962
1.0,70,0.111233
1.0,29,0.11193
1.0,23,0.112491
1.0,37,0.113353
0.0,28,0.114012
1.0,87,0.115949
0.0,16,0.116354
0.0,9,0.116614
1.0,24,0.117208
1.0,44,0.118221
1.0,44,0.119238
1.0,17,0.119659
1.0,43,0.120648
1.0,23,0.121217
1.0,13,0.12155
1.0,28,0.122227
1.0,25,0.12282
1.0,15,0.123214
1.0,45,0.124253
1.0,14,0.124614
1.0,14,0.124975
1.0,6,0.125162
1.0,51,0.126352
0.0,49,0.127485
0.0,8,0.127725
1.0,41,0.12867
1.0,20,0.129178
1.0,16,0.129583
1.0,40,0.130507
1.0,20,0.131016
1.0,12,0.131343
1.0,10,0.13162
1.0,42,0.132577
1.0,18,0.133049
1.0,17,0.133482
1.0,58,0.134809
1.0,16,0.135222
1.0,23,0.135774
0.0,16,0.136195
1.0,31,0.136911
0.0,47,0.137995
1.0,79,0.139735
1.0,15,0.140131
1.0,9,0.140381
0.0,51,0.141529
1.0,52,0.142702
1.0,57,0.144011
0.0,4,0.144166
0.0,20,0.144661
0.0,39,0.145576
0.0,39,0.14649
1.0,23,0.147058
1.0,24,0.147626
1.0,78,0.149389
1.0,22,0.149913
1.0,91,0.151943
0.0,100,0.154191
1.0,28,0.154862
1.0,37,0.155739
1.0,67,0.157254
0.0,13,0.157594
0.0,80,0.159387
1.0,33,0.160184
1.0,6,0.160378
1.0,63,0.161789
1.0,9,0.162057
1.0,20,0.162541
0.0,74,0.16421
1.0,26,0.164822
1.0,15,0.165207
1.0,64,0.166672
1.0,57,0.167997
1.0,17,0.168426
1.0,26,0.169057
0.0,100,0.171243
1.0,39,0.172141
1.0,20,0.172622
1.0,10,0.17289
1.0,18,0.173344
1.0,13,0.173679
1.0,78,0.175422
1.0,23,0.175997
1.0,18,0.176459
1.0,12,0.176781
1.0,29,0.177484
1.0,55,0.178736
1.0,64,0.180196
1.0,47,0.181266
1.0,92,0.183308
1.0,28,0.183972
1.0,10,0.184253
1.0,21,0.18477
1.0,36,0.185618
1.0,13,0.185972
1.0,37,0.186826
1.0,12,0.187161
1.0,24,0.187736
1.0,52,0.188915
1.0,30,0.189623
1.0,39,0.190536
1.0,63,0.191944
1.0,30,0.192655
0.0,100,0.194876
1.0,29,0.195582
1.0,60,0.196984
1.0,9,0.197236
1.0,40,0.198157
1.0,33,0.198915
1.0,59,0.200264
1.0,23,0.200811
1.0,15,0.201201
1.0,50,0.202348
0.0,35,0.203184
1.0,50,0.204343
1.0,11,0.204645
1.0,10,0.204927
1.0,17,0.205432
1.0,89,0.207425
1.0,29,0.208129
0.0,49,0.209272
1.0,31,0.210004
1.0,28,0.210665
1.0,17,0.2111
0.0,30,0.211795
1.0,16,0.2122
1.0,28,0.212862
1.0,21,0.213377
1.0,15,0.21376
1.0,23,0.214322
1.0,31,0.215044
1.0,54,0.216259
1.0,15,0.216645
0.0,9,0.216903
0.0,41,0.217846
1.0,21,0.218361
0.0,33,0.219144
1.0,40,0.220066
1.0,80,0.221833
1.0,20,0.222337
1.0,42,0.223315
1.0,16,0.223712
1.0,19,0.224198
0.0,100,0.226446
1.0,79,0.22827
1.0,79,0.230237
1.0,89,0.232217
1.0,10,0.232507
1.0,33,0.23328
1.0,53,0.234493
1.0,44,0.235514
0.0,100,0.237737
1.0,13,0.238104
1.0,51,0.239282
1.0,18,0.239727
1.0,13,0.240069
1.0,6,0.240254
1.0,65,0.241695
0.0,29,0.242404
1.0,17,0.242826
1.0,21,0.243342
1.0,23,0.243901
1.0,10,0.244194
1.0,10,0.244463
1.0,8,0.244696
1.0,12,0.245017
1.0,37,0.245866
0.0,22,0.246418
1.0,12,0.246731
1.0,38,0.247613
1.0,12,0.247931
1.0,8,0.248178
0.0,29,0.248865
1.0,17,0.249304
0.0,10,0.249581
1.0,23,0.250159
1.0,33,0.250945
1.0,97,0.253145
1.0,13,0.253488
1.0,98,0.255672
1.0,50,0.256827
1.0,19,0.25731
0.0,19,0.257788
1.0,32,0.258544
0.0,8,0.258774
1.0,36,0.259626
1.0,8,0.259859
1.0,20,0.260355
1.0,31,0.261086
1.0,9,0.261344
1.0,58,0.262654
0.0,67,0.264193
1.0,27,0.264833
1.0,15,0.265233
1.0,48,0.266348
1.0,94,0.268452
1.0,20,0.268946
1.0,44,0.269984
0.0,100,0.272199
1.0,11,0.272496
1.0,21,0.273011
1.0,28,0.273674
1.0,7,0.273889
1.0,22,0.274451
1.0,8,0.274682
1.0,13,0.275028
0.0,36,0.275868
1.0,18,0.27633
1.0,27,0.276994
1.0,14,0.277367
0.0,100,0.279618
1.0,17,0.280062
1.0,15,0.28045
1.0,12,0.280774
1.0,35,0.28161
1.0,8,0.281844
1.0,9,0.282111
1.0,19,0.282581
1.0,32,0.283352
1.0,66,0.284853
1.0,25,0.285463
1.0,14,0.285829
1.0,8,0.286073
1.0,40,0.287007
1.0,13,0.287343
1.0,12,0.287661
1.0,14,0.288033
0.0,40,0.288965
1.0,28,0.289629
1.0,10,0.289911
1.0,29,0.29059
1.0,33,0.291372
1.0,43,0.292371
0.0,47,0.293421
1.0,10,0.293698
1.0,12,0.294021
1.0,18,0.294465
1.0,33,0.295243
1.0,52,0.296435
1.0,71,0.298044
0.0,7,0.298262
1.0,36,0.299093
1.0,10,0.299369
1.0,28,0.300029
1.0,71,0.301597
1.0,12,0.301915
1.0,30,0.302616
1.0,48,0.303713
1.0,11,0.304017
1.0,11,0.304317
1.0,9,0.304572
0.0,50,0.305712
1.0,12,0.306111
1.0,23,0.306679
1.0,61,0.30806
0.0,38,0.308941
1.0,23,0.309516
1.0,20,0.310011
1.0,62,0.311404
0.0,9,0.311656
1.0,24,0.312248
1.0,32,0.313008
0.0,72,0.314619
1.0,31,0.315353
0.0,10,0.315632
1.0,35,0.31645
1.0,14,0.316817
1.0,8,0.317055
1.0,15,0.317439
1.0,20,0.317925
1.0,29,0.318619
1.0,23,0.319182
1.0,13,0.319522
1.0,40,0.320439
1.0,85,0.322332
1.0,11,0.322626
1.0,40,0.323561
0.0,62,0.324963
1.0,48,0.326057
1.0,61,0.327424
0.0,19,0.327894
0.0,39,0.328794
1.0,19,0.329307
1.0,16,0.329772
1.0,18,0.330223
1.0,13,0.330562
1.0,12,0.330871
1.0,16,0.331289
1.0,24,0.33186
1.0,16,0.332271
1.0,50,0.33341
1.0,28,0.33407
1.0,15,0.334459
1.0,20,0.334944
1.0,12,0.335277
1.0,26,0.335912
1.0,22,0.336451
1.0,7,0.336665
1.0,65,0.338141
1.0,18,0.338586
1.0,21,0.339108
1.0,49,0.340226
1.0,18,0.340682
0.0,28,0.34135
1.0,31,0.342086
0.0,28,0.34275
1.0,25,0.343355
1.0,18,0.343803
1.0,43,0.344788
1.0,71,0.346391
0.0,27,0.34704
0.0,30,0.347744
1.0,34,0.348537
1.0,74,0.350193
1.0,14,0.350557
1.0,35,0.351384
1.0,6,0.351575
1.0,24,0.352152
1.0,20,0.352669
1.0,24,0.353256
1.0,65,0.354718
1.0,10,0.355003
1.0,13,0.355341
1.0,14,0.355711
1.0,16,0.356123
1.0,30,0.356828
1.0,60,0.358195
1.0,21,0.358699
1.0,30,0.359397
1.0,64,0.360813
1.0,11,0.361114
1.0,27,0.361748
1.0,22,0.362293
1.0,9,0.362549
1.0,34,0.363347
1.0,10,0.363625
1.0,45,0.364664
1.0,19,0.365155
0.0,100,0.367391
1.0,16,0.367797
1.0,66,0.369286
1.0,39,0.370193
1.0,23,0.370748
1.0,7,0.370961
1.0,38,0.371817
1.0,27,0.372461
1.0,82,0.374301
1.0,16,0.374724
0.0,21,0.375244
1.0,35,0.376052
1.0,16,0.376469
1.0,42,0.377441
1.0,66,0.378931
1.0,65,0.38039
0.0,17,0.380812
1.0,58,0.382119
0.0,49,0.383231
1.0,11,0.383531
1.0,17,0.383962
0.0,11,0.384262
1.0,41,0.385203
1.0,33,0.385979
1.0,11,0.386272
1.0,23,0.386834
0.0,66,0.388327
1.0,58,0.389632
1.0,45,0.390668
1.0,28,0.391333
1.0,14,0.391694
1.0,9,0.391964
1.0,35,0.392781
0.0,26,0.393413
1.0,10,0.393694
0.0,26,0.394327
1.0,26,0.394943
1.0,28,0.395611
1.0,13,0.39594
1.0,31,0.396678
1.0,45,0.397724
1.0,44,0.398753
0.0,22,0.399303
1.0,27,0.399938
1.0,13,0.400286
1.0,12,0.400609
0.0,32,0.401373
0.0,7,0.401585
1.0,10,0.401867
1.0,13,0.402215
1.0,32,0.402977
0.0,63,0.404394
0.0,19,0.404882
1.0,52,0.406111
1.0,30,0.40689
1.0,49,0.408055
1.0,57,0.409348
1.0,44,0.410402
1.0,78,0.412169
1.0,8,0.412402
0.0,5,0.412573
1.0,38,0.413451
1.0,18,0.413904
1.0,19,0.414387
1.0,17,0.414824
1.0,40,0.415752
1.0,28,0.416427
1.0,25,0.417036
1.0,16,0.417444
1.0,52,0.418623
1.0,41,0.419577
1.0,9,0.419835
1.0,40,0.420772
1.0,21,0.421294
1.0,32,0.422039
1.0,65,0.423486
0.0,53,0.424691
1.0,30,0.425399
1.0,9,0.425647
1.0,10,0.425918
1.0,12,0.426244
1.0,9,0.426497
1.0,53,0.4277
1.0,15,0.428096
1.0,8,0.428323
1.0,20,0.428811
1.0,10,0.429089
0.0,12,0.429413
1.0,15,0.429793
0.0,20,0.430297
1.0,14,0.430649
1.0,42,0.431603
1.0,43,0.432593
1.0,11,0.43289
1.0,8,0.433129
1.0,30,0.433828
1.0,34,0.434618
1.0,9,0.434866
0.0,13,0.435213
1.0,15,0.435593
1.0,74,0.437248
1.0,12,0.437559
1.0,13,0.437903
1.0,21,0.438415
1.0,9,0.438671
1.0,63,0.440122
1.0,16,0.440526
1.0,14,0.440891
1.0,28,0.441557
1.0,36,0.442417
1.0,21,0.442918
1.0,20,0.443413
1.0,8,0.443651
1.0,12,0.443974
1.0,9,0.444229
1.0,27,0.444867
1.0,54,0.446105
1.0,38,0.44698
1.0,41,0.447935
1.0,25,0.448538
1.0,25,0.449143
1.0,57,0.450411
1.0,31,0.451128
1.0,97,0.453253
1.0,8,0.45349
0.0,20,0.453986
1.0,30,0.454695
1.0,11,0.45502
0.0,16,0.455424
1.0,16,0.455829
1.0,83,0.457662
1.0,41,0.458603
1.0,13,0.458944
0.0,9,0.459206
0.0,63,0.460598
1.0,33,0.461375
1.0,11,0.461666
1.0,24,0.462244
1.0,33,0.463027
1.0,14,0.463387
0.0,45,0.4644
1.0,58,0.465713
0.0,100,0.467917
1.0,39,0.468834
1.0,24,0.469417
1.0,25,0.470014
1.0,34,0.470822
1.0,19,0.471299
1.0,12,0.471622
0.0,11,0.471912
1.0,34,0.472708
1.0,8,0.47295
1.0,22,0.473488
1.0,14,0.47385
1.0,38,0.47474
1.0,29,0.475438
0.0,19,0.475909
1.0,20,0.476413
1.0,45,0.477451
1.0,29,0.478169
1.0,9,0.478423
1.0,36,0.479265
1.0,28,0.479939
1.0,12,0.480261
1.0,9,0.48052
1.0,9,0.48077
1.0,26,0.481398
1.0,25,0.482005
1.0,66,0.483501
0.0,71,0.485108
1.0,21,0.485613
1.0,22,0.486152
1.0,40,0.487099
0.0,7,0.487318
0.0,16,0.487727
0.0,11,0.488033
1.0,30,0.488748
1.0,57,0.490039
1.0,55,0.491306
1.0,10,0.491583
1.0,44,0.492596
1.0,80,0.494376
1.0,25,0.494982
1.0,13,0.495326
1.0,41,0.496268
0.0,57,0.497569
1.0,16,0.49799
1.0,22,0.49852
1.0,23,0.499086
0.0,18,0.499539
1.0,13,0.499873
1.0,12,0.500193
1.0,14,0.500556
1.0,39,0.501476
1.0,30,0.502198
0.0,34,0.50299
1.0,37,0.503845
1.0,11,0.504153
1.0,26,0.504776
1.0,14,0.505149
1.0,11,0.505452
1.0,29,0.506161
1.0,19,0.506696
1.0,11,0.507013
1.0,28,0.507663
1.0,22,0.508201
1.0,10,0.508473
1.0,41,0.509431
1.0,52,0.510618
1.0,11,0.510911
1.0,15,0.511292
1.0,17,0.511723
1.0,20,0.512234
1.0,20,0.512733
0.0,24,0.513327
1.0,11,0.513627
1.0,57,0.514931
1.0,23,0.515501
1.0,76,0.517222
1.0,34,0.518022
1.0,33,0.518793
1.0,15,0.519187
1.0,74,0.520848
1.0,13,0.521211
1.0,15,0.521586
1.0,16,0.522003
1.0,34,0.522796
1.0,37,0.523663
0.0,100,0.525886
1.0,17,0.526324
1.0,8,0.526553
1.0,27,0.527204
1.0,33,0.527985
1.0,47,0.529052
0.0,49,0.530164
1.0,15,0.530555
0.0,50,0.531689
1.0,67,0.533196
1.0,27,0.533838
1.0,11,0.534158
1.0,6,0.534352
0.0,66,0.53583
0.0,29,0.536521
1.0,47,0.537598
1.0,22,0.538137
1.0,14,0.538502
1.0,9,0.538756
1.0,42,0.539727
1.0,14,0.540093
1.0,20,0.540589
0.0,18,0.541046
0.0,9,0.541303
0.0,11,0.541595
1.0,13,0.541931
1.0,17,0.54237
1.0,9,0.54262
1.0,32,0.543367
1.0,12,0.543683
1.0,29,0.544373
1.0,21,0.544878
1.0,21,0.545397
1.0,83,0.547237
1.0,55,0.548502
1.0,25,0.549109
1.0,17,0.549534
1.0,61,0.55091
1.0,43,0.551892
1.0,26,0.552511
1.0,21,0.553036
1.0,21,0.553558
1.0,74,0.555228
0.0,34,0.556041
1.0,80,0.557839
1.0,19,0.558326
1.0,16,0.558734
0.0,10,0.559018
1.0,13,0.559366
1.0,32,0.560131
1.0,20,0.560626
1.0,16,0.561047
0.0,100,0.563277
1.0,11,0.563573
1.0,45,0.564612
1.0,88,0.566553
1.0,20,0.567053
0.0,3,0.567175
1.0,49,0.568286
1.0,30,0.568996
1.0,10,0.569268
1.0,11,0.569556
1.0,9,0.569801
0.0,13,0.570159
1.0,68,0.5717
1.0,36,0.572546
1.0,19,0.573032
1.0,12,0.573346
0.0,10,0.573626
1.0,51,0.574772
0.0,40,0.575697
1.0,38,0.576583
1.0,21,0.577109
1.0,89,0.579102
1.0,54,0.580321
1.0,24,0.580899
1.0,18,0.581362
1.0,13,0.581704
1.0,30,0.582421
1.0,30,0.583147
1.0,47,0.584212
1.0,61,0.58558
1.0,18,0.586035
1.0,12,0.586363
1.0,30,0.587081
1.0,9,0.587336
1.0,56,0.588591
0.0,5,0.58877
0.0,19,0.589251
1.0,16,0.589655
1.0,50,0.590793
1.0,66,0.592296
1.0,14,0.59266
0.0,23,0.593224
1.0,73,0.594902
1.0,8,0.595153
1.0,52,0.596349
1.0,49,0.597482
1.0,28,0.598164
1.0,15,0.598548
1.0,29,0.599252
1.0,43,0.600249
1.0,24,0.600842
1.0,27,0.60149
1.0,24,0.602077
1.0,15,0.60246
1.0,35,0.603293
1.0,30,0.604003
1.0,23,0.604555
1.0,33,0.605325
1.0,23,0.605873
1.0,18,0.606329
1.0,11,0.606694
1.0,25,0.607319
1.0,30,0.608022
1.0,25,0.608624
0.0,26,0.609257
1.0,29,0.609945
1.0,67,0.611467
1.0,44,0.61248
1.0,40,0.61341
1.0,18,0.613863
1.0,64,0.615296
1.0,56,0.616574
0.0,100,0.618811
1.0,7,0.619033
1.0,32,0.61978
1.0,71,0.621365
1.0,30,0.62208
1.0,6,0.622266
1.0,17,0.622695
1.0,68,0.624225
1.0,8,0.624465
1.0,38,0.62534
1.0,18,0.625785
1.0,12,0.626109
1.0,29,0.626787
1.0,7,0.627005
1.0,77,0.628716
1.0,42,0.629683
1.0,10,0.629967
0.0,13,0.630319
1.0,32,0.631073
1.0,16,0.631474
1.0,16,0.631873
1.0,66,0.633362
1.0,38,0.634252
1.0,45,0.635281
1.0,35,0.636095
0.0,100,0.638307
1.0,49,0.639431
1.0,15,0.639817
1.0,17,0.640254
1.0,35,0.641075
1.0,35,0.641871
1.0,12,0.642196
1.0,23,0.642742
0.0,13,0.643094
1.0,24,0.643671
1.0,67,0.645196
0.0,24,0.645786
1.0,24,0.646371
1.0,19,0.646851
1.0,22,0.6474
1.0,9,0.647652
1.0,12,0.647973
1.0,70,0.649531
0.0,40,0.650458
1.0,32,0.65121
1.0,20,0.651704
0.0,35,0.652531
1.0,30,0.653251
1.0,34,0.654058
1.0,25,0.654653
1.0,23,0.655221
1.0,34,0.656018
1.0,65,0.657474
1.0,72,0.65909
0.0,21,0.659604
1.0,26,0.660233
1.0,47,0.66132
1.0,20,0.66181
1.0,10,0.662091
1.0,26,0.662713
1.0,31,0.663434
0.0,11,0.663731
1.0,12,0.664059
1.0,23,0.664603
0.0,10,0.664879
1.0,6,0.665073
1.0,28,0.665745
1.0,22,0.666277
1.0,40,0.667188
1.0,6,0.667381
1.0,12,0.667701
1.0,19,0.668194
1.0,18,0.668641
1.0,20,0.669142
1.0,34,0.669926
1.0,54,0.671153
1.0,10,0.671423
1.0,10,0.671705
1.0,9,0.671968
0.0,61,0.673347
1.0,70,0.674927
1.0,19,0.675411
1.0,12,0.675724
1.0,17,0.676154
0.0,38,0.67704
1.0,36,0.677874
0.0,17,0.678312
1.0,46,0.679385
1.0,19,0.679849
0.0,10,0.68013
1.0,12,0.68045
1.0,15,0.680824
1.0,29,0.681524
0.0,100,0.683748
1.0,10,0.68404
1.0,23,0.6846
1.0,18,0.685059
1.0,8,0.685297
1.0,8,0.685526
1.0,19,0.686006
1.0,14,0.686369
1.0,27,0.687026
0.0,4,0.687175
1.0,15,0.687566
1.0,7,0.687772
1.0,24,0.688356
1.0,21,0.688875
1.0,21,0.689399
1.0,91,0.691408
1.0,23,0.691966
1.0,20,0.692464
1.0,15,0.692846
1.0,14,0.693219
1.0,25,0.693814
0.0,31,0.694556
0.0,11,0.694852
0.0,100,0.697064
1.0,45,0.698106
1.0,10,0.698385
1.0,17,0.698805
1.0,14,0.699174
0.0,38,0.700055
1.0,22,0.700578
1.0,15,0.700969
1.0,28,0.701627
1.0,7,0.701833
0.0,100,0.704056
1.0,42,0.705031
0.0,39,0.705925
1.0,10,0.706207
1.0,12,0.70652
0.0,22,0.707125
1.0,56,0.708401
0.0,49,0.709519
1.0,50,0.710663
1.0,17,0.711102
1.0,10,0.711378
1.0,11,0.711669
1.0,8,0.711896
1.0,12,0.712226
1.0,31,0.71296
1.0,34,0.713741
1.0,15,0.714146
1.0,86,0.716059
1.0,49,0.717188
1.0,43,0.718194
1.0,9,0.718445
1.0,8,0.718676
1.0,47,0.719762
1.0,65,0.721223
0.0,11,0.721526
1.0,33,0.722303
1.0,31,0.723025
1.0,30,0.723719
1.0,12,0.724039
1.0,8,0.724266
1.0,55,0.725503
1.0,48,0.726611
0.0,7,0.726821
1.0,38,0.727708
1.0,25,0.728328
1.0,13,0.728671
1.0,9,0.728926
0.0,51,0.730098
1.0,8,0.73033
1.0,23,0.730901
1.0,31,0.731631
1.0,27,0.73228
1.0,59,0.733602
1.0,20,0.734103
1.0,36,0.73494
1.0,32,0.735696
1.0,43,0.736686
0.0,58,0.737998
0.0,3,0.738122
1.0,88,0.740075
1.0,67,0.74158
1.0,9,0.741832
1.0,42,0.742792
1.0,37,0.743644
1.0,28,0.744301
0.0,17,0.744895
1.0,21,0.745423
0.0,29,0.746133
1.0,23,0.746696
0.0,5,0.746866
1.0,27,0.747539
1.0,14,0.747895
1.0,35,0.74871
1.0,17,0.749144
1.0,26,0.749765
1.0,66,0.751265
1.0,51,0.752437
1.0,43,0.753427
1.0,13,0.753772
1.0,95,0.755874
1.0,30,0.756595
1.0,9,0.756845
1.0,16,0.75727
1.0,9,0.757528
1.0,19,0.758028
1.0,92,0.760072
1.0,17,0.760497
1.0,65,0.761961
1.0,45,0.762994
1.0,85,0.764858
1.0,27,0.765504
1.0,7,0.76572
1.0,43,0.766711
1.0,56,0.76799
1.0,14,0.768356
1.0,10,0.768626
1.0,14,0.768994
1.0,13,0.769344
1.0,7,0.769557
1.0,46,0.770605
0.0,12,0.77093
1.0,9,0.771199
1.0,15,0.771582
1.0,12,0.771892
1.0,10,0.77217
1.0,52,0.77334
1.0,8,0.773575
1.0,38,0.774456
1.0,17,0.774882
1.0,19,0.775365
1.0,19,0.775829
1.0,15,0.776231
0.0,14,0.776585
1.0,33,0.77736
0.0,17,0.777792
0.0,15,0.778187
1.0,31,0.778902
1.0,49,0.780032
0.0,11,0.780322
1.0,31,0.781051
1.0,39,0.78194
1.0,16,0.782359
1.0,25,0.782961
1.0,28,0.783621
1.0,37,0.784496
1.0,13,0.784835
1.0,9,0.785103
1.0,17,0.785527
1.0,11,0.785818
1.0,19,0.786299
1.0,11,0.786596
1.0,21,0.78712
1.0,83,0.788951
1.0,11,0.789257
1.0,8,0.789494
1.0,11,0.789785
1.0,30,0.790508
1.0,15,0.790899
1.0,11,0.791214
0.0,47,0.792299
1.0,80,0.7941
1.0,23,0.794664
1.0,26,0.795325
0.0,12,0.795648
1.0,24,0.796237
1.0,15,0.796626
1.0,24,0.797221
1.0,11,0.797523
1.0,29,0.798221
1.0,30,0.798943
1.0,40,0.799873
1.0,25,0.80049
1.0,64,0.80194
1.0,10,0.802228
1.0,18,0.802677
1.0,26,0.803305
1.0,31,0.804053
0.0,10,0.80433
1.0,41,0.80529
1.0,19,0.805748
1.0,59,0.807079
1.0,71,0.808761
1.0,18,0.80923
1.0,15,0.809615
1.0,24,0.810205
1.0,29,0.81088
1.0,29,0.811573
0.0,100,0.813807
0.0,15,0.814215
1.0,6,0.814406
1.0,15,0.814787
1.0,15,0.815183
0.0,10,0.815462
1.0,34,0.816257
1.0,17,0.816682
1.0,24,0.817276
1.0,61,0.818671
0.0,17,0.819115
1.0,17,0.81954
1.0,15,0.819923
1.0,56,0.821199
1.0,52,0.822398
1.0,20,0.822893
1.0,26,0.823523
1.0,9,0.823778
1.0,29,0.824467
1.0,22,0.825002
0.0,59,0.826332
1.0,14,0.82669
0.0,5,0.826859
1.0,24,0.827451
1.0,13,0.827796
1.0,56,0.829078
1.0,29,0.829754
1.0,16,0.830197
0.0,27,0.830839
1.0,39,0.831748
1.0,25,0.832369
1.0,49,0.833475
1.0,23,0.834041
1.0,57,0.835323
1.0,24,0.835901
0.0,28,0.836576
1.0,74,0.838217
1.0,13,0.838554
0.0,35,0.839385
0.0,45,0.840432
1.0,59,0.84177
1.0,6,0.841973
1.0,14,0.842331
1.0,28,0.84301
1.0,12,0.843328
1.0,24,0.84389
0.0,7,0.844112
1.0,23,0.844658
1.0,21,0.845175
0.0,100,0.847389
1.0,26,0.848029
1.0,15,0.848409
1.0,18,0.848848
1.0,11,0.849156
0.0,51,0.85032
1.0,33,0.851091
1.0,19,0.851563
1.0,39,0.852464
1.0,7,0.852671
1.0,45,0.853727
0.0,17,0.854163
1.0,41,0.855129
1.0,28,0.855793
1.0,11,0.856103
1.0,41,0.857064
1.0,42,0.858043
1.0,27,0.858682
1.0,19,0.85916
1.0,11,0.859452
1.0,26,0.860075
1.0,15,0.86045
1.0,8,0.86068
1.0,10,0.860953
1.0,32,0.861709
0.0,5,0.861878
1.0,24,0.862463
1.0,11,0.862764
1.0,15,0.863156
1.0,10,0.863433
1.0,14,0.863792
1.0,40,0.864733
0.0,16,0.865155
1.0,9,0.865413
0.0,100,0.867629
1.0,20,0.868146
1.0,76,0.86987
0.0,18,0.870326
0.0,31,0.871075
1.0,40,0.871997
1.0,43,0.872991
1.0,21,0.87351
1.0,76,0.875229
0.0,33,0.876025
0.0,77,0.87775
0.0,29,0.878453
1.0,28,0.879119
1.0,27,0.879753
1.0,14,0.880133
1.0,15,0.880513
1.0,37,0.881383
0.0,25,0.882002
1.0,16,0.882401
0.0,31,0.883141
1.0,23,0.883701
1.0,46,0.884757
1.0,41,0.885703
1.0,64,0.887155
1.0,56,0.888422
0.0,29,0.88911
1.0,16,0.889503
0.0,54,0.89073
1.0,30,0.891448
0.0,11,0.891753
1.0,16,0.892168
0.0,3,0.892297
1.0,38,0.893177
1.0,29,0.893867
1.0,33,0.894648
1.0,40,0.895605
1.0,6,0.895798
1.0,36,0.896643
1.0,16,0.897061
1.0,14,0.89743
1.0,10,0.897703
1.0,16,0.898121
1.0,33,0.8989
1.0,48,0.899998
0.0,62,0.90141
1.0,23,0.901975
1.0,10,0.902256
1.0,9,0.902514
1.0,27,0.903187
1.0,32,0.903933
1.0,21,0.904454
1.0,12,0.904767
1.0,9,0.905036
1.0,22,0.905565
0.0,28,0.906229
1.0,18,0.906678
1.0,7,0.906891
1.0,13,0.907243
1.0,25,0.907906
1.0,6,0.908108
1.0,23,0.908672
1.0,13,0.909017
1.0,28,0.909677
1.0,37,0.910539
1.0,27,0.911195
1.0,33,0.911971
0.0,100,0.91421
1.0,9,0.914477
0.0,24,0.915065
1.0,69,0.916593
0.0,21,0.917118
1.0,19,0.917595
1.0,29,0.918292
1.0,36,0.919122
1.0,52,0.920295
1.0,19,0.920769
1.0,43,0.921755
1.0,28,0.922426
1.0,29,0.923123
1.0,13,0.923456
1.0,21,0.923982
1.0,61,0.92535
1.0,28,0.926017
1.0,50,0.927167
1.0,37,0.928033
1.0,16,0.928439
1.0,47,0.929508
1.0,43,0.930495
1.0,24,0.931068
1.0,41,0.93202
1.0,16,0.93242
0.0,29,0.933107
1.0,59,0.934447
1.0,11,0.934755
1.0,54,0.935978
1.0,61,0.937333
1.0,30,0.938054
1.0,32,0.938797
0.0,14,0.939174
1.0,6,0.939361
1.0,22,0.939885
1.0,22,0.940429
1.0,14,0.940804
1.0,32,0.941566
1.0,24,0.94216
1.0,22,0.942692
1.0,28,0.943365
1.0,10,0.943636
1.0,16,0.944057
1.0,14,0.944423
1.0,57,0.945716
0.0,16,0.946133
1.0,18,0.946577
1.0,62,0.947981
1.0,27,0.948616
1.0,9,0.948873
1.0,38,0.94976
1.0,89,0.951749
1.0,17,0.952192
1.0,17,0.952623
1.0,33,0.953401
0.0,100,0.955606
1.0,40,0.956542
1.0,81,0.958348
0.0,73,0.960001
1.0,29,0.960692
1.0,21,0.961205
1.0,18,0.961653
1.0,29,0.962353
1.0,41,0.963319
0.0,100,0.965546
0.0,19,0.966027
1.0,8,0.966258
1.0,12,0.966575
1.0,14,0.96694
1.0,24,0.967523
1.0,63,0.968935
1.0,31,0.969669
0.0,5,0.969839
1.0,9,0.970105
1.0,80,0.971883
1.0,36,0.972847
0.0,100,0.975081
1.0,20,0.975573
1.0,8,0.975804
0.0,14,0.976175
0.0,15,0.976557
1.0,21,0.977087
1.0,53,0.978283
1.0,36,0.979123
0.0,100,0.981338
1.0,67,0.98283
1.0,74,0.984478
1.0,13,0.984816
1.0,28,0.985491
1.0,11,0.985784
1.0,31,0.986514
1.0,24,0.987094
1.0,15,0.987473
1.0,38,0.988362
1.0,8,0.98859
1.0,19,0.989073
1.0,50,0.990211
1.0,16,0.990613
1.0,6,0.990797
1.0,22,0.991338
1.0,18,0.99178
0.0,12,0.992117
1.0,31,0.992857
1.0,10,0.993148
1.0,12,0.993464
1.0,29,0.994166
1.0,47,0.995241
1.0,19,0.995704
1.0,13,0.996054
1.0,23,0.996613
1.0,15,0.997011
1.0,29,0.997706
1.0,18,0.998154
1.0,38,0.999035
1.0,13,0.999374
1.0,22,0.9999
1.0,17,1.000336
1.0,50,1.00146
1.0,16,1.001871
1.0,11,1.002178
1.0,22,1.002711
1.0,17,1.00315
1.0,21,1.003646
1.0,86,1.005554
1.0,17,1.005981
1.0,18,1.006433
0.0,21,1.006944
1.0,8,1.007185
1.0,23,1.007735
1.0,9,1.008001
1.0,47,1.009145
1.0,20,1.009644
1.0,70,1.011229
1.0,28,1.011907
1.0,22,1.012459
1.0,13,1.012804
0.0,21,1.013327
1.0,17,1.013754
1.0,18,1.014215
1.0,8,1.014443
1.0,20,1.014921
1.0,63,1.016347
1.0,17,1.016774
1.0,30,1.017504
1.0,8,1.017743
1.0,22,1.018287
1.0,19,1.018761
1.0,22,1.019305
1.0,15,1.019689
0.0,52,1.020891
1.0,23,1.021459
1.0,14,1.02181
1.0,55,1.023063
1.0,30,1.023763
1.0,16,1.024174
1.0,13,1.024514
1.0,18,1.024965
1.0,8,1.025201
1.0,22,1.025727
1.0,16,1.026136
1.0,47,1.027213
1.0,38,1.028091
1.0,10,1.028363
0.0,14,1.02873
1.0,11,1.029039
1.0,55,1.030286
1.0,12,1.030599
1.0,8,1.030824
1.0,16,1.031237
1.0,11,1.031528
1.0,12,1.031846
1.0,15,1.032238
0.0,13,1.032581
1.0,20,1.033078
1.0,14,1.03344
1.0,13,1.033769
1.0,14,1.034134
1.0,17,1.034559
0.0,25,1.035187
1.0,17,1.035604
0.0,21,1.036123
1.0,12,1.036442
1.0,11,1.036729
1.0,20,1.037227
1.0,14,1.037589
1.0,21,1.038135
0.0,7,1.038351
1.0,34,1.039148
0.0,8,1.039392
1.0,22,1.039919
1.0,45,1.040962
0.0,100,1.043195
0.0,39,1.044104
1.0,61,1.045501
0.0,100,1.047757
0.0,3,1.047892
1.0,9,1.048153
1.0,35,1.048948
1.0,10,1.049237
1.0,87,1.051166
0.0,21,1.051677
1.0,26,1.052307
1.0,18,1.052746
1.0,57,1.054058
1.0,8,1.054288
1.0,13,1.054629
0.0,3,1.054749
1.0,32,1.055505
1.0,19,1.055988
1.0,14,1.056354
1.0,71,1.057982
1.0,40,1.058905
1.0,7,1.05912
1.0,23,1.059672
0.0,6,1.059864
1.0,7,1.060082
1.0,13,1.06044
1.0,41,1.061394
1.0,9,1.061657
0.0,16,1.062074
1.0,8,1.062305
0.0,3,1.062434
1.0,28,1.063105
0.0,100,1.065331
1.0,25,1.065948
0.0,100,1.068145
0.0,29,1.06883
1.0,22,1.069368
1.0,66,1.070846
1.0,7,1.071066
1.0,8,1.071294
1.0,27,1.071926
0.0,18,1.072382
1.0,24,1.072971
1.0,15,1.073356
1.0,8,1.073584
1.0,17,1.074026
1.0,18,1.074473
1.0,11,1.074769
1.0,15,1.075163
0.0,18,1.075605
1.0,17,1.076048
1.0,38,1.076907
0.0,8,1.077155
1.0,18,1.077608
1.0,8,1.077847
1.0,40,1.07878
1.0,11,1.079083
1.0,8,1.079311
1.0,64,1.080738
1.0,21,1.081252
1.0,25,1.081844
1.0,47,1.082917
1.0,15,1.083306
1.0,19,1.083774
1.0,8,1.08401
1.0,29,1.084671
1.0,9,1.084924
1.0,72,1.086545
0.0,6,1.086738
0.0,62,1.088123
1.0,99,1.090303
1.0,8,1.090532
1.0,67,1.092027
1.0,38,1.092894
1.0,80,1.094692
1.0,27,1.095344
1.0,13,1.095676
1.0,19,1.096152
1.0,30,1.096855
1.0,62,1.098256
1.0,50,1.099389
1.0,46,1.100454
1.0,33,1.101236
1.0,18,1.101688
1.0,33,1.102464
1.0,15,1.102858
1.0,54,1.104087
0.0,15,1.104478
1.0,37,1.105346
1.0,71,1.106906
0.0,15,1.1073
1.0,40,1.108226
1.0,38,1.10919
1.0,31,1.109909
0.0,44,1.110913
1.0,20,1.111417
1.0,22,1.111966
0.0,13,1.112315
0.0,22,1.11286
1.0,13,1.113214
1.0,79,1.114974
1.0,19,1.115454
0.0,3,1.115579
1.0,19,1.11606
1.0,23,1.11662
1.0,12,1.116932
1.0,8,1.117176
1.0,62,1.118572
1.0,39,1.119478
1.0,16,1.119883
1.0,10,1.120164
0.0,3,1.120289
1.0,8,1.120525
1.0,16,1.120917
1.0,11,1.121224
1.0,36,1.122068
1.0,30,1.122769
1.0,12,1.12309
1.0,23,1.12365
1.0,11,1.123937
1.0,7,1.124151
1.0,26,1.124776
0.0,65,1.126238
1.0,8,1.126466
1.0,28,1.127154
1.0,15,1.127531
0.0,10,1.127806
1.0,23,1.128374
1.0,30,1.129097
1.0,29,1.129768
1.0,14,1.130134
1.0,13,1.13048
1.0,11,1.130775
1.0,47,1.131842
1.0,11,1.132143
1.0,7,1.13236
1.0,36,1.1332
1.0,24,1.133779
1.0,42,1.13477
1.0,10,1.135064
1.0,12,1.135378
1.0,60,1.136754
1.0,12,1.137084
0.0,25,1.137672
1.0,8,1.137908
1.0,17,1.138334
1.0,14,1.138696
1.0,19,1.139186
1.0,30,1.139887
1.0,10,1.14017
0.0,18,1.14062
1.0,20,1.14112
1.0,16,1.141529
1.0,34,1.142338
1.0,67,1.143838
1.0,32,1.144585
1.0,98,1.146742
1.0,21,1.14728
1.0,72,1.148894
1.0,28,1.149563
1.0,18,1.150027
1.0,48,1.151109
1.0,50,1.15226
1.0,21,1.152773
1.0,29,1.153486
1.0,9,1.153736
1.0,44,1.154746
1.0,69,1.156296
1.0,58,1.15761
1.0,26,1.158229
1.0,17,1.158661
0.0,23,1.159235
1.0,30,1.159944
0.0,7,1.16016
0.0,18,1.160606
1.0,11,1.160901
1.0,16,1.161311
1.0,22,1.161842
0.0,7,1.162069
1.0,68,1.163582
1.0,11,1.163888
0.0,100,1.166084
1.0,11,1.166432
1.0,18,1.166885
1.0,14,1.167258
1.0,38,1.168144
0.0,50,1.169293
1.0,32,1.170038
1.0,32,1.170785
1.0,12,1.171122
1.0,29,1.171793
0.0,6,1.171993
1.0,85,1.173881
1.0,36,1.174729
1.0,11,1.175034
1.0,13,1.175366
1.0,33,1.176154
1.0,19,1.176627
1.0,8,1.176854
0.0,10,1.177143
1.0,14,1.177495
1.0,34,1.178289
1.0,32,1.179038
1.0,13,1.179372
1.0,14,1.179724
1.0,8,1.179966
1.0,17,1.180396
1.0,9,1.180649
1.0,45,1.181685
1.0,11,1.182002
1.0,11,1.1823
1.0,17,1.182721
1.0,21,1.183235
1.0,28,1.183898
1.0,35,1.184706
0.0,34,1.185513
0.0,6,1.185702
1.0,11,1.186013
1.0,48,1.187122
1.0,17,1.187547
1.0,61,1.18892
1.0,94,1.191016
0.0,39,1.191916
1.0,25,1.192524
1.0,14,1.192887
1.0,69,1.194436
1.0,17,1.194862
0.0,45,1.195889
1.0,17,1.196326
0.0,17,1.196755
1.0,7,1.19697
1.0,25,1.197568
1.0,14,1.197924
1.0,18,1.198383
1.0,38,1.199269
1.0,21,1.19979
1.0,29,1.200485
1.0,43,1.201475
1.0,59,1.20282
1.0,11,1.203135
1.0,12,1.203457
1.0,22,1.203987
0.0,33,1.204755
0.0,42,1.205713
1.0,27,1.206352
1.0,17,1.206786
1.0,39,1.207683
1.0,13,1.208032
1.0,16,1.208439
1.0,17,1.208933
1.0,6,1.209141
0.0,86,1.211073
0.0,33,1.211845
0.0,36,1.212676
1.0,53,1.213875
1.0,46,1.214917
0.0,40,1.215917
1.0,12,1.216248
1.0,11,1.216545
1.0,6,1.216736
1.0,22,1.217283
1.0,12,1.217594
0.0,32,1.218349
1.0,10,1.21862
1.0,70,1.220196
1.0,29,1.220885
1.0,25,1.22154
1.0,82,1.223367
1.0,24,1.223942
1.0,18,1.224385
1.0,15,1.224785
1.0,16,1.225194
1.0,35,1.226005
1.0,27,1.226647
1.0,18,1.227142
1.0,37,1.227998
1.0,37,1.228844
1.0,57,1.23031
1.0,11,1.230615
0.0,100,1.23282
0.0,3,1.232949
1.0,9,1.233239
1.0,27,1.233867
1.0,13,1.234223
1.0,19,1.234687
1.0,38,1.23557
1.0,31,1.236316
1.0,17,1.236737
1.0,23,1.237309
1.0,14,1.237681
1.0,15,1.238085
1.0,66,1.239552
1.0,30,1.240273
1.0,12,1.240587
0.0,23,1.241145
1.0,44,1.242144
0.0,14,1.24251
1.0,8,1.242737
1.0,10,1.243021
1.0,24,1.243597
1.0,37,1.244449
1.0,93,1.246525
1.0,47,1.247625
1.0,16,1.248043
1.0,11,1.24836
0.0,12,1.248681
1.0,14,1.249047
1.0,14,1.249402
1.0,24,1.24998
1.0,75,1.25167
1.0,75,1.253383
1.0,40,1.254318
0.0,35,1.255135
1.0,40,1.25605
1.0,62,1.257453
1.0,6,1.257647
1.0,19,1.258114
1.0,67,1.259606
1.0,31,1.260347
1.0,37,1.261204
1.0,38,1.262085
1.0,19,1.262557
1.0,10,1.262832
1.0,25,1.263437
1.0,10,1.263704
1.0,24,1.26432
0.0,8,1.264561
1.0,16,1.264972
1.0,13,1.265304
1.0,32,1.266068
1.0,14,1.266433
1.0,14,1.266787
1.0,10,1.267066
1.0,9,1.267314
1.0,29,1.268004
1.0,23,1.268546
1.0,10,1.268813
1.0,12,1.26913
1.0,10,1.269406
1.0,12,1.269723
0.0,24,1.270311
1.0,33,1.271081
1.0,69,1.272597
1.0,21,1.273116
1.0,15,1.273494
1.0,20,1.273993
1.0,49,1.275107
1.0,14,1.275467
1.0,12,1.275775
1.0,7,1.275993
1.0,17,1.276419
0.0,13,1.276764
1.0,18,1.277215
1.0,87,1.27914
0.0,61,1.280502
1.0,19,1.280978
1.0,33,1.281734
1.0,9,1.281992
1.0,62,1.283397
1.0,14,1.28375
1.0,59,1.285092
1.0,62,1.286481
1.0,29,1.287182
1.0,10,1.287457
0.0,31,1.288199
1.0,23,1.288756
1.0,29,1.289451
1.0,10,1.28973
0.0,69,1.291293
1.0,46,1.292349
1.0,22,1.292871
1.0,38,1.293768
1.0,42,1.294724
1.0,42,1.295696
1.0,57,1.296996
1.0,45,1.298029
1.0,11,1.298319
1.0,10,1.29859
1.0,12,1.298907
1.0,34,1.299691
0.0,23,1.300265
1.0,11,1.300567
1.0,9,1.300817
1.0,13,1.301158
1.0,30,1.301853
0.0,34,1.302649
1.0,28,1.30332
1.0,17,1.303747
1.0,28,1.304415
1.0,19,1.30489
1.0,97,1.307064
0.0,9,1.30733
1.0,78,1.309067
1.0,22,1.309601
1.0,27,1.310246
1.0,21,1.310751
1.0,17,1.311259
1.0,18,1.311698
1.0,98,1.31389
0.0,21,1.314419
1.0,60,1.315777
1.0,16,1.316195
1.0,61,1.317562
1.0,17,1.317992
1.0,23,1.318541
1.0,24,1.319127
0.0,11,1.319423
1.0,24,1.320004
1.0,22,1.320544
0.0,8,1.320787
1.0,12,1.321107
1.0,34,1.321906
0.0,43,1.322901
1.0,47,1.323976
0.0,11,1.324267
0.0,36,1.325114
1.0,66,1.326583
1.0,34,1.327397
1.0,24,1.327987
1.0,14,1.32835
0.0,100,1.330623
1.0,17,1.331063
1.0,14,1.331429
1.0,9,1.331678
1.0,32,1.332426
1.0,19,1.332895
1.0,8,1.333162
1.0,24,1.333719
1.0,10,1.334001
1.0,23,1.334544
1.0,25,1.335136
1.0,15,1.335508
1.0,34,1.336288
0.0,11,1.336594
1.0,32,1.337343
1.0,33,1.338112
1.0,15,1.338492
1.0,38,1.33937
1.0,21,1.339877
1.0,16,1.340286
1.0,33,1.341061
1.0,17,1.341483
1.0,40,1.342398
1.0,53,1.343603
1.0,23,1.34417
1.0,55,1.345392
1.0,11,1.345689
0.0,41,1.346637
1.0,43,1.34763
1.0,85,1.349534
1.0,44,1.350562
1.0,19,1.351042
1.0,26,1.351655
1.0,43,1.352651
0.0,13,1.352999
1.0,12,1.35332
1.0,35,1.354153
1.0,21,1.35465
1.0,35,1.35546
1.0,17,1.35589
1.0,36,1.356724
1.0,30,1.357439
1.0,89,1.359401
1.0,33,1.360179
1.0,39,1.361087
1.0,19,1.361556
1.0,45,1.362583
1.0,6,1.362774
1.0,16,1.363213
1.0,24,1.36378
0.0,8,1.364019
1.0,33,1.364782
1.0,52,1.365953
1.0,28,1.366622
1.0,17,1.367059
1.0,23,1.367618
1.0,13,1.367949
1.0,22,1.368487
1.0,25,1.369091
1.0,19,1.36956
1.0,21,1.370084
1.0,27,1.370714
1.0,24,1.371288
1.0,54,1.372506
1.0,71,1.374117
1.0,15,1.374519
1.0,41,1.37546
1.0,17,1.375894
1.0,25,1.376488
1.0,34,1.377274
1.0,56,1.378527
1.0,21,1.379042
1.0,8,1.379277
1.0,6,1.379462
0.0,7,1.379671
1.0,30,1.380396
1.0,46,1.381461
1.0,46,1.382508
1.0,35,1.38332
1.0,17,1.383752
1.0,22,1.384294
0.0,11,1.384583
1.0,11,1.38488
1.0,9,1.385138
1.0,14,1.385498
1.0,20,1.385986
1.0,11,1.386276
1.0,12,1.386595
1.0,30,1.387305
1.0,15,1.387688
1.0,21,1.388201
1.0,37,1.389066
1.0,20,1.389551
1.0,35,1.39038
1.0,40,1.391305
1.0,11,1.391595
1.0,59,1.392911
1.0,78,1.394682
1.0,49,1.395798
1.0,9,1.396066
1.0,29,1.396758
1.0,37,1.397631
1.0,18,1.398085
1.0,80,1.399873
1.0,64,1.401319
1.0,38,1.40223
1.0,7,1.402439
1.0,79,1.404218
1.0,31,1.404978
0.0,100,1.407264
1.0,40,1.408228
1.0,71,1.409795
1.0,29,1.410501
1.0,39,1.411435
1.0,28,1.412117
1.0,42,1.413088
1.0,46,1.41414
1.0,37,1.415004
1.0,12,1.415326
0.0,48,1.416431
1.0,13,1.416769
1.0,52,1.417939
0.0,17,1.418436
1.0,75,1.420135
1.0,8,1.420364
1.0,20,1.420858
1.0,39,1.421769
1.0,28,1.422446
0.0,12,1.422765
1.0,11,1.423071
1.0,39,1.423993
1.0,33,1.424757
1.0,15,1.425143
1.0,15,1.42553
1.0,22,1.426075
1.0,42,1.427049
1.0,11,1.42735
1.0,29,1.428042
1.0,58,1.429354
1.0,15,1.429731
1.0,16,1.430136
0.0,100,1.432354
1.0,36,1.433199
1.0,69,1.434722
1.0,20,1.435228
1.0,18,1.435666
1.0,14,1.436039
1.0,17,1.436461
