#{"t_start": 1522144837.5224009, "env_id": "MyFrozenLake-v0"}
r,l,t
0.0,100,0.007491
0.0,100,0.009884
0.0,100,0.012253
0.0,13,0.012632
0.0,100,0.01519
0.0,100,0.017548
0.0,100,0.019914
0.0,100,0.022306
1.0,22,0.022891
1.0,11,0.023235
1.0,60,0.024673
1.0,23,0.02529
0.0,100,0.027708
1.0,20,0.028253
1.0,39,0.02923
0.0,100,0.031573
0.0,100,0.033916
1.0,95,0.036179
1.0,94,0.038432
1.0,18,0.038921
1.0,15,0.039352
1.0,90,0.041504
0.0,12,0.04185
1.0,23,0.042466
0.0,27,0.043171
0.0,55,0.044518
0.0,42,0.045548
0.0,14,0.045923
1.0,69,0.047581
1.0,15,0.047992
0.0,19,0.048515
1.0,25,0.049156
1.0,34,0.050009
0.0,45,0.051135
0.0,33,0.051967
1.0,52,0.053246
1.0,55,0.054599
0.0,47,0.055745
0.0,11,0.056056
0.0,61,0.057524
0.0,100,0.059905
0.0,37,0.060855
0.0,7,0.061095
0.0,100,0.063464
0.0,12,0.063808
1.0,33,0.064638
0.0,100,0.066985
1.0,69,0.068638
0.0,10,0.068936
1.0,19,0.069453
1.0,50,0.070674
1.0,26,0.071351
1.0,14,0.071744
0.0,36,0.072651
1.0,27,0.073369
1.0,46,0.074488
1.0,55,0.075815
1.0,12,0.076164
0.0,18,0.076661
0.0,5,0.076848
1.0,51,0.078086
0.0,10,0.078392
1.0,35,0.079288
0.0,33,0.080106
1.0,9,0.080393
1.0,57,0.081785
1.0,19,0.082294
1.0,17,0.082744
1.0,8,0.082996
1.0,22,0.083575
0.0,13,0.083946
1.0,52,0.085194
1.0,18,0.085679
0.0,18,0.086167
1.0,9,0.086451
1.0,18,0.086925
0.0,11,0.087267
0.0,47,0.088422
1.0,11,0.08874
1.0,20,0.08928
1.0,9,0.08955
1.0,15,0.089962
1.0,90,0.092099
0.0,28,0.092845
1.0,26,0.093515
1.0,11,0.093834
0.0,24,0.094455
0.0,11,0.094768
1.0,32,0.095582
1.0,23,0.096181
1.0,22,0.096735
1.0,12,0.097061
1.0,28,0.097787
1.0,17,0.098253
1.0,10,0.098549
0.0,20,0.099086
1.0,51,0.100366
1.0,28,0.10107
0.0,18,0.101561
0.0,11,0.101893
1.0,22,0.102492
0.0,60,0.103948
1.0,15,0.104378
1.0,61,0.105827
0.0,14,0.106293
1.0,26,0.106961
1.0,24,0.1076
1.0,12,0.107942
1.0,99,0.110313
1.0,14,0.110699
0.0,42,0.111748
0.0,100,0.114097
1.0,30,0.114846
1.0,45,0.115961
0.0,44,0.117036
1.0,54,0.118358
0.0,31,0.119122
1.0,21,0.119683
0.0,4,0.119836
1.0,59,0.121274
1.0,58,0.122655
1.0,21,0.123232
0.0,51,0.124467
1.0,10,0.124765
1.0,14,0.125154
1.0,64,0.12669
1.0,15,0.1271
0.0,100,0.12947
1.0,68,0.131097
1.0,32,0.131901
1.0,22,0.132469
1.0,23,0.133059
1.0,8,0.133311
0.0,8,0.133562
0.0,18,0.134048
1.0,56,0.135412
1.0,32,0.136226
0.0,95,0.138461
1.0,20,0.138975
1.0,82,0.140928
0.0,11,0.141254
0.0,15,0.14166
1.0,14,0.142052
1.0,26,0.142714
0.0,5,0.142896
1.0,11,0.143228
0.0,4,0.143388
0.0,42,0.144413
0.0,100,0.146767
1.0,25,0.147427
1.0,35,0.148298
1.0,67,0.149931
1.0,36,0.150828
1.0,24,0.151441
1.0,88,0.153532
1.0,8,0.153777
1.0,63,0.155317
1.0,47,0.15647
1.0,14,0.156864
1.0,10,0.15716
1.0,21,0.157706
1.0,27,0.158401
0.0,18,0.158894
0.0,34,0.159734
0.0,72,0.16146
1.0,25,0.162093
0.0,25,0.162744
1.0,62,0.164221
1.0,13,0.164576
1.0,49,0.165776
0.0,42,0.166823
1.0,36,0.167734
1.0,16,0.168171
0.0,8,0.168421
1.0,30,0.169185
0.0,33,0.16999
1.0,23,0.170609
1.0,25,0.171265
1.0,9,0.171532
0.0,5,0.171712
1.0,12,0.172048
1.0,24,0.172688
1.0,25,0.17335
0.0,60,0.17479
1.0,65,0.176365
0.0,7,0.176594
1.0,59,0.178012
1.0,26,0.178674
1.0,13,0.179034
0.0,69,0.180678
1.0,19,0.181199
1.0,15,0.181621
1.0,77,0.183477
1.0,41,0.184481
1.0,35,0.185362
0.0,100,0.187697
1.0,23,0.188292
0.0,94,0.190535
0.0,12,0.190887
0.0,9,0.191183
0.0,4,0.191351
0.0,29,0.192097
0.0,9,0.192384
1.0,61,0.19384
1.0,13,0.194208
1.0,90,0.196327
1.0,51,0.197566
1.0,13,0.197936
1.0,12,0.198288
1.0,26,0.198941
0.0,67,0.200538
1.0,54,0.201842
1.0,18,0.202322
1.0,28,0.203037
0.0,100,0.205365
0.0,7,0.205598
1.0,32,0.206402
1.0,47,0.207615
1.0,13,0.207976
1.0,10,0.208282
1.0,36,0.209192
1.0,32,0.209996
1.0,17,0.210451
1.0,61,0.211923
1.0,30,0.212697
1.0,24,0.213325
1.0,19,0.213809
1.0,21,0.214355
0.0,21,0.21489
0.0,34,0.21575
1.0,79,0.217636
1.0,17,0.218095
0.0,53,0.219418
1.0,42,0.220445
0.0,36,0.221334
1.0,27,0.222013
1.0,15,0.222424
1.0,43,0.223455
0.0,16,0.223891
1.0,81,0.225846
1.0,45,0.226981
1.0,47,0.228118
1.0,28,0.228832
1.0,23,0.229434
1.0,58,0.230826
1.0,65,0.232375
1.0,14,0.232763
1.0,19,0.233271
0.0,38,0.234243
0.0,100,0.236599
0.0,29,0.237338
0.0,22,0.237905
1.0,22,0.238482
0.0,36,0.239367
1.0,12,0.239707
1.0,15,0.240119
0.0,8,0.240371
1.0,16,0.240818
1.0,31,0.241594
1.0,22,0.242191
0.0,10,0.242491
0.0,13,0.242858
1.0,73,0.24461
1.0,28,0.24533
1.0,17,0.245799
1.0,25,0.246438
1.0,56,0.247789
1.0,22,0.248375
1.0,20,0.248889
1.0,44,0.249985
1.0,89,0.252119
1.0,15,0.252534
1.0,41,0.253538
1.0,22,0.254107
0.0,12,0.254449
1.0,8,0.254692
1.0,6,0.254889
1.0,27,0.255572
1.0,30,0.256322
1.0,20,0.256853
0.0,53,0.258151
1.0,11,0.258475
1.0,96,0.260754
1.0,79,0.26264
0.0,100,0.26498
0.0,64,0.266523
0.0,9,0.266802
0.0,11,0.267113
0.0,68,0.26875
1.0,18,0.269255
0.0,7,0.269481
1.0,91,0.271638
0.0,100,0.274035
1.0,12,0.274383
1.0,60,0.275814
1.0,19,0.276318
1.0,15,0.276743
1.0,28,0.277474
0.0,10,0.277775
0.0,100,0.280136
1.0,29,0.280888
1.0,9,0.281177
0.0,75,0.282911
1.0,20,0.283444
1.0,9,0.283719
0.0,7,0.283943
0.0,100,0.286273
0.0,100,0.288628
0.0,100,0.290974
1.0,12,0.291335
1.0,15,0.291747
1.0,17,0.292216
1.0,11,0.292528
0.0,24,0.293159
1.0,8,0.293413
1.0,74,0.295149
0.0,27,0.295841
1.0,13,0.29622
0.0,100,0.298621
1.0,74,0.300411
1.0,10,0.300714
0.0,20,0.301239
0.0,15,0.301647
0.0,17,0.302121
1.0,18,0.302615
1.0,22,0.303197
1.0,64,0.304726
0.0,28,0.305442
0.0,12,0.305789
1.0,61,0.307263
1.0,20,0.307867
0.0,24,0.308513
0.0,30,0.309275
1.0,56,0.310595
0.0,12,0.31094
0.0,100,0.313296
1.0,40,0.31428
1.0,78,0.316089
1.0,80,0.318001
1.0,30,0.318762
1.0,24,0.319393
1.0,23,0.319986
0.0,62,0.321485
1.0,18,0.321989
1.0,25,0.322628
0.0,15,0.323052
0.0,46,0.324178
1.0,36,0.325058
1.0,31,0.325836
1.0,21,0.326395
0.0,67,0.328025
1.0,62,0.329495
1.0,9,0.329767
0.0,37,0.330679
1.0,16,0.331112
0.0,89,0.333199
0.0,33,0.333997
1.0,41,0.334991
0.0,31,0.33577
1.0,60,0.337218
1.0,16,0.337661
1.0,65,0.339209
1.0,17,0.33968
0.0,100,0.341987
1.0,30,0.342747
1.0,36,0.343658
1.0,93,0.345832
0.0,100,0.34822
0.0,36,0.349118
1.0,6,0.349335
0.0,3,0.349464
0.0,67,0.351067
1.0,23,0.351661
1.0,28,0.352385
1.0,10,0.352682
1.0,38,0.35361
0.0,20,0.354142
1.0,20,0.354668
1.0,31,0.355451
1.0,8,0.355707
1.0,72,0.357438
0.0,100,0.359766
1.0,64,0.361338
1.0,70,0.362996
0.0,10,0.363308
1.0,26,0.363972
1.0,50,0.365173
1.0,13,0.365545
1.0,58,0.366945
0.0,24,0.367578
0.0,13,0.36794
1.0,27,0.368633
1.0,15,0.369036
1.0,32,0.369821
0.0,13,0.370199
0.0,29,0.370923
1.0,64,0.372455
1.0,47,0.373581
0.0,20,0.37409
1.0,38,0.375019
1.0,53,0.376296
0.0,60,0.37774
1.0,13,0.378096
0.0,19,0.378603
1.0,48,0.379772
0.0,68,0.381395
0.0,20,0.381912
1.0,33,0.382727
1.0,10,0.383021
1.0,14,0.383428
1.0,31,0.384215
1.0,16,0.384651
1.0,29,0.385385
0.0,62,0.386894
0.0,55,0.388243
1.0,80,0.390106
1.0,7,0.390337
0.0,17,0.390799
1.0,9,0.391074
1.0,27,0.391793
0.0,4,0.391947
0.0,16,0.392429
1.0,20,0.392961
1.0,23,0.393562
1.0,34,0.39441
1.0,11,0.394719
0.0,20,0.395247
1.0,16,0.395683
1.0,84,0.397663
0.0,100,0.399984
1.0,26,0.400646
0.0,61,0.402112
1.0,32,0.402922
0.0,21,0.403491
0.0,13,0.403865
1.0,47,0.405016
0.0,73,0.40678
0.0,4,0.406945
1.0,74,0.408737
1.0,18,0.409333
0.0,8,0.409601
1.0,9,0.409875
1.0,51,0.411102
0.0,62,0.412619
1.0,53,0.413903
1.0,18,0.414392
1.0,12,0.414722
1.0,55,0.416097
1.0,50,0.417314
1.0,27,0.417991
1.0,25,0.418652
1.0,25,0.419316
0.0,6,0.41952
0.0,100,0.421885
0.0,14,0.422288
1.0,80,0.424192
1.0,19,0.424692
1.0,17,0.425163
1.0,17,0.425629
0.0,30,0.426395
1.0,13,0.426758
1.0,32,0.427559
0.0,8,0.427811
1.0,20,0.428343
1.0,33,0.429152
1.0,20,0.429678
0.0,6,0.42988
1.0,35,0.430761
1.0,26,0.431448
0.0,73,0.43321
1.0,48,0.434366
1.0,9,0.434649
1.0,12,0.434983
1.0,7,0.435211
1.0,30,0.435961
1.0,23,0.436578
1.0,15,0.436989
1.0,19,0.43752
1.0,56,0.438898
1.0,44,0.439982
1.0,59,0.441422
1.0,22,0.441985
1.0,42,0.443037
1.0,25,0.443675
1.0,54,0.444985
1.0,30,0.445736
1.0,16,0.446177
1.0,15,0.446576
1.0,20,0.447097
1.0,26,0.447753
1.0,8,0.448003
1.0,32,0.448795
1.0,27,0.449474
0.0,100,0.451794
1.0,20,0.452345
1.0,29,0.453065
1.0,10,0.453378
0.0,37,0.454317
1.0,21,0.45488
1.0,80,0.456773
1.0,20,0.457302
1.0,70,0.458953
1.0,13,0.459332
0.0,18,0.459834
0.0,100,0.462252
1.0,62,0.463745
1.0,26,0.464431
0.0,28,0.465167
1.0,34,0.466021
1.0,14,0.466417
1.0,55,0.467713
0.0,23,0.46832
0.0,20,0.468844
1.0,38,0.469799
1.0,36,0.470699
0.0,19,0.471216
1.0,27,0.471903
1.0,36,0.472797
1.0,21,0.473344
1.0,59,0.474776
0.0,100,0.477135
0.0,83,0.479135
0.0,7,0.479365
0.0,50,0.480568
0.0,4,0.480722
1.0,21,0.481282
1.0,16,0.481714
1.0,29,0.482453
1.0,8,0.482698
1.0,8,0.482938
1.0,16,0.483375
0.0,9,0.483646
1.0,8,0.483898
0.0,42,0.484955
1.0,44,0.486013
0.0,100,0.488369
1.0,25,0.489009
0.0,100,0.491382
1.0,70,0.493026
1.0,48,0.494215
0.0,58,0.495622
0.0,7,0.49586
1.0,15,0.496286
0.0,31,0.497042
1.0,19,0.497569
1.0,71,0.499285
0.0,100,0.50164
1.0,60,0.503067
1.0,18,0.503548
1.0,14,0.503923
0.0,18,0.504406
1.0,13,0.504773
0.0,16,0.505209
0.0,57,0.506557
1.0,55,0.507886
0.0,13,0.508268
1.0,10,0.508564
1.0,71,0.510273
1.0,12,0.510682
0.0,100,0.513054
0.0,69,0.514703
0.0,100,0.517051
1.0,53,0.518319
1.0,6,0.51852
1.0,29,0.519236
1.0,23,0.519839
1.0,24,0.520468
1.0,28,0.521182
1.0,19,0.521699
1.0,35,0.522607
0.0,23,0.523219
0.0,39,0.524193
0.0,87,0.526221
0.0,32,0.527027
0.0,15,0.527453
0.0,15,0.527854
0.0,46,0.528983
0.0,35,0.529841
0.0,80,0.53176
1.0,17,0.532242
0.0,26,0.532905
1.0,55,0.534255
1.0,16,0.534694
1.0,38,0.535657
0.0,100,0.538009
0.0,70,0.539692
1.0,9,0.53996
1.0,66,0.541533
1.0,83,0.543518
0.0,31,0.544298
1.0,14,0.544688
1.0,18,0.545169
0.0,7,0.545396
0.0,26,0.546054
0.0,13,0.546431
1.0,55,0.547751
0.0,100,0.550087
1.0,58,0.551501
1.0,54,0.552816
1.0,54,0.554151
0.0,31,0.55493
1.0,95,0.557203
1.0,13,0.55757
0.0,19,0.558071
0.0,100,0.560468
1.0,33,0.561316
1.0,7,0.561539
1.0,19,0.562033
1.0,51,0.563268
0.0,100,0.565613
1.0,88,0.56769
1.0,36,0.568569
1.0,41,0.569545
1.0,29,0.570284
1.0,16,0.570723
0.0,53,0.571981
1.0,43,0.573019
1.0,79,0.574896
1.0,84,0.576906
1.0,44,0.577974
1.0,27,0.578659
0.0,100,0.581006
1.0,20,0.581551
1.0,24,0.582168
1.0,22,0.582736
1.0,39,0.58371
1.0,54,0.585035
0.0,86,0.587036
1.0,31,0.587805
0.0,34,0.58865
1.0,30,0.589411
0.0,12,0.589756
0.0,100,0.592121
0.0,11,0.592457
0.0,100,0.594799
1.0,76,0.596631
1.0,39,0.597594
1.0,36,0.598497
1.0,12,0.59885
1.0,47,0.600007
0.0,29,0.600747
1.0,19,0.601262
1.0,73,0.602997
1.0,15,0.603443
1.0,35,0.60431
1.0,13,0.604675
1.0,10,0.604967
0.0,28,0.605671
0.0,29,0.606404
1.0,40,0.607359
1.0,50,0.60859
1.0,25,0.609249
1.0,11,0.609567
1.0,71,0.611264
1.0,37,0.612269
1.0,28,0.612963
1.0,23,0.613562
0.0,8,0.613816
1.0,24,0.614453
0.0,100,0.616847
0.0,29,0.617587
0.0,43,0.618639
1.0,21,0.619208
0.0,46,0.620344
0.0,65,0.621908
1.0,41,0.622929
1.0,7,0.623172
1.0,37,0.624076
1.0,34,0.624918
1.0,48,0.62607
0.0,87,0.628124
1.0,43,0.629179
1.0,29,0.629923
0.0,37,0.630869
0.0,8,0.63112
1.0,45,0.632213
1.0,11,0.632529
1.0,36,0.633421
0.0,88,0.635543
1.0,41,0.636556
1.0,49,0.637742
1.0,16,0.638182
0.0,100,0.640588
1.0,14,0.640986
1.0,69,0.642645
1.0,23,0.643245
0.0,100,0.645612
0.0,7,0.645837
1.0,17,0.646301
1.0,16,0.646734
0.0,5,0.646907
1.0,45,0.648015
1.0,24,0.648643
1.0,32,0.649446
0.0,17,0.649904
1.0,37,0.650813
1.0,20,0.651346
1.0,61,0.652821
1.0,54,0.654108
1.0,47,0.65527
1.0,19,0.655771
0.0,16,0.65621
1.0,22,0.656787
1.0,27,0.657478
1.0,20,0.658001
1.0,15,0.658434
1.0,91,0.660618
1.0,14,0.661015
0.0,7,0.661253
1.0,37,0.662168
0.0,24,0.662779
1.0,41,0.663799
0.0,12,0.664152
1.0,25,0.66479
0.0,100,0.667184
1.0,25,0.667823
1.0,44,0.66891
0.0,100,0.671281
0.0,5,0.671467
1.0,19,0.671968
1.0,40,0.672951
1.0,26,0.673659
1.0,83,0.675707
0.0,48,0.676861
1.0,14,0.677269
1.0,80,0.679148
1.0,39,0.680123
1.0,23,0.680702
1.0,27,0.681391
1.0,8,0.681634
0.0,10,0.681926
0.0,100,0.684304
0.0,59,0.685729
0.0,100,0.688094
1.0,19,0.688616
0.0,53,0.689909
1.0,24,0.690542
1.0,26,0.691233
1.0,33,0.692048
1.0,19,0.692553
1.0,55,0.693866
0.0,97,0.696183
1.0,14,0.696576
1.0,34,0.697426
1.0,21,0.697984
1.0,24,0.698598
1.0,19,0.699091
1.0,23,0.699672
1.0,57,0.701067
1.0,84,0.70308
1.0,41,0.704102
0.0,29,0.704834
1.0,17,0.705307
1.0,15,0.705712
1.0,20,0.706244
1.0,31,0.706993
1.0,15,0.707422
0.0,100,0.709759
0.0,11,0.710086
1.0,33,0.710905
1.0,55,0.712236
1.0,27,0.712964
1.0,98,0.715309
1.0,8,0.715555
1.0,19,0.716056
1.0,9,0.716339
1.0,14,0.716736
0.0,8,0.716992
1.0,13,0.717379
1.0,25,0.718008
1.0,19,0.718516
1.0,20,0.719025
1.0,30,0.719836
0.0,100,0.722173
1.0,96,0.724422
0.0,63,0.725936
1.0,37,0.726864
1.0,11,0.727194
1.0,24,0.727799
1.0,34,0.728655
0.0,66,0.730253
1.0,36,0.73112
1.0,30,0.73189
1.0,44,0.733006
1.0,31,0.733792
1.0,19,0.734329
1.0,18,0.734807
1.0,76,0.736609
0.0,50,0.73782
1.0,72,0.739542
1.0,28,0.740263
1.0,22,0.740824
0.0,10,0.741117
1.0,43,0.742185
1.0,30,0.742955
1.0,50,0.744214
1.0,9,0.744487
1.0,14,0.744872
1.0,15,0.745281
1.0,10,0.745567
1.0,30,0.746315
1.0,11,0.746624
1.0,28,0.747322
1.0,9,0.747595
1.0,11,0.747899
1.0,14,0.748305
1.0,14,0.74869
0.0,39,0.749645
1.0,20,0.750182
1.0,59,0.751612
0.0,10,0.751908
1.0,15,0.752342
0.0,6,0.752566
1.0,8,0.752815
1.0,23,0.753446
1.0,23,0.754037
1.0,11,0.754363
1.0,45,0.755463
1.0,85,0.757467
1.0,8,0.757714
0.0,16,0.758149
1.0,100,0.760475
0.0,43,0.761543
1.0,15,0.761943
0.0,72,0.763668
1.0,56,0.765018
1.0,37,0.765935
0.0,33,0.766767
0.0,59,0.76821
1.0,33,0.769033
0.0,19,0.769536
1.0,8,0.769786
1.0,37,0.770712
1.0,53,0.771995
1.0,38,0.772937
0.0,100,0.775289
1.0,48,0.776468
0.0,21,0.777023
0.0,4,0.777186
1.0,24,0.777794
1.0,40,0.778769
1.0,24,0.779397
0.0,22,0.77996
1.0,60,0.781408
1.0,43,0.782466
1.0,17,0.782911
0.0,16,0.783371
0.0,26,0.784026
1.0,32,0.784817
1.0,39,0.785817
1.0,11,0.786136
1.0,37,0.787063
1.0,11,0.7874
0.0,100,0.789715
1.0,61,0.791161
1.0,6,0.791359
0.0,15,0.791752
1.0,27,0.792428
1.0,21,0.792987
1.0,18,0.79348
0.0,5,0.793664
1.0,44,0.794722
1.0,24,0.795327
1.0,16,0.795759
0.0,18,0.796243
1.0,42,0.79728
1.0,11,0.7976
0.0,39,0.798549
0.0,32,0.79935
1.0,16,0.799789
1.0,20,0.800323
1.0,45,0.801416
0.0,12,0.801749
1.0,54,0.803069
0.0,13,0.80345
0.0,60,0.804914
0.0,69,0.806556
1.0,26,0.807216
1.0,14,0.80759
0.0,11,0.807897
1.0,86,0.809926
1.0,12,0.810281
1.0,15,0.810683
1.0,30,0.811444
0.0,46,0.812547
0.0,44,0.813678
1.0,26,0.814337
1.0,22,0.814906
1.0,25,0.815559
1.0,41,0.816563
0.0,13,0.816936
1.0,9,0.817223
0.0,65,0.818765
1.0,17,0.819242
1.0,37,0.820163
1.0,23,0.820749
1.0,59,0.822153
1.0,21,0.822703
1.0,6,0.8229
1.0,38,0.823838
1.0,14,0.824238
0.0,21,0.82479
1.0,8,0.825042
1.0,13,0.825425
1.0,60,0.826888
0.0,100,0.829295
1.0,51,0.830553
1.0,51,0.831807
0.0,43,0.832897
1.0,34,0.833782
1.0,34,0.834659
0.0,19,0.835164
1.0,19,0.835649
1.0,15,0.836057
0.0,4,0.836217
1.0,10,0.83651
1.0,10,0.836806
0.0,18,0.837291
1.0,14,0.83768
1.0,47,0.83882
1.0,34,0.839656
1.0,26,0.840333
1.0,23,0.840917
1.0,23,0.84152
0.0,40,0.842514
1.0,33,0.843357
1.0,52,0.84459
1.0,39,0.845548
1.0,31,0.846344
1.0,15,0.84675
0.0,4,0.846905
0.0,4,0.847063
1.0,34,0.847925
0.0,11,0.848244
1.0,46,0.849359
0.0,21,0.849903
0.0,88,0.852031
1.0,18,0.852509
0.0,6,0.852714
0.0,5,0.852895
1.0,19,0.853388
1.0,39,0.854348
1.0,25,0.854975
1.0,98,0.857262
1.0,7,0.857491
1.0,23,0.858067
0.0,100,0.860475
1.0,14,0.860865
0.0,15,0.861294
1.0,34,0.862141
1.0,28,0.862846
1.0,22,0.863404
1.0,12,0.863739
1.0,10,0.864021
1.0,10,0.864316
1.0,16,0.86475
1.0,28,0.865454
1.0,28,0.866163
1.0,16,0.866598
1.0,58,0.867987
1.0,54,0.869291
1.0,32,0.870079
1.0,24,0.870706
1.0,8,0.870948
1.0,67,0.872543
0.0,78,0.874379
1.0,46,0.875472
1.0,27,0.876168
0.0,54,0.877477
0.0,25,0.878113
0.0,13,0.878491
0.0,45,0.879585
0.0,100,0.881957
0.0,3,0.882097
1.0,51,0.883344
1.0,24,0.88396
1.0,53,0.885237
1.0,45,0.886335
1.0,50,0.887552
0.0,20,0.888078
1.0,49,0.889288
0.0,55,0.890623
0.0,61,0.89211
1.0,12,0.892499
0.0,13,0.892855
1.0,68,0.894473
1.0,58,0.895839
1.0,13,0.896211
1.0,23,0.896795
1.0,15,0.897206
1.0,15,0.897608
1.0,45,0.898732
1.0,27,0.899445
0.0,20,0.899969
0.0,73,0.901721
1.0,74,0.903509
0.0,75,0.905331
1.0,35,0.906216
1.0,33,0.907059
0.0,100,0.909464
1.0,48,0.910671
0.0,34,0.911538
1.0,18,0.912023
0.0,48,0.91319
1.0,56,0.914613
1.0,39,0.915595
1.0,22,0.916211
1.0,27,0.916883
0.0,22,0.917485
0.0,42,0.918549
1.0,9,0.918834
1.0,24,0.919477
1.0,48,0.92066
1.0,24,0.921277
1.0,25,0.921916
0.0,8,0.922171
1.0,13,0.922535
1.0,31,0.923328
1.0,18,0.9238
1.0,52,0.925049
0.0,9,0.925336
0.0,58,0.926755
1.0,22,0.927323
0.0,4,0.927474
1.0,9,0.927737
1.0,52,0.928982
1.0,12,0.929333
1.0,33,0.930152
0.0,6,0.930356
0.0,31,0.931122
1.0,13,0.931508
0.0,6,0.931712
1.0,40,0.932686
0.0,100,0.935
1.0,58,0.936405
1.0,40,0.937416
1.0,31,0.938206
1.0,22,0.93878
1.0,11,0.939088
1.0,21,0.939639
1.0,8,0.939879
1.0,38,0.94081
1.0,20,0.941343
1.0,65,0.942918
1.0,30,0.943669
1.0,18,0.944149
0.0,28,0.944852
1.0,27,0.945541
1.0,89,0.947656
1.0,36,0.948564
1.0,16,0.948999
1.0,35,0.949855
1.0,37,0.950785
1.0,11,0.951103
1.0,27,0.951788
1.0,17,0.952267
1.0,26,0.952915
0.0,73,0.954648
1.0,33,0.955503
1.0,37,0.956425
0.0,20,0.95694
1.0,54,0.958229
1.0,67,0.959809
1.0,36,0.960713
1.0,50,0.961918
1.0,44,0.963016
1.0,32,0.963831
1.0,40,0.964818
0.0,100,0.967182
1.0,55,0.968504
1.0,14,0.968888
1.0,17,0.969357
0.0,23,0.969931
1.0,11,0.970268
1.0,6,0.970475
0.0,44,0.971558
1.0,12,0.971905
0.0,23,0.972504
0.0,100,0.974838
0.0,24,0.975466
1.0,8,0.97571
0.0,15,0.976102
1.0,38,0.97704
1.0,15,0.977463
1.0,26,0.978118
1.0,32,0.978919
1.0,47,0.98004
1.0,20,0.98059
0.0,5,0.980764
0.0,60,0.982241
1.0,40,0.983218
1.0,20,0.983754
1.0,47,0.984874
0.0,16,0.985309
1.0,40,0.986296
1.0,33,0.987104
1.0,42,0.988115
1.0,9,0.988385
1.0,17,0.988822
1.0,30,0.98959
0.0,3,0.989725
0.0,36,0.990633
0.0,5,0.99081
0.0,100,0.993133
1.0,30,0.993871
1.0,32,0.994678
0.0,15,0.99508
1.0,55,0.996387
0.0,100,0.998705
1.0,56,1.000036
0.0,23,1.000628
1.0,18,1.001108
1.0,11,1.001429
1.0,21,1.001955
1.0,19,1.002459
1.0,22,1.003025
1.0,13,1.00339
1.0,66,1.004987
1.0,47,1.00615
1.0,19,1.006646
0.0,18,1.00711
1.0,61,1.008576
1.0,11,1.008896
0.0,90,1.011014
1.0,41,1.012027
1.0,15,1.01245
1.0,24,1.013055
1.0,15,1.013596
1.0,50,1.01492
0.0,38,1.015882
1.0,26,1.01655
1.0,53,1.017825
0.0,8,1.018076
1.0,20,1.018594
1.0,22,1.019163
1.0,17,1.019613
1.0,21,1.020174
0.0,6,1.020379
1.0,86,1.02242
1.0,44,1.023473
1.0,21,1.024016
1.0,70,1.025658
1.0,41,1.026665
0.0,7,1.026885
1.0,10,1.02718
1.0,22,1.02775
1.0,14,1.028123
1.0,28,1.028836
0.0,9,1.029115
0.0,27,1.029804
0.0,100,1.03214
1.0,31,1.032904
1.0,48,1.034077
1.0,55,1.035403
1.0,72,1.037116
0.0,7,1.037344
0.0,36,1.038231
1.0,36,1.03914
1.0,29,1.039859
1.0,14,1.040252
0.0,17,1.040703
1.0,54,1.041982
0.0,65,1.043534
1.0,27,1.044225
1.0,38,1.045153
1.0,19,1.045661
0.0,60,1.047121
1.0,15,1.047544
1.0,29,1.048274
1.0,32,1.049066
0.0,100,1.051451
1.0,17,1.051905
0.0,25,1.052574
1.0,11,1.052886
1.0,70,1.054552
1.0,64,1.056091
1.0,18,1.056591
1.0,76,1.058413
1.0,92,1.060573
1.0,20,1.061084
1.0,27,1.061778
1.0,17,1.062246
1.0,37,1.063151
1.0,31,1.063909
1.0,16,1.064355
1.0,9,1.064621
1.0,39,1.065572
1.0,17,1.066022
1.0,17,1.066485
1.0,20,1.066999
0.0,34,1.067825
0.0,22,1.068419
1.0,25,1.069049
1.0,21,1.069596
0.0,23,1.070215
1.0,10,1.070503
1.0,85,1.072555
1.0,42,1.073609
1.0,26,1.074293
1.0,12,1.074624
1.0,14,1.075013
0.0,18,1.075512
1.0,20,1.076029
1.0,13,1.076404
1.0,9,1.076669
1.0,22,1.07726
1.0,11,1.077577
0.0,5,1.07775
1.0,24,1.078358
1.0,24,1.078964
1.0,62,1.080477
1.0,22,1.081043
1.0,78,1.082862
0.0,24,1.083487
1.0,27,1.084186
1.0,16,1.084638
1.0,14,1.085027
1.0,79,1.086896
1.0,7,1.087133
0.0,53,1.088413
0.0,36,1.089332
1.0,14,1.08971
0.0,100,1.092048
1.0,26,1.092731
0.0,16,1.093196
1.0,50,1.094417
1.0,46,1.095554
0.0,18,1.096028
1.0,10,1.096329
1.0,25,1.096945
0.0,32,1.097739
0.0,9,1.098017
1.0,20,1.098559
0.0,5,1.098735
1.0,91,1.10088
0.0,38,1.101834
0.0,7,1.102063
1.0,23,1.102646
1.0,38,1.10357
1.0,32,1.104357
1.0,16,1.104783
0.0,31,1.105566
0.0,35,1.10645
0.0,13,1.106822
0.0,7,1.10706
0.0,11,1.107385
0.0,12,1.107741
1.0,64,1.109255
0.0,100,1.111594
1.0,28,1.112294
1.0,9,1.112565
1.0,7,1.112784
1.0,26,1.113447
1.0,33,1.114266
0.0,48,1.1155
0.0,100,1.117856
1.0,71,1.119544
1.0,20,1.12005
1.0,12,1.120403
1.0,25,1.121033
1.0,40,1.122028
1.0,30,1.122775
1.0,16,1.123213
0.0,4,1.123372
0.0,100,1.125674
1.0,38,1.126623
1.0,38,1.127666
1.0,37,1.128674
0.0,86,1.130813
0.0,20,1.131348
0.0,100,1.133702
0.0,100,1.136065
1.0,8,1.136322
1.0,80,1.138222
1.0,54,1.139535
0.0,28,1.140236
1.0,54,1.141562
1.0,12,1.141896
1.0,35,1.142774
1.0,20,1.14331
0.0,24,1.143913
1.0,17,1.144387
1.0,45,1.145479
0.0,100,1.147816
1.0,13,1.148195
1.0,8,1.148443
1.0,33,1.149243
1.0,15,1.149644
1.0,30,1.150393
0.0,57,1.151745
1.0,58,1.153136
1.0,35,1.154011
1.0,10,1.154312
0.0,9,1.15459
1.0,16,1.155026
1.0,14,1.155425
0.0,45,1.156527
0.0,100,1.158869
1.0,46,1.160006
0.0,100,1.162376
0.0,55,1.163682
1.0,41,1.164703
0.0,27,1.165391
1.0,26,1.166041
1.0,13,1.16641
1.0,10,1.166701
0.0,67,1.168319
1.0,59,1.169744
0.0,30,1.170507
1.0,99,1.172834
0.0,55,1.174242
1.0,63,1.175754
1.0,27,1.176461
0.0,36,1.177357
0.0,20,1.177878
1.0,24,1.178499
0.0,33,1.179355
0.0,21,1.179895
1.0,30,1.180655
0.0,100,1.183003
1.0,15,1.183436
1.0,21,1.183982
1.0,21,1.184524
1.0,65,1.186092
1.0,18,1.186571
1.0,18,1.187056
0.0,20,1.187577
1.0,29,1.188309
1.0,33,1.189116
1.0,40,1.190137
1.0,18,1.190613
1.0,55,1.191931
1.0,26,1.192591
1.0,31,1.193379
0.0,11,1.193689
1.0,10,1.193973
1.0,33,1.194793
1.0,21,1.195349
1.0,49,1.196521
0.0,19,1.197019
0.0,100,1.199325
1.0,28,1.200002
1.0,38,1.200949
0.0,5,1.201141
1.0,51,1.202349
1.0,36,1.20324
1.0,22,1.203812
1.0,18,1.204291
0.0,19,1.204801
0.0,13,1.205173
1.0,78,1.207006
1.0,33,1.207818
1.0,99,1.210152
1.0,23,1.210756
0.0,9,1.21103
0.0,35,1.211899
0.0,94,1.214259
0.0,52,1.215519
0.0,61,1.216995
1.0,39,1.21793
1.0,48,1.219067
1.0,7,1.219308
1.0,17,1.219754
1.0,15,1.22016
1.0,26,1.220813
1.0,7,1.22103
1.0,40,1.221995
1.0,14,1.222387
1.0,14,1.222757
1.0,17,1.223201
0.0,11,1.223523
1.0,17,1.224049
1.0,36,1.224948
1.0,31,1.225737
1.0,10,1.226025
1.0,6,1.22623
1.0,8,1.226486
1.0,60,1.227946
1.0,15,1.22838
1.0,36,1.229303
1.0,31,1.230067
1.0,20,1.2306
0.0,9,1.230871
1.0,63,1.232374
0.0,17,1.232824
0.0,70,1.234525
1.0,36,1.235404
1.0,19,1.235905
0.0,17,1.236378
0.0,16,1.236827
1.0,52,1.238084
1.0,9,1.238368
0.0,11,1.238683
0.0,100,1.241039
1.0,34,1.241894
1.0,39,1.242852
1.0,26,1.243505
0.0,17,1.243958
0.0,100,1.246313
1.0,67,1.24789
0.0,100,1.250291
1.0,27,1.250972
0.0,13,1.251336
1.0,8,1.251586
1.0,24,1.252215
1.0,16,1.252652
0.0,8,1.252906
1.0,21,1.253462
0.0,11,1.253788
1.0,29,1.254537
1.0,33,1.255368
0.0,36,1.25627
1.0,16,1.256692
1.0,12,1.257027
1.0,6,1.257235
1.0,22,1.257796
1.0,38,1.258765
1.0,36,1.259648
1.0,28,1.26036
1.0,13,1.260712
0.0,7,1.260941
1.0,47,1.262076
0.0,100,1.264378
1.0,26,1.265042
1.0,25,1.2657
1.0,19,1.266229
1.0,20,1.266745
1.0,30,1.267485
0.0,16,1.267911
0.0,35,1.268787
0.0,9,1.269058
0.0,40,1.27004
1.0,82,1.271997
1.0,38,1.272922
1.0,16,1.273363
1.0,37,1.274262
1.0,12,1.274589
1.0,12,1.274926
1.0,25,1.275568
1.0,33,1.27639
1.0,52,1.277638
1.0,23,1.278232
1.0,32,1.27901
0.0,5,1.279202
0.0,11,1.279526
0.0,100,1.281893
1.0,40,1.282872
0.0,58,1.284286
0.0,16,1.284719
0.0,6,1.284915
1.0,36,1.285785
0.0,100,1.288095
1.0,33,1.288929
1.0,35,1.289794
0.0,12,1.290159
0.0,28,1.290893
1.0,8,1.291153
0.0,15,1.291562
1.0,34,1.292416
1.0,43,1.293466
1.0,18,1.293947
0.0,9,1.294228
1.0,19,1.294733
0.0,3,1.294867
1.0,20,1.295393
1.0,12,1.295732
0.0,20,1.296265
0.0,18,1.296745
0.0,7,1.296981
1.0,26,1.297647
1.0,17,1.298086
1.0,28,1.298798
0.0,30,1.299558
0.0,100,1.301921
1.0,40,1.302934
0.0,100,1.305246
0.0,37,1.306176
1.0,63,1.307653
0.0,23,1.308255
1.0,54,1.309576
1.0,33,1.310418
0.0,15,1.310828
1.0,37,1.311761
0.0,31,1.31255
0.0,31,1.313323
1.0,26,1.314003
1.0,25,1.314661
1.0,10,1.314948
0.0,100,1.317304
1.0,12,1.317652
0.0,12,1.317995
1.0,62,1.319468
0.0,44,1.320569
1.0,13,1.320927
0.0,24,1.321569
0.0,100,1.323895
0.0,39,1.324944
1.0,37,1.32587
0.0,69,1.327537
1.0,83,1.329458
0.0,40,1.330421
0.0,100,1.332734
1.0,36,1.333633
1.0,28,1.334354
1.0,37,1.33528
1.0,63,1.33681
0.0,8,1.337055
1.0,34,1.337904
1.0,10,1.338217
1.0,22,1.33878
1.0,38,1.33973
0.0,4,1.339881
1.0,12,1.340239
0.0,3,1.340367
1.0,19,1.340868
0.0,7,1.341094
0.0,11,1.341424
1.0,10,1.341726
0.0,4,1.341877
0.0,29,1.342608
1.0,11,1.34293
1.0,16,1.343383
1.0,19,1.34388
1.0,51,1.345102
0.0,55,1.34642
1.0,8,1.346664
1.0,25,1.347334
1.0,38,1.348248
1.0,17,1.348701
1.0,22,1.349276
1.0,36,1.350171
0.0,56,1.35149
1.0,18,1.351962
1.0,17,1.352424
1.0,19,1.35292
1.0,27,1.35362
1.0,69,1.355256
1.0,16,1.355681
0.0,100,1.358021
1.0,31,1.358804
1.0,25,1.359457
1.0,18,1.359937
0.0,16,1.360374
1.0,49,1.361531
1.0,25,1.362163
0.0,98,1.364434
1.0,56,1.365772
0.0,100,1.368076
0.0,5,1.368273
0.0,6,1.36848
0.0,29,1.369195
1.0,24,1.369814
1.0,98,1.372117
0.0,22,1.372689
1.0,32,1.373477
0.0,80,1.375342
1.0,17,1.375804
1.0,22,1.376372
1.0,36,1.377263
0.0,62,1.378735
1.0,59,1.380154
0.0,100,1.38247
0.0,60,1.383924
1.0,10,1.384222
1.0,72,1.385927
1.0,69,1.387567
1.0,30,1.38833
1.0,18,1.388792
1.0,54,1.390078
1.0,40,1.391053
1.0,36,1.391911
1.0,24,1.392555
0.0,19,1.393047
1.0,34,1.393912
1.0,37,1.394829
0.0,11,1.395166
1.0,17,1.395624
1.0,58,1.396995
1.0,14,1.397412
1.0,11,1.397733
1.0,73,1.399472
1.0,18,1.399943
1.0,50,1.401124
1.0,17,1.401586
1.0,22,1.402169
1.0,26,1.402815
0.0,46,1.403953
0.0,50,1.405196
1.0,52,1.40648
1.0,33,1.407302
1.0,30,1.408038
0.0,100,1.41045
1.0,36,1.411369
0.0,34,1.412213
1.0,6,1.412418
1.0,53,1.413706
0.0,40,1.414704
1.0,100,1.417091
0.0,14,1.417525
1.0,40,1.41854
0.0,100,1.42093
0.0,21,1.42148
0.0,14,1.421875
1.0,86,1.423914
1.0,21,1.424471
1.0,43,1.425522
0.0,9,1.425792
1.0,20,1.426325
1.0,53,1.427614
1.0,50,1.428843
1.0,52,1.430104
1.0,54,1.431417
0.0,9,1.431696
0.0,66,1.433276
0.0,100,1.435711
1.0,50,1.436927
1.0,9,1.437209
0.0,100,1.439603
1.0,55,1.440951
1.0,24,1.441587
1.0,17,1.44205
1.0,19,1.442567
1.0,11,1.442884
1.0,8,1.443125
1.0,11,1.443449
1.0,15,1.443854
0.0,12,1.444208
1.0,23,1.444808
1.0,39,1.445757
1.0,22,1.446335
1.0,21,1.446872
0.0,33,1.447685
1.0,76,1.449467
1.0,18,1.449954
1.0,44,1.451035
1.0,24,1.451661
0.0,7,1.451895
0.0,16,1.452327
1.0,33,1.453119
0.0,10,1.453427
0.0,19,1.453938
1.0,19,1.454443
1.0,8,1.45469
1.0,31,1.455496
0.0,7,1.455718
0.0,35,1.456586
0.0,76,1.458386
1.0,21,1.458925
1.0,8,1.459187
0.0,8,1.459432
0.0,46,1.460534
0.0,10,1.460829
1.0,27,1.461513
0.0,59,1.462952
0.0,3,1.463085
1.0,81,1.465015
1.0,15,1.465444
1.0,17,1.465903
1.0,12,1.466268
1.0,10,1.466564
1.0,30,1.467341
0.0,13,1.467704
1.0,52,1.468971
1.0,22,1.469542
1.0,24,1.470165
1.0,35,1.471013
1.0,20,1.471534
1.0,7,1.471753
1.0,99,1.474064
0.0,30,1.474823
1.0,45,1.475942
1.0,24,1.476587
0.0,12,1.476931
1.0,9,1.47721
1.0,31,1.477977
1.0,30,1.478752
1.0,13,1.479143
0.0,20,1.479677
1.0,30,1.480422
1.0,12,1.480769
1.0,33,1.481607
0.0,100,1.48401
0.0,22,1.484598
0.0,18,1.485093
0.0,99,1.487442
1.0,29,1.48818
1.0,31,1.488959
1.0,29,1.48971
1.0,23,1.490319
1.0,71,1.492002
0.0,5,1.492194
1.0,32,1.493003
1.0,32,1.493793
1.0,16,1.494225
0.0,47,1.495381
0.0,67,1.496974
1.0,22,1.497557
1.0,86,1.499606
0.0,100,1.501985
0.0,69,1.503625
1.0,82,1.50559
1.0,63,1.507094
1.0,31,1.507865
0.0,32,1.508682
1.0,28,1.509393
1.0,20,1.509912
1.0,27,1.510592
0.0,9,1.510864
1.0,9,1.511135
1.0,56,1.512489
1.0,24,1.513096
0.0,100,1.515446
1.0,12,1.51579
1.0,9,1.516061
1.0,29,1.516787
0.0,22,1.517355
1.0,22,1.517934
1.0,19,1.518448
1.0,75,1.520241
0.0,22,1.520794
0.0,67,1.522403
1.0,8,1.52265
1.0,26,1.523306
0.0,3,1.523442
1.0,7,1.523663
1.0,38,1.524601
1.0,13,1.524962
1.0,66,1.526532
0.0,26,1.527202
1.0,38,1.528151
1.0,60,1.529622
0.0,100,1.531978
1.0,92,1.534154
0.0,39,1.535193
0.0,70,1.536896
0.0,24,1.537528
1.0,21,1.538058
1.0,40,1.539053
1.0,17,1.539523
0.0,18,1.539997
1.0,56,1.541344
1.0,73,1.543041
1.0,41,1.544064
1.0,6,1.544276
1.0,61,1.54574
1.0,11,1.546067
1.0,21,1.546625
1.0,15,1.547027
1.0,54,1.54835
1.0,14,1.548728
1.0,22,1.549288
1.0,98,1.551579
0.0,7,1.55181
0.0,5,1.551985
0.0,4,1.552151
1.0,37,1.55307
1.0,34,1.553916
1.0,17,1.554377
1.0,16,1.5548
1.0,22,1.555374
0.0,19,1.555867
0.0,8,1.556108
0.0,67,1.557699
1.0,19,1.558206
0.0,8,1.55845
1.0,12,1.558791
1.0,55,1.560107
0.0,6,1.560324
0.0,100,1.562661
1.0,48,1.563825
1.0,6,1.564022
1.0,21,1.564584
1.0,95,1.566815
1.0,29,1.567551
1.0,24,1.568166
1.0,25,1.568778
1.0,28,1.569491
1.0,30,1.570244
1.0,24,1.570873
0.0,100,1.573227
1.0,61,1.574677
1.0,35,1.57555
1.0,47,1.576695
1.0,32,1.577508
1.0,10,1.577795
1.0,25,1.578446
0.0,29,1.579188
0.0,9,1.579471
1.0,28,1.580173
0.0,9,1.580451
1.0,8,1.580701
0.0,56,1.582023
1.0,32,1.582823
1.0,44,1.583883
0.0,100,1.58624
0.0,40,1.587222
1.0,56,1.58857
0.0,100,1.590904
1.0,33,1.591743
1.0,49,1.592921
1.0,12,1.593276
1.0,13,1.593653
1.0,21,1.594203
0.0,100,1.596556
1.0,18,1.597025
0.0,6,1.597233
0.0,8,1.597487
1.0,31,1.598271
1.0,61,1.599733
1.0,29,1.600468
0.0,18,1.600944
1.0,22,1.601534
0.0,11,1.601846
1.0,44,1.602931
0.0,6,1.603141
0.0,100,1.605509
1.0,21,1.606067
1.0,27,1.60676
0.0,21,1.607314
1.0,88,1.609433
0.0,47,1.610563
0.0,14,1.610943
0.0,25,1.611582
0.0,14,1.611971
1.0,23,1.61258
1.0,16,1.613018
1.0,12,1.613367
1.0,45,1.614464
0.0,85,1.616453
0.0,100,1.618817
0.0,46,1.61995
0.0,16,1.620399
0.0,53,1.621686
1.0,35,1.622557
1.0,45,1.623642
1.0,8,1.623881
0.0,5,1.624062
1.0,83,1.626001
1.0,25,1.626651
1.0,17,1.627114
1.0,35,1.627977
1.0,26,1.628655
1.0,77,1.630494
1.0,80,1.632354
1.0,11,1.632661
1.0,11,1.632964
1.0,84,1.634916
1.0,15,1.635339
1.0,42,1.636368
1.0,13,1.636795
1.0,40,1.637758
1.0,6,1.637955
1.0,44,1.63901
0.0,25,1.639659
1.0,16,1.64009
1.0,29,1.64083
1.0,94,1.643027
1.0,69,1.644669
1.0,33,1.645506
1.0,27,1.646211
0.0,9,1.646491
1.0,40,1.647466
0.0,80,1.649384
1.0,16,1.649821
0.0,16,1.650264
0.0,4,1.650424
1.0,21,1.650966
1.0,11,1.651285
1.0,52,1.652538
0.0,46,1.653654
0.0,97,1.655922
1.0,14,1.656332
1.0,84,1.658291
0.0,8,1.65854
1.0,62,1.660056
1.0,36,1.660952
0.0,69,1.662588
0.0,31,1.663363
0.0,98,1.665713
0.0,31,1.666515
0.0,22,1.667095
1.0,49,1.668287
1.0,17,1.66875
0.0,45,1.66985
0.0,65,1.671417
1.0,49,1.672636
1.0,34,1.67351
0.0,13,1.673869
1.0,7,1.674098
1.0,11,1.674473
1.0,39,1.675494
0.0,9,1.675766
0.0,10,1.676064
1.0,45,1.677148
0.0,25,1.67779
1.0,23,1.678387
1.0,14,1.678763
0.0,25,1.679437
1.0,16,1.679891
1.0,67,1.681522
1.0,21,1.682069
1.0,45,1.683149
1.0,18,1.683627
1.0,46,1.684733
1.0,12,1.685071
1.0,85,1.687069
0.0,6,1.687285
1.0,29,1.688012
1.0,13,1.688384
1.0,21,1.68893
1.0,42,1.689952
1.0,13,1.690324
1.0,49,1.691514
0.0,8,1.691779
1.0,27,1.692483
0.0,15,1.692892
0.0,4,1.693043
1.0,24,1.69365
0.0,100,1.695984
0.0,11,1.696314
0.0,13,1.696672
1.0,51,1.6979
0.0,5,1.698075
0.0,13,1.698435
1.0,41,1.699454
1.0,44,1.700542
0.0,6,1.700752
0.0,30,1.701518
1.0,37,1.702425
1.0,33,1.703244
0.0,43,1.704295
0.0,23,1.704891
1.0,23,1.705484
0.0,86,1.707515
0.0,47,1.708658
1.0,23,1.709252
1.0,32,1.710032
1.0,30,1.710773
1.0,11,1.711102
1.0,22,1.711666
0.0,100,1.714013
1.0,9,1.71431
0.0,41,1.715322
0.0,74,1.717073
1.0,65,1.718636
0.0,25,1.719279
1.0,53,1.720588
1.0,33,1.721408
1.0,40,1.722373
1.0,21,1.722912
1.0,12,1.723258
1.0,49,1.724454
0.0,7,1.724682
1.0,18,1.725165
0.0,100,1.727481
1.0,95,1.729701
0.0,7,1.729927
1.0,31,1.730718
1.0,60,1.732141
1.0,19,1.732641
1.0,7,1.732867
1.0,19,1.733381
0.0,9,1.733657
1.0,40,1.734615
1.0,32,1.735409
1.0,33,1.736235
0.0,6,1.736435
1.0,39,1.737473
0.0,32,1.738307
1.0,12,1.738645
0.0,14,1.739034
1.0,18,1.739528
1.0,33,1.740357
1.0,11,1.740679
1.0,18,1.741157
0.0,62,1.742629
0.0,19,1.743146
0.0,39,1.744102
0.0,8,1.74437
1.0,12,1.744716
0.0,8,1.744957
0.0,8,1.745221
1.0,10,1.745509
0.0,21,1.746047
0.0,100,1.748424
1.0,30,1.749186
1.0,28,1.749888
0.0,61,1.751402
0.0,4,1.751558
1.0,39,1.752512
0.0,100,1.754808
1.0,42,1.755832
0.0,17,1.756293
0.0,30,1.757046
0.0,8,1.757312
1.0,19,1.757801
1.0,30,1.758565
1.0,52,1.759824
1.0,13,1.760202
0.0,42,1.76122
