#{"t_start": 1522145158.1759243, "env_id": "MyFrozenLake-v0"}
r,l,t
0.0,3,0.007022
0.0,2,0.007149
0.0,4,0.007307
0.0,5,0.007497
0.0,17,0.007946
0.0,2,0.008056
0.0,5,0.008229
0.0,4,0.00838
0.0,2,0.008491
0.0,6,0.008698
0.0,6,0.008892
0.0,27,0.009537
0.0,23,0.010132
0.0,5,0.010319
0.0,8,0.010583
0.0,16,0.011012
0.0,10,0.011302
0.0,39,0.012244
0.0,3,0.012381
0.0,12,0.012722
0.0,6,0.012925
0.0,5,0.013105
0.0,37,0.013976
0.0,4,0.014129
0.0,19,0.01463
0.0,4,0.014781
0.0,4,0.014932
0.0,11,0.015244
0.0,16,0.015692
0.0,28,0.016373
0.0,2,0.016483
0.0,9,0.016764
0.0,2,0.016876
0.0,2,0.016982
0.0,5,0.017154
0.0,3,0.017288
0.0,5,0.017469
0.0,5,0.017657
0.0,8,0.017904
0.0,20,0.018416
0.0,2,0.018528
0.0,12,0.018876
0.0,14,0.019238
0.0,2,0.019348
0.0,3,0.019478
0.0,9,0.019747
0.0,22,0.020295
0.0,18,0.020762
0.0,10,0.021044
0.0,11,0.021351
0.0,24,0.02194
0.0,5,0.022113
0.0,4,0.022262
0.0,19,0.022753
0.0,3,0.022889
0.0,12,0.023218
0.0,36,0.024085
0.0,8,0.024329
0.0,4,0.024481
0.0,6,0.024696
0.0,6,0.02489
0.0,10,0.025169
0.0,14,0.025532
0.0,2,0.025653
0.0,13,0.026001
0.0,7,0.026218
0.0,18,0.026684
0.0,13,0.027027
0.0,24,0.02763
0.0,6,0.027835
0.0,3,0.027965
0.0,13,0.028316
0.0,2,0.02842
0.0,62,0.029875
0.0,5,0.030057
0.0,18,0.030526
0.0,19,0.031011
0.0,5,0.031196
0.0,5,0.03137
0.0,63,0.032807
0.0,11,0.03312
0.0,33,0.033915
0.0,8,0.034165
0.0,6,0.034359
0.0,15,0.034777
0.0,2,0.034885
0.0,8,0.035124
0.0,4,0.035273
0.0,20,0.03582
1.0,24,0.036402
0.0,41,0.03739
0.0,14,0.037791
0.0,25,0.038425
0.0,9,0.03871
0.0,2,0.038823
0.0,14,0.039203
0.0,28,0.039896
0.0,14,0.040272
0.0,20,0.040788
0.0,2,0.040897
0.0,7,0.041114
0.0,11,0.041426
0.0,2,0.041536
0.0,29,0.042228
0.0,4,0.042383
0.0,4,0.042537
0.0,5,0.042728
0.0,8,0.042975
0.0,2,0.043081
0.0,11,0.043383
0.0,38,0.04429
0.0,12,0.044645
0.0,12,0.044978
0.0,4,0.045129
0.0,7,0.045344
0.0,7,0.045576
0.0,2,0.045684
0.0,27,0.04633
0.0,11,0.046651
0.0,64,0.04811
0.0,25,0.048738
0.0,6,0.048931
0.0,8,0.049173
0.0,23,0.049742
0.0,3,0.049876
0.0,18,0.050346
0.0,9,0.050621
0.0,10,0.050902
0.0,16,0.051321
0.0,6,0.051515
0.0,17,0.051964
0.0,7,0.052181
0.0,11,0.052483
0.0,17,0.052931
0.0,9,0.053201
0.0,5,0.053372
0.0,20,0.053885
0.0,9,0.054152
0.0,17,0.054616
0.0,28,0.05528
0.0,17,0.055731
0.0,3,0.055867
0.0,11,0.056172
0.0,17,0.056618
0.0,20,0.057119
0.0,17,0.057576
0.0,26,0.058215
0.0,10,0.058502
0.0,28,0.059195
0.0,5,0.059372
0.0,5,0.059549
0.0,28,0.060254
0.0,13,0.060613
0.0,30,0.061329
0.0,6,0.061522
0.0,3,0.061664
0.0,30,0.062389
0.0,5,0.062569
0.0,3,0.062697
0.0,3,0.062823
0.0,3,0.062956
0.0,25,0.063561
0.0,11,0.063871
0.0,18,0.064344
0.0,25,0.064965
0.0,7,0.065181
0.0,8,0.065429
0.0,13,0.065827
0.0,2,0.065939
0.0,8,0.066177
0.0,5,0.066347
0.0,15,0.066752
0.0,33,0.067517
0.0,9,0.067795
0.0,3,0.067927
0.0,12,0.068249
0.0,22,0.068816
0.0,15,0.069348
0.0,16,0.069801
0.0,61,0.07121
0.0,4,0.071363
0.0,9,0.07163
0.0,15,0.072024
0.0,7,0.072238
0.0,3,0.072365
0.0,11,0.072688
0.0,2,0.072795
0.0,10,0.073087
0.0,3,0.073221
0.0,2,0.073326
0.0,4,0.073474
0.0,44,0.07448
0.0,3,0.074624
0.0,27,0.075286
0.0,15,0.075684
0.0,5,0.075856
0.0,4,0.076005
0.0,18,0.076468
0.0,24,0.077063
0.0,17,0.077494
0.0,24,0.078084
0.0,10,0.07837
0.0,2,0.078483
0.0,13,0.078857
0.0,28,0.079533
0.0,5,0.079721
0.0,30,0.080442
0.0,18,0.080925
0.0,61,0.082337
0.0,7,0.082575
0.0,29,0.083267
0.0,13,0.083631
0.0,9,0.083905
0.0,4,0.084054
0.0,5,0.084229
0.0,5,0.084401
0.0,4,0.084568
0.0,7,0.084785
0.0,12,0.085129
0.0,21,0.085653
0.0,34,0.086447
0.0,16,0.086877
0.0,5,0.087058
0.0,4,0.087213
0.0,3,0.08734
0.0,28,0.088046
0.0,22,0.088598
0.0,8,0.088844
0.0,5,0.089022
0.0,13,0.089376
0.0,10,0.089678
0.0,9,0.08995
0.0,6,0.09015
0.0,18,0.090627
0.0,12,0.090959
0.0,7,0.091188
0.0,6,0.091383
0.0,8,0.091633
0.0,58,0.092949
0.0,33,0.093734
0.0,5,0.09391
0.0,15,0.094317
0.0,28,0.095015
0.0,7,0.095233
0.0,25,0.095839
0.0,14,0.096222
0.0,6,0.096435
0.0,6,0.096651
0.0,8,0.096895
0.0,9,0.097167
0.0,20,0.097668
0.0,6,0.097866
0.0,17,0.098304
0.0,12,0.098644
0.0,5,0.098817
0.0,3,0.098943
0.0,9,0.099204
0.0,13,0.099563
0.0,8,0.099811
0.0,13,0.100171
0.0,42,0.101174
0.0,5,0.101348
0.0,12,0.101701
0.0,5,0.101877
0.0,2,0.101988
0.0,4,0.102146
0.0,21,0.102685
0.0,4,0.102835
0.0,12,0.103151
0.0,9,0.103412
0.0,10,0.103718
0.0,34,0.104523
0.0,9,0.104789
0.0,31,0.105517
0.0,4,0.105684
0.0,16,0.106092
0.0,8,0.106332
0.0,64,0.107776
0.0,10,0.108136
0.0,31,0.108919
0.0,6,0.109114
0.0,16,0.109534
1.0,17,0.109977
0.0,18,0.11044
0.0,12,0.110785
0.0,3,0.110914
0.0,3,0.111046
0.0,2,0.111157
0.0,36,0.112017
0.0,17,0.112442
0.0,37,0.113335
0.0,2,0.113449
0.0,7,0.113676
0.0,21,0.114188
0.0,21,0.11472
0.0,2,0.114827
0.0,3,0.114954
0.0,4,0.115108
0.0,9,0.115373
0.0,14,0.115747
0.0,7,0.115969
0.0,18,0.116438
0.0,27,0.117092
0.0,10,0.11737
0.0,17,0.117807
0.0,4,0.117965
0.0,20,0.118462
0.0,10,0.118756
0.0,10,0.119036
0.0,13,0.119387
0.0,31,0.12014
0.0,52,0.121336
0.0,5,0.121509
0.0,22,0.122074
0.0,5,0.122246
0.0,19,0.122743
0.0,7,0.122962
0.0,7,0.123185
0.0,3,0.123312
0.0,4,0.12346
0.0,16,0.123896
0.0,16,0.124305
0.0,15,0.124706
0.0,4,0.124861
0.0,17,0.125296
0.0,20,0.125803
0.0,22,0.126354
0.0,17,0.126809
0.0,2,0.126917
0.0,17,0.127355
0.0,12,0.127685
0.0,6,0.127875
0.0,5,0.12805
0.0,16,0.128451
0.0,3,0.128593
0.0,7,0.12882
0.0,19,0.129283
0.0,34,0.130104
0.0,7,0.13032
0.0,2,0.130424
0.0,5,0.130617
0.0,24,0.131216
0.0,5,0.131399
0.0,2,0.131504
0.0,2,0.131624
0.0,8,0.13187
0.0,12,0.132195
0.0,15,0.1326
0.0,6,0.132794
0.0,4,0.132941
0.0,8,0.133174
0.0,19,0.133676
0.0,5,0.133855
0.0,20,0.134362
0.0,4,0.134509
0.0,10,0.134793
0.0,5,0.134978
0.0,17,0.135426
0.0,12,0.135769
0.0,6,0.13597
0.0,8,0.13621
0.0,6,0.136413
0.0,16,0.13685
0.0,18,0.137352
0.0,3,0.13749
0.0,2,0.137634
0.0,19,0.138129
0.0,5,0.13831
0.0,4,0.138461
0.0,14,0.138843
0.0,25,0.139467
0.0,5,0.139656
0.0,8,0.139899
0.0,3,0.140026
0.0,5,0.140204
0.0,5,0.140374
0.0,3,0.140502
0.0,14,0.140877
0.0,13,0.141232
0.0,12,0.141572
0.0,22,0.142112
0.0,9,0.142387
0.0,8,0.142642
0.0,2,0.142754
0.0,4,0.142903
0.0,2,0.143007
0.0,6,0.143198
0.0,7,0.143418
0.0,19,0.143903
0.0,5,0.144084
0.0,24,0.144683
0.0,3,0.144813
0.0,14,0.145182
0.0,47,0.146276
0.0,25,0.146898
0.0,33,0.147702
0.0,10,0.14798
0.0,14,0.148343
0.0,7,0.148566
0.0,10,0.148845
0.0,2,0.148949
0.0,3,0.149081
0.0,4,0.149231
0.0,29,0.149945
0.0,19,0.150423
0.0,11,0.150742
0.0,24,0.151333
0.0,9,0.151609
0.0,3,0.151738
0.0,12,0.15206
0.0,4,0.15222
0.0,18,0.152701
0.0,11,0.153005
0.0,2,0.153111
0.0,8,0.153346
0.0,4,0.153501
0.0,42,0.154481
0.0,17,0.15494
0.0,2,0.155048
0.0,21,0.155579
0.0,25,0.156186
0.0,24,0.156795
0.0,2,0.156908
0.0,11,0.157222
0.0,7,0.157447
0.0,16,0.157883
0.0,10,0.158176
0.0,2,0.158288
0.0,14,0.158667
0.0,10,0.158957
0.0,23,0.159519
0.0,6,0.159729
0.0,4,0.159881
0.0,2,0.159992
0.0,8,0.160229
0.0,2,0.160335
0.0,35,0.161186
0.0,6,0.161386
0.0,9,0.161662
0.0,27,0.162299
0.0,20,0.162808
0.0,20,0.163321
0.0,18,0.163796
1.0,12,0.164121
0.0,15,0.164504
0.0,21,0.165029
0.0,3,0.165158
0.0,12,0.165494
0.0,7,0.16572
0.0,20,0.166214
0.0,4,0.166363
0.0,3,0.166498
0.0,4,0.166659
0.0,15,0.167055
0.0,20,0.167595
0.0,28,0.168281
0.0,8,0.168525
0.0,16,0.168964
0.0,2,0.16907
0.0,12,0.169406
0.0,13,0.169775
0.0,6,0.169987
0.0,3,0.170115
0.0,3,0.170244
0.0,44,0.171319
0.0,16,0.171753
0.0,8,0.171988
0.0,12,0.172307
0.0,6,0.172509
0.0,6,0.172722
0.0,6,0.172923
0.0,2,0.173029
0.0,12,0.173356
0.0,23,0.17394
0.0,15,0.17433
0.0,14,0.174711
0.0,19,0.175191
0.0,2,0.175298
0.0,29,0.176031
0.0,29,0.176739
0.0,42,0.177737
0.0,22,0.178291
0.0,7,0.17852
0.0,3,0.178664
0.0,11,0.17897
0.0,7,0.179186
0.0,20,0.179707
0.0,14,0.180089
0.0,11,0.180412
0.0,12,0.180753
0.0,6,0.180953
0.0,25,0.181562
0.0,7,0.181781
1.0,7,0.181997
1.0,13,0.182337
1.0,9,0.182616
0.0,9,0.182887
0.0,8,0.183129
0.0,14,0.183498
0.0,7,0.183731
0.0,8,0.183987
0.0,5,0.18416
0.0,5,0.184331
0.0,8,0.184578
0.0,5,0.18475
1.0,8,0.184985
0.0,9,0.185239
0.0,35,0.186068
0.0,8,0.186312
0.0,24,0.186928
0.0,3,0.187064
0.0,5,0.187237
0.0,4,0.187394
0.0,6,0.187605
0.0,29,0.188302
1.0,9,0.188578
0.0,6,0.188772
0.0,9,0.189024
0.0,22,0.189574
0.0,36,0.190409
1.0,23,0.190996
0.0,16,0.191404
0.0,20,0.191918
0.0,41,0.19287
0.0,11,0.193198
0.0,3,0.193327
0.0,10,0.193616
0.0,23,0.19419
1.0,26,0.194823
0.0,6,0.195016
0.0,13,0.195353
0.0,8,0.195596
0.0,7,0.195809
0.0,30,0.196531
0.0,4,0.196699
0.0,9,0.196961
0.0,5,0.197139
0.0,5,0.197321
0.0,25,0.197941
0.0,7,0.198164
0.0,16,0.198587
0.0,13,0.19893
0.0,15,0.199325
0.0,16,0.199748
0.0,30,0.200463
0.0,4,0.200624
0.0,4,0.200781
0.0,21,0.201298
0.0,2,0.201404
0.0,13,0.201759
0.0,18,0.202231
0.0,7,0.202446
0.0,5,0.20263
0.0,8,0.202875
0.0,10,0.203169
0.0,20,0.203679
0.0,7,0.203902
0.0,3,0.20403
0.0,16,0.204451
0.0,12,0.204797
0.0,2,0.204905
0.0,19,0.205391
0.0,7,0.205625
0.0,8,0.205862
0.0,4,0.206018
0.0,9,0.206284
0.0,22,0.206851
0.0,6,0.207047
0.0,4,0.207202
0.0,15,0.207611
0.0,14,0.207981
0.0,8,0.208288
0.0,16,0.208723
0.0,11,0.209039
0.0,31,0.209779
0.0,26,0.21041
0.0,4,0.210588
0.0,19,0.211061
0.0,23,0.211642
0.0,8,0.211876
0.0,4,0.212033
0.0,6,0.212224
0.0,10,0.212511
0.0,2,0.212625
0.0,19,0.213102
0.0,2,0.213212
0.0,5,0.213392
0.0,22,0.213948
0.0,29,0.214662
0.0,5,0.214841
0.0,2,0.214947
0.0,6,0.215139
0.0,11,0.215444
0.0,7,0.215675
0.0,4,0.215824
0.0,9,0.216087
0.0,2,0.21619
0.0,4,0.216346
0.0,21,0.216877
0.0,19,0.217357
0.0,5,0.217539
0.0,20,0.218039
0.0,16,0.21845
0.0,18,0.218917
0.0,9,0.219191
0.0,13,0.219534
0.0,50,0.220728
0.0,9,0.220994
0.0,7,0.221213
0.0,4,0.221365
0.0,4,0.221519
0.0,18,0.221974
0.0,8,0.222217
0.0,6,0.222408
0.0,18,0.222881
0.0,17,0.223319
0.0,5,0.223497
0.0,9,0.223777
0.0,6,0.22397
0.0,3,0.224105
0.0,10,0.22439
0.0,9,0.224666
0.0,17,0.225095
0.0,21,0.225635
0.0,19,0.226117
0.0,14,0.226477
0.0,8,0.226727
0.0,5,0.226901
0.0,20,0.227392
0.0,6,0.227603
0.0,2,0.227708
0.0,16,0.228112
0.0,21,0.228646
0.0,31,0.229381
0.0,7,0.229613
0.0,9,0.229882
0.0,11,0.23019
0.0,16,0.230603
0.0,4,0.230759
0.0,18,0.231222
0.0,34,0.232051
0.0,11,0.232356
0.0,13,0.23271
0.0,18,0.233159
0.0,11,0.233461
0.0,14,0.233852
0.0,8,0.234113
0.0,10,0.234401
0.0,2,0.234507
0.0,11,0.234826
0.0,7,0.235039
0.0,11,0.235339
0.0,8,0.235654
0.0,5,0.235874
0.0,4,0.23603
0.0,6,0.236228
0.0,11,0.236539
0.0,7,0.236805
0.0,9,0.237077
0.0,10,0.237369
0.0,4,0.237518
0.0,5,0.237699
0.0,3,0.237827
0.0,46,0.238915
0.0,13,0.239263
0.0,10,0.239559
0.0,12,0.239891
0.0,9,0.240146
0.0,4,0.2403
0.0,21,0.240827
0.0,4,0.240976
0.0,16,0.241386
0.0,4,0.241548
0.0,2,0.241656
0.0,6,0.241846
0.0,8,0.242092
0.0,15,0.242472
0.0,6,0.24268
0.0,11,0.242977
0.0,15,0.243373
0.0,14,0.243763
0.0,7,0.243984
0.0,18,0.244439
0.0,29,0.245143
0.0,11,0.245442
0.0,11,0.24575
0.0,2,0.245855
0.0,11,0.24616
0.0,12,0.246491
0.0,16,0.246901
0.0,39,0.247795
0.0,3,0.24793
0.0,9,0.248195
0.0,18,0.248645
0.0,8,0.248888
0.0,8,0.249124
0.0,39,0.250037
0.0,3,0.250172
0.0,14,0.250533
0.0,17,0.250983
0.0,2,0.251093
0.0,8,0.251342
0.0,34,0.252173
0.0,5,0.252345
0.0,13,0.252707
0.0,39,0.25362
0.0,6,0.253826
0.0,43,0.254835
0.0,11,0.255147
0.0,9,0.255402
0.0,9,0.255673
0.0,2,0.25578
0.0,2,0.255888
1.0,53,0.257107
0.0,57,0.258396
0.0,17,0.258853
0.0,11,0.259164
0.0,6,0.259381
0.0,13,0.259798
0.0,20,0.260292
0.0,11,0.260648
0.0,18,0.261094
0.0,15,0.261487
0.0,12,0.261831
0.0,2,0.261938
0.0,10,0.262222
0.0,8,0.262465
0.0,3,0.262602
0.0,31,0.263333
0.0,8,0.263577
0.0,2,0.263689
0.0,4,0.263838
0.0,15,0.264227
0.0,6,0.26442
0.0,9,0.264686
0.0,4,0.264841
0.0,4,0.264989
0.0,6,0.265184
0.0,16,0.265608
0.0,5,0.265785
0.0,21,0.266293
0.0,52,0.267474
0.0,22,0.268036
0.0,9,0.268293
0.0,3,0.268426
0.0,3,0.268574
0.0,2,0.268682
0.0,31,0.269427
0.0,43,0.270432
0.0,7,0.270664
0.0,5,0.270836
1.0,9,0.271089
0.0,4,0.271236
0.0,6,0.271425
0.0,17,0.271878
0.0,5,0.272058
0.0,4,0.272214
0.0,10,0.272506
0.0,2,0.27262
0.0,8,0.272856
0.0,4,0.273004
0.0,7,0.273224
0.0,7,0.273437
0.0,4,0.273597
0.0,9,0.273854
0.0,13,0.2742
0.0,8,0.274441
0.0,5,0.274623
0.0,3,0.274757
0.0,9,0.275012
0.0,10,0.275295
0.0,23,0.27588
0.0,9,0.276141
0.0,23,0.276725
0.0,26,0.277341
0.0,10,0.277632
0.0,2,0.27774
0.0,6,0.277933
0.0,11,0.278228
0.0,8,0.278473
0.0,7,0.278695
0.0,22,0.279218
0.0,20,0.279724
0.0,9,0.279981
0.0,5,0.280151
1.0,15,0.28055
0.0,11,0.280851
0.0,20,0.281353
0.0,5,0.281522
0.0,2,0.281635
0.0,13,0.281972
1.0,36,0.28282
0.0,31,0.283568
0.0,27,0.284216
0.0,2,0.284325
0.0,8,0.284578
0.0,22,0.285109
0.0,2,0.285214
0.0,22,0.285784
0.0,10,0.286067
0.0,11,0.286376
0.0,2,0.286482
0.0,12,0.286816
0.0,4,0.286973
0.0,2,0.287078
0.0,11,0.287381
0.0,4,0.287529
0.0,12,0.28787
0.0,10,0.288149
0.0,13,0.288502
0.0,2,0.288617
0.0,22,0.289163
0.0,2,0.28927
0.0,7,0.2895
0.0,10,0.28979
0.0,6,0.289989
0.0,18,0.290438
0.0,7,0.290675
0.0,13,0.291018
0.0,8,0.291267
0.0,6,0.291468
0.0,11,0.29178
0.0,11,0.292089
0.0,29,0.292801
0.0,7,0.293016
0.0,17,0.293449
0.0,7,0.293673
0.0,9,0.293932
0.0,11,0.29424
0.0,8,0.294481
0.0,13,0.294841
0.0,2,0.294953
0.0,26,0.295601
0.0,4,0.295753
0.0,4,0.295902
0.0,13,0.296256
0.0,37,0.297127
0.0,7,0.29734
0.0,12,0.297683
0.0,5,0.297855
0.0,5,0.298025
0.0,12,0.298353
0.0,11,0.29867
0.0,31,0.29941
0.0,8,0.299663
0.0,11,0.299966
0.0,21,0.300499
0.0,37,0.301361
0.0,15,0.301772
0.0,5,0.301951
0.0,7,0.302166
0.0,8,0.302406
0.0,9,0.302676
0.0,34,0.303466
0.0,9,0.303742
0.0,7,0.303965
0.0,14,0.304343
0.0,3,0.304477
0.0,2,0.304593
0.0,33,0.305385
0.0,5,0.305568
0.0,6,0.30578
0.0,13,0.306125
0.0,7,0.30634
0.0,5,0.306521
0.0,6,0.306726
0.0,11,0.307039
0.0,7,0.307266
0.0,5,0.307446
0.0,9,0.307717
0.0,5,0.307897
0.0,8,0.308149
0.0,47,0.309319
0.0,3,0.30946
0.0,3,0.309608
0.0,24,0.310199
0.0,37,0.311066
0.0,9,0.311346
0.0,29,0.312051
0.0,5,0.312224
0.0,6,0.312423
0.0,25,0.313041
0.0,12,0.31337
0.0,3,0.313504
0.0,8,0.313765
0.0,16,0.314179
0.0,3,0.314312
0.0,4,0.314462
0.0,16,0.314886
0.0,22,0.315415
0.0,25,0.316033
0.0,6,0.316234
0.0,2,0.316344
0.0,18,0.316815
0.0,23,0.317386
0.0,4,0.317535
0.0,26,0.318159
0.0,14,0.318535
0.0,2,0.318652
0.0,30,0.319364
0.0,12,0.319699
0.0,17,0.320138
0.0,14,0.320508
0.0,14,0.320893
0.0,14,0.32127
1.0,37,0.322113
0.0,25,0.322721
0.0,14,0.323084
0.0,11,0.323396
0.0,14,0.32378
0.0,25,0.324376
0.0,24,0.324979
0.0,6,0.325179
0.0,7,0.325401
0.0,5,0.325593
0.0,18,0.326059
0.0,4,0.326214
0.0,30,0.326945
0.0,8,0.327196
1.0,9,0.32746
0.0,4,0.327625
0.0,3,0.327753
0.0,4,0.327901
0.0,7,0.328114
0.0,21,0.328646
0.0,12,0.328997
0.0,35,0.329822
0.0,6,0.330024
0.0,6,0.330217
0.0,8,0.330459
0.0,16,0.330872
0.0,15,0.331262
0.0,20,0.33177
0.0,8,0.332012
0.0,7,0.332227
0.0,8,0.33246
0.0,10,0.33275
0.0,5,0.332922
0.0,5,0.333099
0.0,2,0.333205
0.0,4,0.333359
0.0,7,0.333585
0.0,32,0.334355
0.0,10,0.334644
0.0,10,0.334934
0.0,14,0.335309
0.0,6,0.335501
0.0,10,0.335793
0.0,9,0.336064
0.0,6,0.33626
0.0,11,0.336568
0.0,4,0.336723
0.0,4,0.336878
0.0,3,0.337011
0.0,7,0.337233
0.0,16,0.337656
0.0,39,0.338555
0.0,12,0.338882
0.0,10,0.339164
0.0,9,0.33942
0.0,4,0.339585
0.0,12,0.339902
0.0,9,0.340156
0.0,21,0.340697
0.0,7,0.34093
0.0,5,0.341102
0.0,2,0.341206
0.0,2,0.341309
0.0,2,0.341411
0.0,15,0.341819
0.0,26,0.342445
0.0,4,0.342607
0.0,4,0.342757
0.0,13,0.3431
0.0,4,0.343256
0.0,6,0.343458
0.0,2,0.343573
0.0,6,0.343765
0.0,16,0.34417
0.0,5,0.344339
0.0,5,0.344514
0.0,12,0.344858
0.0,17,0.345289
0.0,7,0.345509
0.0,24,0.346093
0.0,10,0.346376
0.0,7,0.3466
0.0,6,0.346792
0.0,14,0.347162
0.0,10,0.347447
0.0,3,0.347585
0.0,9,0.347849
0.0,6,0.348039
0.0,9,0.348291
0.0,15,0.348697
0.0,5,0.34888
1.0,38,0.349775
0.0,4,0.349934
0.0,7,0.350157
0.0,4,0.350306
0.0,13,0.350679
0.0,17,0.351102
0.0,4,0.351252
0.0,5,0.351421
0.0,3,0.351554
0.0,7,0.351776
0.0,9,0.352052
0.0,11,0.352364
0.0,4,0.352522
0.0,2,0.352638
0.0,17,0.353072
0.0,3,0.353205
0.0,26,0.353863
0.0,9,0.354128
0.0,7,0.354344
0.0,6,0.354537
0.0,8,0.354796
0.0,19,0.355281
0.0,3,0.355408
0.0,6,0.355614
0.0,8,0.355849
1.0,16,0.356275
0.0,17,0.356711
0.0,10,0.356995
0.0,16,0.357404
0.0,23,0.357968
0.0,16,0.358388
0.0,2,0.35849
0.0,28,0.359167
0.0,12,0.359499
0.0,3,0.35964
0.0,20,0.360144
0.0,9,0.360405
0.0,6,0.360611
0.0,3,0.360739
0.0,18,0.361189
0.0,20,0.361708
0.0,9,0.361975
0.0,6,0.362178
0.0,10,0.362463
0.0,4,0.36262
0.0,12,0.362957
0.0,4,0.363106
0.0,14,0.363465
0.0,3,0.363602
0.0,3,0.363729
0.0,13,0.364085
0.0,24,0.36467
0.0,6,0.364878
0.0,6,0.365079
0.0,18,0.36555
0.0,3,0.365682
0.0,6,0.365887
0.0,6,0.366079
0.0,10,0.366382
0.0,11,0.366702
0.0,3,0.366829
0.0,73,0.368456
0.0,12,0.368801
0.0,6,0.368993
0.0,2,0.369097
0.0,5,0.369267
0.0,3,0.369392
0.0,2,0.369494
0.0,4,0.369658
0.0,3,0.369794
0.0,7,0.370009
0.0,2,0.370113
0.0,6,0.370315
0.0,3,0.370441
0.0,3,0.370585
0.0,6,0.370788
0.0,12,0.371119
0.0,8,0.371356
0.0,13,0.371719
0.0,4,0.371876
0.0,5,0.372047
0.0,33,0.372823
0.0,25,0.37344
0.0,21,0.373973
0.0,3,0.374102
0.0,8,0.374336
0.0,5,0.374507
0.0,2,0.37462
0.0,5,0.374792
0.0,16,0.375211
0.0,7,0.375432
0.0,6,0.375637
0.0,6,0.375835
0.0,2,0.375946
0.0,9,0.37622
0.0,6,0.376412
0.0,18,0.376873
0.0,10,0.377163
0.0,14,0.377532
0.0,3,0.377674
0.0,24,0.378263
0.0,11,0.37858
0.0,6,0.37878
0.0,10,0.379068
0.0,36,0.37992
0.0,4,0.380072
0.0,10,0.380358
0.0,14,0.380733
0.0,7,0.38096
0.0,3,0.381098
0.0,8,0.38134
0.0,8,0.381588
0.0,7,0.381803
0.0,8,0.382035
0.0,3,0.382166
0.0,13,0.382516
0.0,10,0.382808
0.0,2,0.382913
0.0,7,0.383126
0.0,5,0.383303
0.0,5,0.383476
0.0,10,0.383772
0.0,12,0.38411
0.0,19,0.384614
0.0,8,0.384852
0.0,20,0.385357
0.0,12,0.385697
0.0,4,0.38586
0.0,14,0.386234
0.0,40,0.387202
0.0,5,0.387376
0.0,22,0.387932
0.0,9,0.388193
0.0,8,0.388436
0.0,67,0.389944
0.0,4,0.390097
0.0,7,0.390317
0.0,8,0.39057
0.0,18,0.391029
0.0,5,0.391201
0.0,4,0.391357
0.0,22,0.391918
0.0,2,0.392032
0.0,9,0.392295
0.0,23,0.392855
0.0,15,0.393245
0.0,5,0.393417
0.0,7,0.393657
0.0,14,0.394029
0.0,13,0.394382
0.0,4,0.394538
0.0,2,0.394659
0.0,7,0.394882
0.0,28,0.395568
0.0,12,0.395911
0.0,5,0.396086
0.0,19,0.396574
0.0,9,0.396848
0.0,14,0.397218
0.0,12,0.397555
0.0,20,0.398052
0.0,31,0.398805
0.0,5,0.398984
0.0,4,0.399141
0.0,13,0.399491
0.0,11,0.399809
0.0,50,0.400975
0.0,28,0.401661
0.0,20,0.402164
0.0,4,0.40232
0.0,8,0.402563
0.0,14,0.402943
0.0,20,0.403432
0.0,51,0.404611
0.0,5,0.404784
0.0,9,0.405041
0.0,8,0.405275
0.0,27,0.405946
0.0,25,0.406581
0.0,29,0.407269
0.0,10,0.407563
0.0,16,0.407975
0.0,3,0.408111
0.0,11,0.408405
0.0,11,0.408824
0.0,8,0.409066
0.0,13,0.409421
0.0,6,0.409633
0.0,11,0.409956
0.0,5,0.410128
0.0,12,0.410456
0.0,19,0.410945
0.0,17,0.411381
0.0,6,0.411597
0.0,7,0.411817
0.0,24,0.412395
0.0,3,0.412523
0.0,38,0.41341
0.0,23,0.413984
0.0,5,0.414171
0.0,8,0.414422
0.0,7,0.414653
0.0,11,0.414972
0.0,10,0.415254
0.0,12,0.415584
0.0,3,0.415717
0.0,30,0.41644
0.0,16,0.416861
0.0,18,0.417312
0.0,3,0.417439
0.0,15,0.417847
0.0,4,0.417996
0.0,22,0.41854
0.0,11,0.418851
0.0,8,0.419085
0.0,6,0.419284
0.0,7,0.419512
0.0,16,0.419933
0.0,7,0.42016
0.0,9,0.420429
0.0,2,0.420533
0.0,23,0.421099
0.0,8,0.421342
0.0,15,0.421744
0.0,30,0.42247
0.0,4,0.42264
0.0,3,0.422769
0.0,7,0.422982
0.0,20,0.423474
0.0,7,0.4237
0.0,7,0.423914
0.0,22,0.424456
0.0,6,0.424656
0.0,4,0.424805
0.0,2,0.424907
0.0,17,0.425342
0.0,16,0.425764
0.0,5,0.425942
0.0,8,0.426183
0.0,2,0.426286
0.0,4,0.426448
0.0,4,0.426608
1.0,19,0.427091
0.0,7,0.427312
0.0,10,0.427611
0.0,7,0.427836
0.0,22,0.428381
0.0,8,0.428633
0.0,29,0.429323
0.0,18,0.429785
0.0,13,0.430133
0.0,5,0.430313
0.0,18,0.43077
0.0,16,0.431195
0.0,3,0.431323
0.0,5,0.431498
0.0,24,0.432086
0.0,25,0.432709
0.0,16,0.433135
0.0,22,0.433704
0.0,8,0.433938
0.0,8,0.434179
0.0,7,0.434403
0.0,2,0.434508
1.0,26,0.435145
0.0,12,0.435469
1.0,10,0.435781
0.0,37,0.436656
0.0,33,0.437425
0.0,27,0.438079
0.0,7,0.4383
0.0,2,0.438404
0.0,40,0.439347
0.0,11,0.439664
0.0,7,0.439884
0.0,11,0.440189
0.0,14,0.44058
0.0,6,0.440776
0.0,21,0.441305
0.0,17,0.44176
0.0,3,0.441893
0.0,11,0.442204
0.0,13,0.442556
0.0,23,0.44313
0.0,14,0.443489
0.0,17,0.44393
0.0,4,0.444086
0.0,17,0.444517
0.0,13,0.444867
0.0,10,0.445153
0.0,20,0.445659
0.0,4,0.445815
0.0,29,0.446501
0.0,11,0.446823
0.0,16,0.447239
0.0,3,0.447372
0.0,3,0.447503
0.0,5,0.447683
0.0,4,0.447833
0.0,22,0.44836
0.0,4,0.448516
0.0,18,0.448978
0.0,14,0.449357
0.0,9,0.449629
0.0,3,0.449757
0.0,10,0.450047
0.0,8,0.450295
0.0,3,0.450428
0.0,27,0.451092
0.0,8,0.451329
0.0,5,0.451497
0.0,16,0.451914
0.0,8,0.45215
0.0,13,0.4525
0.0,7,0.452723
0.0,5,0.452896
0.0,11,0.453201
0.0,16,0.453656
0.0,6,0.45385
0.0,17,0.454292
0.0,11,0.454676
1.0,10,0.45496
0.0,3,0.455087
0.0,23,0.455678
0.0,8,0.455919
0.0,8,0.456154
0.0,2,0.456258
0.0,11,0.456567
0.0,13,0.456928
0.0,6,0.457119
0.0,9,0.457392
0.0,2,0.457502
0.0,8,0.457746
0.0,16,0.458165
1.0,8,0.458411
0.0,3,0.458553
0.0,18,0.459015
0.0,53,0.460233
0.0,5,0.460405
0.0,28,0.461075
0.0,10,0.461365
0.0,23,0.461951
0.0,18,0.462418
0.0,22,0.462972
0.0,18,0.463417
0.0,20,0.463922
0.0,12,0.464255
0.0,38,0.465149
0.0,18,0.465629
0.0,8,0.465867
0.0,5,0.466037
0.0,9,0.466309
0.0,12,0.466653
0.0,8,0.46689
0.0,2,0.466995
0.0,4,0.467155
0.0,2,0.46726
1.0,12,0.467608
0.0,3,0.467742
0.0,11,0.468042
0.0,5,0.468212
0.0,15,0.468613
0.0,37,0.469496
0.0,11,0.469828
0.0,10,0.470125
0.0,6,0.470327
0.0,2,0.470432
0.0,5,0.470621
0.0,9,0.470884
0.0,5,0.471055
0.0,13,0.471398
0.0,11,0.471716
0.0,2,0.471826
0.0,7,0.472048
0.0,11,0.472356
0.0,6,0.472554
0.0,3,0.472682
0.0,2,0.472785
0.0,11,0.473097
0.0,3,0.473229
0.0,6,0.473423
0.0,17,0.473874
0.0,16,0.474284
0.0,23,0.474891
0.0,10,0.47517
0.0,4,0.475318
0.0,21,0.475867
0.0,5,0.476036
0.0,2,0.476138
0.0,13,0.476485
0.0,11,0.4768
0.0,3,0.476936
0.0,9,0.4772
0.0,2,0.477309
0.0,2,0.477418
0.0,3,0.477561
0.0,6,0.477756
0.0,5,0.477932
0.0,23,0.478495
0.0,14,0.478883
0.0,11,0.47919
0.0,6,0.479381
0.0,36,0.48023
0.0,35,0.48108
0.0,2,0.481185
0.0,20,0.481701
1.0,17,0.482136
0.0,7,0.482348
0.0,10,0.482639
0.0,39,0.483536
0.0,9,0.483821
0.0,12,0.484156
0.0,3,0.484285
0.0,15,0.484688
0.0,4,0.484846
0.0,31,0.48559
0.0,7,0.485805
0.0,2,0.485909
0.0,2,0.486012
0.0,6,0.486211
0.0,15,0.486612
0.0,14,0.486986
0.0,18,0.487448
0.0,6,0.487653
0.0,9,0.487928
0.0,4,0.488079
0.0,6,0.488281
0.0,11,0.488596
0.0,2,0.488703
0.0,2,0.488813
0.0,3,0.488946
0.0,9,0.489207
0.0,7,0.489429
0.0,17,0.489885
0.0,5,0.490064
0.0,2,0.490172
0.0,8,0.490406
0.0,3,0.490538
0.0,12,0.49088
0.0,18,0.49135
0.0,7,0.491576
0.0,25,0.492173
0.0,19,0.492664
0.0,3,0.492802
0.0,6,0.492995
0.0,16,0.493419
0.0,4,0.493579
0.0,21,0.494116
0.0,2,0.494222
0.0,22,0.494769
0.0,6,0.494975
0.0,7,0.495193
0.0,3,0.49532
0.0,14,0.495696
0.0,13,0.496055
0.0,7,0.496269
0.0,3,0.496402
0.0,11,0.496724
0.0,9,0.496981
0.0,13,0.497318
0.0,7,0.497535
0.0,5,0.497718
0.0,5,0.4979
0.0,2,0.498006
0.0,16,0.498415
0.0,6,0.49862
0.0,19,0.499084
0.0,8,0.499319
0.0,4,0.499471
0.0,60,0.50084
0.0,9,0.50111
0.0,9,0.501377
0.0,2,0.501488
0.0,2,0.501609
0.0,15,0.502022
0.0,2,0.502128
0.0,7,0.502348
1.0,31,0.503093
0.0,5,0.503271
1.0,16,0.503694
0.0,7,0.503914
0.0,10,0.50419
0.0,25,0.504807
0.0,10,0.505084
0.0,7,0.505304
1.0,42,0.506298
0.0,13,0.506664
0.0,6,0.506858
0.0,9,0.507112
0.0,15,0.507511
0.0,10,0.507812
0.0,14,0.508187
0.0,16,0.508613
0.0,22,0.509226
0.0,28,0.509909
0.0,13,0.510253
0.0,13,0.510607
0.0,5,0.510778
0.0,35,0.511633
0.0,3,0.511762
0.0,7,0.511975
0.0,28,0.5127
0.0,7,0.512921
0.0,35,0.513798
0.0,7,0.514022
0.0,24,0.514618
0.0,12,0.514941
0.0,27,0.515579
0.0,7,0.51579
0.0,13,0.516138
0.0,4,0.516287
0.0,7,0.516498
0.0,2,0.516617
0.0,15,0.517004
0.0,14,0.517384
0.0,10,0.517731
0.0,10,0.518013
0.0,18,0.518466
0.0,3,0.518601
0.0,11,0.518907
0.0,10,0.519192
0.0,3,0.519322
0.0,7,0.519553
0.0,2,0.519665
0.0,2,0.519769
0.0,4,0.519916
0.0,10,0.520189
0.0,6,0.520378
0.0,6,0.520585
0.0,6,0.520778
0.0,6,0.520973
0.0,14,0.52135
0.0,7,0.521586
1.0,36,0.522426
0.0,9,0.522705
0.0,6,0.522898
0.0,4,0.523052
0.0,9,0.523308
0.0,22,0.523855
0.0,19,0.524328
1.0,20,0.524835
1.0,43,0.525815
0.0,53,0.527028
0.0,6,0.527226
0.0,20,0.527732
0.0,28,0.528414
0.0,6,0.528635
0.0,8,0.528899
0.0,4,0.529061
0.0,14,0.529481
0.0,12,0.529818
0.0,4,0.529972
0.0,15,0.530365
0.0,2,0.530476
0.0,3,0.530622
0.0,10,0.530904
1.0,15,0.531301
0.0,8,0.53155
0.0,7,0.531778
0.0,25,0.532404
0.0,13,0.532758
0.0,4,0.532908
0.0,15,0.533311
0.0,24,0.533895
0.0,16,0.534299
0.0,5,0.534475
0.0,13,0.534838
0.0,2,0.53495
0.0,11,0.535265
0.0,9,0.535521
0.0,49,0.536664
0.0,2,0.536771
0.0,4,0.536926
0.0,9,0.537186
0.0,2,0.537292
0.0,3,0.537424
0.0,16,0.537852
0.0,4,0.538002
0.0,6,0.5382
0.0,22,0.538749
0.0,5,0.538923
0.0,16,0.53933
0.0,3,0.539463
0.0,11,0.539778
0.0,16,0.540198
0.0,20,0.540702
0.0,14,0.54107
0.0,6,0.54126
0.0,5,0.541438
0.0,30,0.542188
0.0,18,0.542646
0.0,5,0.542817
0.0,24,0.543406
0.0,28,0.544091
0.0,5,0.544269
0.0,10,0.544552
0.0,10,0.544837
0.0,8,0.545077
0.0,5,0.545244
0.0,16,0.545664
0.0,2,0.545776
0.0,2,0.545882
0.0,2,0.545991
0.0,4,0.546139
0.0,13,0.546486
0.0,20,0.546998
0.0,3,0.547131
0.0,8,0.547366
0.0,39,0.548258
0.0,7,0.548471
0.0,11,0.548787
0.0,14,0.549161
0.0,2,0.549271
0.0,23,0.549835
0.0,3,0.549968
0.0,10,0.550244
0.0,2,0.550347
0.0,20,0.550869
0.0,35,0.551686
0.0,4,0.551841
0.0,13,0.552197
0.0,42,0.553164
0.0,23,0.553738
0.0,4,0.553898
0.0,11,0.554202
0.0,25,0.554811
0.0,34,0.55562
0.0,12,0.555952
0.0,25,0.556571
0.0,19,0.557039
0.0,26,0.557661
0.0,5,0.557837
0.0,3,0.557964
0.0,27,0.558616
0.0,17,0.559045
0.0,7,0.559265
0.0,3,0.559391
0.0,12,0.559717
0.0,15,0.560106
0.0,17,0.560529
0.0,18,0.561002
0.0,13,0.561355
0.0,5,0.561526
0.0,7,0.561749
0.0,15,0.562138
0.0,16,0.562568
0.0,9,0.562843
0.0,2,0.562948
0.0,4,0.563096
0.0,6,0.563293
0.0,58,0.564657
0.0,6,0.564857
0.0,9,0.565123
0.0,3,0.565256
0.0,4,0.565403
0.0,2,0.565504
0.0,9,0.565767
0.0,6,0.565966
0.0,4,0.566115
0.0,2,0.566218
0.0,16,0.566644
0.0,30,0.567339
0.0,18,0.567797
0.0,14,0.568185
0.0,2,0.568297
0.0,17,0.568753
0.0,5,0.568936
0.0,9,0.569191
0.0,12,0.569559
0.0,3,0.56977
0.0,5,0.569954
0.0,22,0.570504
0.0,24,0.571117
0.0,7,0.571331
1.0,8,0.571573
0.0,39,0.572468
0.0,13,0.572839
0.0,7,0.573056
0.0,13,0.573398
0.0,7,0.573623
0.0,5,0.5738
0.0,30,0.574527
0.0,27,0.575184
0.0,5,0.575356
0.0,2,0.575464
0.0,30,0.576196
0.0,5,0.576375
0.0,2,0.576479
0.0,4,0.576645
0.0,2,0.57675
0.0,16,0.577151
0.0,26,0.577774
0.0,8,0.578017
0.0,3,0.578145
0.0,16,0.578564
0.0,4,0.578715
0.0,7,0.578938
0.0,4,0.579097
0.0,9,0.579356
0.0,4,0.579509
0.0,25,0.580122
0.0,6,0.580326
0.0,18,0.580805
0.0,6,0.580998
0.0,5,0.581167
0.0,16,0.581584
0.0,3,0.581722
0.0,7,0.581942
0.0,9,0.582196
0.0,3,0.582321
0.0,13,0.582686
0.0,19,0.583159
0.0,6,0.583357
0.0,9,0.583646
0.0,19,0.584127
0.0,3,0.584254
0.0,12,0.584582
0.0,24,0.585167
0.0,24,0.585776
0.0,5,0.585956
0.0,4,0.586106
0.0,2,0.586215
0.0,15,0.586615
0.0,10,0.586894
0.0,9,0.587149
1.0,19,0.587624
0.0,5,0.587801
0.0,3,0.58794
0.0,7,0.588161
0.0,7,0.588379
0.0,2,0.588487
0.0,43,0.589485
0.0,15,0.589883
0.0,7,0.590106
0.0,11,0.590406
0.0,16,0.590838
0.0,14,0.591213
0.0,8,0.591453
0.0,17,0.591897
0.0,41,0.592848
0.0,17,0.59328
0.0,35,0.594087
0.0,14,0.594454
0.0,27,0.595114
0.0,21,0.595632
0.0,16,0.59604
1.0,14,0.596409
0.0,5,0.5966
0.0,3,0.596729
0.0,2,0.596834
0.0,17,0.597269
0.0,5,0.597451
0.0,15,0.597857
0.0,6,0.598058
0.0,8,0.5983
0.0,7,0.598515
0.0,8,0.598758
0.0,13,0.599105
0.0,2,0.599215
0.0,44,0.600238
0.0,3,0.600366
0.0,2,0.600476
0.0,16,0.600894
0.0,9,0.601151
0.0,28,0.601826
0.0,10,0.602118
0.0,3,0.602247
0.0,32,0.603016
0.0,10,0.603303
0.0,10,0.603616
0.0,13,0.60398
0.0,4,0.60413
0.0,14,0.604491
0.0,16,0.604906
0.0,21,0.60542
0.0,7,0.605648
0.0,6,0.605841
0.0,10,0.606116
0.0,7,0.606342
0.0,13,0.606702
0.0,7,0.606924
0.0,5,0.607103
0.0,9,0.607367
0.0,11,0.607691
0.0,14,0.608052
0.0,10,0.608338
0.0,3,0.608466
0.0,18,0.608926
0.0,2,0.609098
0.0,11,0.609409
0.0,5,0.609594
1.0,27,0.610254
0.0,3,0.610382
0.0,2,0.610485
0.0,21,0.611022
0.0,4,0.611173
0.0,8,0.611407
0.0,5,0.611594
0.0,5,0.611771
0.0,8,0.612004
0.0,4,0.61215
0.0,4,0.612296
1.0,27,0.612955
0.0,10,0.613231
0.0,24,0.613811
0.0,4,0.61397
0.0,7,0.614191
0.0,11,0.614488
0.0,11,0.614795
0.0,6,0.615002
0.0,34,0.615823
0.0,4,0.615974
0.0,7,0.616195
0.0,12,0.616518
0.0,7,0.616749
0.0,29,0.617428
0.0,2,0.617533
0.0,4,0.617701
0.0,10,0.617987
0.0,24,0.618594
0.0,14,0.618967
0.0,8,0.619207
0.0,7,0.619424
0.0,6,0.619632
0.0,31,0.620366
1.0,9,0.620638
0.0,5,0.620819
0.0,3,0.620953
0.0,6,0.62115
0.0,3,0.621288
0.0,26,0.621929
1.0,32,0.622674
0.0,13,0.623029
0.0,4,0.623185
0.0,8,0.623425
1.0,13,0.623784
0.0,18,0.624243
0.0,14,0.624633
0.0,6,0.624825
0.0,31,0.625554
0.0,16,0.625959
0.0,13,0.62631
0.0,3,0.626436
0.0,15,0.626835
0.0,10,0.627126
0.0,13,0.627481
0.0,10,0.627774
0.0,15,0.628152
0.0,5,0.628328
0.0,5,0.628497
0.0,15,0.628905
0.0,18,0.629367
0.0,5,0.629551
0.0,8,0.629797
0.0,11,0.630095
0.0,7,0.630306
0.0,23,0.630887
0.0,5,0.631068
0.0,8,0.63131
0.0,8,0.631557
0.0,21,0.632087
0.0,12,0.632413
0.0,12,0.632753
0.0,4,0.632909
0.0,45,0.633971
0.0,9,0.634236
0.0,8,0.634469
0.0,13,0.634836
0.0,10,0.635115
0.0,4,0.63527
0.0,6,0.635463
0.0,4,0.635647
0.0,16,0.636078
0.0,9,0.636336
0.0,28,0.637003
0.0,22,0.637548
0.0,12,0.63787
0.0,8,0.638111
0.0,10,0.638406
0.0,20,0.638907
0.0,26,0.63953
1.0,58,0.640908
0.0,6,0.641105
0.0,3,0.641233
0.0,4,0.641382
0.0,15,0.641791
0.0,20,0.642285
0.0,29,0.642986
0.0,2,0.643098
0.0,7,0.643317
0.0,6,0.643508
0.0,10,0.643806
0.0,13,0.644148
0.0,2,0.644258
0.0,13,0.644614
0.0,18,0.645071
0.0,6,0.645262
0.0,13,0.645624
0.0,9,0.645891
0.0,21,0.646411
0.0,7,0.646636
0.0,7,0.64685
0.0,5,0.647019
0.0,5,0.647195
0.0,10,0.647489
0.0,11,0.64781
0.0,3,0.647938
0.0,9,0.648207
0.0,8,0.648453
0.0,14,0.648831
0.0,2,0.648943
0.0,21,0.649459
0.0,5,0.649646
0.0,7,0.649872
0.0,3,0.649998
0.0,2,0.650106
0.0,8,0.650341
0.0,4,0.650487
0.0,12,0.650821
0.0,4,0.650972
0.0,7,0.65119
0.0,16,0.651613
0.0,9,0.651875
0.0,14,0.65225
0.0,4,0.652397
0.0,4,0.652559
0.0,6,0.652758
0.0,6,0.652957
0.0,46,0.654009
0.0,6,0.654202
0.0,4,0.654354
0.0,7,0.65458
0.0,13,0.65493
0.0,12,0.655252
0.0,16,0.655674
0.0,15,0.656077
0.0,4,0.656232
0.0,3,0.656361
0.0,28,0.65703
0.0,8,0.657262
0.0,4,0.657417
0.0,18,0.657887
0.0,3,0.658016
0.0,8,0.658269
0.0,28,0.658948
0.0,9,0.659217
0.0,9,0.659471
0.0,2,0.659583
0.0,28,0.660256
0.0,16,0.66068
0.0,12,0.660998
0.0,17,0.66142
0.0,7,0.661652
0.0,25,0.662246
0.0,7,0.662467
0.0,8,0.66271
0.0,5,0.662883
0.0,5,0.66306
0.0,6,0.663259
0.0,2,0.66337
0.0,13,0.663737
0.0,2,0.663849
0.0,6,0.664041
0.0,9,0.664295
0.0,13,0.664651
0.0,23,0.665217
0.0,12,0.665534
0.0,19,0.666016
0.0,61,0.667408
0.0,13,0.667764
0.0,4,0.66792
0.0,12,0.668239
0.0,4,0.668386
0.0,10,0.668684
0.0,2,0.66879
0.0,16,0.669369
0.0,6,0.669585
0.0,22,0.670147
0.0,37,0.671011
0.0,26,0.671643
0.0,5,0.67182
0.0,23,0.67239
0.0,10,0.672676
0.0,13,0.673025
0.0,14,0.673391
0.0,14,0.673771
0.0,10,0.674055
0.0,35,0.674872
0.0,7,0.675092
0.0,9,0.675357
0.0,8,0.675615
0.0,7,0.675837
0.0,2,0.675946
0.0,4,0.676104
0.0,7,0.676328
0.0,8,0.676584
0.0,11,0.676883
0.0,13,0.677243
0.0,7,0.677468
0.0,34,0.678281
0.0,24,0.678875
0.0,28,0.679562
0.0,13,0.679917
0.0,13,0.680264
