#{"t_start": 1522145312.9570014, "env_id": "MyFrozenLake-v0"}
r,l,t
0.0,100,0.013362
0.0,46,0.014453
0.0,100,0.016765
0.0,100,0.019028
0.0,100,0.021286
0.0,13,0.021659
0.0,100,0.023969
0.0,88,0.025989
0.0,12,0.026327
0.0,7,0.02656
0.0,59,0.027936
0.0,8,0.028188
0.0,3,0.028317
0.0,43,0.029341
0.0,12,0.029698
0.0,16,0.030113
0.0,3,0.030243
0.0,20,0.030745
0.0,5,0.030923
1.0,60,0.032312
0.0,100,0.034584
0.0,61,0.035969
0.0,35,0.036802
0.0,8,0.037048
0.0,22,0.037604
0.0,100,0.03988
0.0,47,0.040987
0.0,97,0.043159
0.0,100,0.045446
0.0,99,0.047733
1.0,12,0.048066
1.0,44,0.049131
1.0,89,0.051146
1.0,76,0.052909
1.0,61,0.054317
1.0,10,0.05462
0.0,12,0.054951
1.0,14,0.055317
1.0,49,0.056423
0.0,21,0.056968
0.0,19,0.057444
1.0,28,0.058125
0.0,47,0.059227
1.0,19,0.059714
1.0,40,0.06066
1.0,35,0.061497
1.0,59,0.06286
1.0,43,0.063876
1.0,12,0.064206
0.0,17,0.064642
1.0,15,0.065039
1.0,10,0.065329
0.0,26,0.065989
1.0,12,0.066312
1.0,36,0.067171
1.0,8,0.067419
1.0,28,0.068113
1.0,32,0.068893
1.0,23,0.069457
1.0,51,0.07065
0.0,10,0.070942
1.0,25,0.071556
1.0,23,0.07212
1.0,45,0.073177
1.0,98,0.075433
1.0,30,0.076159
1.0,85,0.078076
0.0,10,0.07837
1.0,11,0.078692
0.0,38,0.079607
1.0,21,0.080135
1.0,41,0.081108
1.0,20,0.081617
1.0,23,0.082175
1.0,17,0.082622
1.0,75,0.084314
1.0,15,0.084712
1.0,19,0.085196
0.0,12,0.08554
1.0,13,0.085892
1.0,14,0.086265
1.0,37,0.087145
1.0,60,0.088534
1.0,27,0.089185
1.0,27,0.089853
1.0,28,0.090527
0.0,29,0.091216
1.0,20,0.091737
1.0,24,0.092313
1.0,8,0.092572
1.0,31,0.093305
0.0,17,0.09374
0.0,5,0.093919
0.0,4,0.094068
1.0,13,0.094419
1.0,44,0.095462
0.0,99,0.097673
1.0,48,0.098828
1.0,15,0.09922
0.0,4,0.099376
1.0,15,0.09981
1.0,17,0.100254
1.0,29,0.100964
1.0,40,0.101921
1.0,64,0.103379
0.0,31,0.104115
0.0,7,0.104338
1.0,23,0.104903
1.0,20,0.105399
1.0,16,0.105832
1.0,18,0.106284
0.0,35,0.107112
1.0,24,0.10773
1.0,7,0.107952
1.0,84,0.109874
1.0,14,0.110249
0.0,10,0.110562
1.0,13,0.110912
1.0,18,0.111379
1.0,50,0.112609
1.0,28,0.113284
0.0,10,0.113583
0.0,22,0.114126
1.0,67,0.11566
1.0,18,0.116111
1.0,34,0.116909
1.0,22,0.117442
1.0,78,0.119208
1.0,17,0.119666
1.0,13,0.120024
1.0,24,0.120623
1.0,19,0.121107
0.0,19,0.121608
1.0,16,0.122022
1.0,8,0.122265
1.0,19,0.122785
1.0,7,0.122998
1.0,11,0.123302
1.0,24,0.123911
1.0,17,0.124354
1.0,19,0.124838
1.0,30,0.125563
1.0,39,0.126484
0.0,17,0.12693
1.0,27,0.127611
1.0,16,0.128032
0.0,3,0.128164
0.0,24,0.128787
0.0,21,0.129312
1.0,28,0.130005
1.0,51,0.131186
0.0,28,0.131879
0.0,5,0.132057
0.0,9,0.132327
0.0,5,0.132516
1.0,22,0.133064
0.0,40,0.134002
1.0,57,0.135341
1.0,24,0.135947
1.0,65,0.137423
1.0,15,0.137831
0.0,9,0.138096
0.0,35,0.138931
1.0,9,0.139204
1.0,20,0.139719
1.0,20,0.140219
1.0,15,0.140616
1.0,20,0.141113
1.0,22,0.141664
1.0,15,0.142046
1.0,15,0.142427
1.0,15,0.142837
1.0,22,0.143365
0.0,67,0.1449
1.0,24,0.1455
0.0,12,0.145821
0.0,100,0.148064
0.0,40,0.149021
0.0,4,0.149179
1.0,20,0.149718
0.0,97,0.151913
0.0,28,0.152634
0.0,12,0.152975
0.0,40,0.153922
0.0,10,0.154216
1.0,11,0.154535
1.0,26,0.155159
0.0,3,0.155286
1.0,23,0.155859
1.0,35,0.156692
1.0,18,0.157138
1.0,23,0.157716
0.0,11,0.158028
0.0,31,0.158782
0.0,42,0.159777
0.0,24,0.160362
1.0,91,0.162418
1.0,18,0.162893
0.0,34,0.163719
0.0,4,0.16388
0.0,15,0.164282
0.0,13,0.164643
0.0,6,0.164852
1.0,40,0.165796
0.0,6,0.165989
1.0,32,0.166753
1.0,22,0.167294
1.0,17,0.167726
1.0,39,0.168656
1.0,13,0.169006
1.0,55,0.170255
1.0,13,0.170616
1.0,38,0.171518
1.0,15,0.171911
1.0,95,0.174072
1.0,12,0.174407
1.0,18,0.174892
1.0,32,0.175657
1.0,35,0.176474
0.0,13,0.176835
1.0,80,0.178637
1.0,76,0.180362
0.0,51,0.181566
1.0,67,0.18307
1.0,28,0.183749
0.0,15,0.184141
0.0,24,0.184746
0.0,100,0.186955
0.0,32,0.18774
0.0,37,0.188621
1.0,40,0.189582
0.0,9,0.189846
1.0,31,0.190607
0.0,29,0.191282
0.0,26,0.19192
1.0,20,0.192428
0.0,4,0.192598
1.0,14,0.192973
0.0,30,0.193716
1.0,15,0.194124
0.0,33,0.194949
1.0,7,0.195167
1.0,19,0.195662
0.0,18,0.196129
1.0,68,0.197712
1.0,71,0.199324
0.0,86,0.20132
1.0,53,0.202543
1.0,67,0.204079
1.0,22,0.204634
0.0,16,0.20504
0.0,21,0.205579
0.0,21,0.206124
1.0,16,0.206548
1.0,36,0.207399
1.0,27,0.208062
0.0,5,0.208243
1.0,28,0.208948
1.0,10,0.209227
1.0,32,0.209996
1.0,17,0.210433
0.0,18,0.210908
1.0,64,0.212347
0.0,24,0.213018
1.0,14,0.213391
1.0,7,0.213636
1.0,38,0.21453
1.0,13,0.214884
1.0,47,0.215989
0.0,5,0.216171
1.0,39,0.217119
1.0,34,0.21793
0.0,6,0.218128
0.0,6,0.21833
0.0,12,0.218664
1.0,72,0.22029
1.0,9,0.220598
1.0,31,0.221392
1.0,35,0.222275
0.0,13,0.222649
1.0,39,0.223581
1.0,37,0.224453
1.0,41,0.225422
0.0,38,0.226353
1.0,35,0.227193
1.0,17,0.227647
1.0,100,0.229904
1.0,31,0.230653
0.0,3,0.230786
1.0,25,0.231405
1.0,17,0.23185
1.0,56,0.233126
0.0,32,0.233911
0.0,36,0.234758
1.0,8,0.235008
0.0,13,0.235359
1.0,17,0.235805
1.0,6,0.236002
1.0,14,0.236382
0.0,10,0.236676
0.0,10,0.236959
1.0,21,0.237487
1.0,12,0.237819
1.0,34,0.23863
1.0,11,0.238928
0.0,26,0.239577
0.0,3,0.239712
0.0,20,0.240209
0.0,4,0.240357
1.0,28,0.241038
1.0,18,0.241532
1.0,48,0.242649
0.0,19,0.243125
0.0,12,0.243457
0.0,34,0.244269
0.0,18,0.24475
1.0,50,0.245906
0.0,85,0.247841
0.0,18,0.248305
1.0,60,0.249717
0.0,11,0.250036
1.0,10,0.250322
0.0,16,0.25074
0.0,38,0.251656
1.0,13,0.252008
1.0,20,0.252539
1.0,11,0.252865
1.0,71,0.254484
1.0,39,0.255393
0.0,9,0.255671
1.0,14,0.256042
1.0,14,0.256402
1.0,12,0.256749
1.0,19,0.257226
1.0,10,0.257524
1.0,37,0.258407
0.0,4,0.258574
1.0,25,0.25919
1.0,6,0.259383
1.0,25,0.260013
0.0,11,0.260326
0.0,28,0.260997
1.0,22,0.26154
0.0,57,0.262855
1.0,18,0.263318
0.0,42,0.26428
1.0,70,0.265872
1.0,14,0.266237
1.0,7,0.266472
0.0,5,0.266648
0.0,100,0.268905
1.0,26,0.269551
0.0,56,0.270835
0.0,16,0.271257
0.0,66,0.272773
1.0,40,0.273727
0.0,36,0.274576
1.0,39,0.27549
1.0,23,0.276065
1.0,12,0.276384
1.0,30,0.277099
1.0,23,0.277678
1.0,39,0.278606
1.0,69,0.280161
1.0,17,0.280615
0.0,8,0.280859
1.0,9,0.281117
1.0,18,0.281594
1.0,19,0.282075
1.0,22,0.282628
1.0,13,0.282972
1.0,27,0.283616
1.0,8,0.283857
1.0,23,0.284413
1.0,27,0.285076
1.0,23,0.285655
1.0,15,0.28604
1.0,29,0.286753
1.0,47,0.287849
1.0,8,0.288085
1.0,37,0.288946
1.0,27,0.28961
0.0,8,0.289847
0.0,11,0.290145
1.0,60,0.291526
1.0,54,0.292752
0.0,4,0.292914
0.0,24,0.293515
1.0,43,0.294515
1.0,31,0.295263
0.0,6,0.295462
0.0,100,0.297736
1.0,24,0.298333
1.0,20,0.298857
0.0,24,0.299458
1.0,20,0.299972
1.0,30,0.30069
0.0,100,0.302954
1.0,13,0.303301
1.0,12,0.303648
1.0,26,0.304284
0.0,100,0.306579
1.0,39,0.307523
0.0,55,0.308783
0.0,5,0.308966
0.0,100,0.311244
0.0,30,0.311985
0.0,18,0.312442
0.0,31,0.313263
1.0,24,0.313879
1.0,55,0.315186
1.0,47,0.316271
1.0,7,0.316509
1.0,18,0.316986
0.0,100,0.319248
1.0,23,0.319822
0.0,22,0.320372
1.0,21,0.320903
1.0,41,0.321851
1.0,29,0.322572
1.0,31,0.323314
1.0,8,0.323569
1.0,48,0.324724
1.0,28,0.325418
0.0,100,0.327734
0.0,10,0.328025
1.0,30,0.328743
0.0,7,0.328963
1.0,66,0.330477
0.0,65,0.33195
1.0,32,0.332718
1.0,36,0.333571
1.0,26,0.334198
0.0,5,0.334366
1.0,35,0.335191
1.0,18,0.335651
1.0,33,0.336439
0.0,12,0.33678
1.0,52,0.337972
1.0,33,0.338761
1.0,13,0.339105
1.0,45,0.340135
1.0,62,0.341586
1.0,45,0.34266
0.0,5,0.34283
0.0,57,0.344174
1.0,12,0.344512
1.0,18,0.344979
1.0,9,0.345244
1.0,27,0.3459
1.0,13,0.346241
0.0,4,0.346393
1.0,12,0.346732
1.0,12,0.347069
1.0,18,0.347535
1.0,21,0.34805
0.0,63,0.349518
0.0,8,0.349793
1.0,17,0.350241
1.0,35,0.351088
1.0,32,0.351866
1.0,15,0.352252
0.0,23,0.352838
1.0,10,0.353129
1.0,26,0.353766
1.0,13,0.354118
1.0,30,0.35485
1.0,31,0.3556
1.0,32,0.356371
1.0,26,0.35702
1.0,27,0.357679
1.0,18,0.358163
1.0,69,0.359759
1.0,76,0.361496
0.0,59,0.362855
1.0,26,0.363484
1.0,25,0.3641
1.0,8,0.364342
1.0,15,0.364744
0.0,9,0.365009
1.0,29,0.365707
1.0,40,0.366663
1.0,19,0.367151
0.0,84,0.369053
1.0,29,0.369799
0.0,28,0.370495
1.0,33,0.371295
1.0,40,0.372256
0.0,20,0.372768
0.0,33,0.373573
0.0,25,0.374195
1.0,18,0.374654
0.0,34,0.375463
1.0,26,0.376137
0.0,8,0.376374
0.0,23,0.376948
1.0,9,0.37721
1.0,15,0.377613
0.0,14,0.377989
0.0,24,0.378629
1.0,18,0.379088
0.0,88,0.381114
0.0,14,0.381497
1.0,32,0.382269
1.0,15,0.382672
1.0,15,0.38307
1.0,33,0.383876
1.0,19,0.384349
1.0,22,0.38491
1.0,25,0.385541
1.0,20,0.386031
1.0,33,0.386839
0.0,18,0.387304
0.0,22,0.387851
0.0,6,0.388055
1.0,25,0.388673
1.0,19,0.389152
1.0,28,0.389817
0.0,9,0.390085
1.0,54,0.391342
1.0,32,0.392129
1.0,35,0.392974
1.0,28,0.393671
1.0,41,0.394653
1.0,34,0.395461
0.0,7,0.395692
0.0,24,0.396274
0.0,9,0.39656
0.0,14,0.396947
1.0,26,0.397601
1.0,13,0.397955
1.0,91,0.400021
1.0,26,0.400655
1.0,79,0.402444
1.0,12,0.402779
0.0,11,0.403094
0.0,3,0.40323
1.0,10,0.403526
1.0,6,0.40372
1.0,35,0.404561
1.0,29,0.405253
1.0,51,0.406437
1.0,9,0.406708
1.0,17,0.407144
0.0,23,0.407734
1.0,29,0.408426
1.0,22,0.408975
1.0,17,0.409404
1.0,13,0.409766
1.0,49,0.410893
1.0,43,0.411877
1.0,48,0.412976
1.0,36,0.413918
1.0,40,0.414891
1.0,17,0.415326
1.0,10,0.41563
1.0,14,0.415999
1.0,19,0.416512
0.0,82,0.418364
1.0,18,0.41884
1.0,32,0.419614
1.0,9,0.419878
1.0,39,0.420781
0.0,27,0.421414
1.0,63,0.422875
0.0,13,0.423237
0.0,5,0.423422
0.0,16,0.423847
0.0,54,0.425101
0.0,14,0.425479
1.0,86,0.427428
1.0,20,0.427941
1.0,34,0.42877
1.0,32,0.429555
1.0,15,0.429948
1.0,28,0.430631
1.0,37,0.431495
1.0,23,0.43206
1.0,75,0.433748
1.0,22,0.434294
1.0,17,0.434735
0.0,21,0.43526
1.0,50,0.43642
1.0,69,0.438004
1.0,17,0.438444
0.0,20,0.438967
1.0,20,0.439474
1.0,9,0.439732
0.0,5,0.439901
1.0,29,0.440608
1.0,11,0.440912
0.0,7,0.44114
1.0,35,0.441991
1.0,75,0.443696
0.0,33,0.444506
1.0,26,0.445146
0.0,19,0.445635
0.0,9,0.445909
1.0,19,0.446398
1.0,60,0.447776
1.0,12,0.448108
1.0,14,0.448479
1.0,8,0.448717
0.0,26,0.44936
1.0,21,0.449889
1.0,27,0.450545
0.0,11,0.450854
1.0,70,0.452452
1.0,38,0.453348
0.0,26,0.454009
0.0,10,0.454294
1.0,13,0.454648
1.0,37,0.455541
1.0,12,0.455864
0.0,60,0.457248
1.0,39,0.458191
0.0,28,0.458893
0.0,27,0.45956
0.0,9,0.459816
1.0,57,0.461141
1.0,8,0.461383
1.0,40,0.462336
0.0,27,0.462986
0.0,22,0.463549
1.0,31,0.464278
1.0,54,0.46551
1.0,16,0.465912
0.0,10,0.466195
1.0,31,0.466946
1.0,36,0.467811
1.0,99,0.470041
1.0,34,0.470861
0.0,31,0.47161
0.0,34,0.472414
1.0,43,0.473409
1.0,19,0.473899
0.0,35,0.474732
1.0,26,0.475356
0.0,100,0.477691
1.0,13,0.478037
1.0,34,0.47886
1.0,50,0.480072
1.0,18,0.48057
1.0,15,0.480969
1.0,26,0.481649
1.0,63,0.483099
1.0,15,0.483521
0.0,5,0.483711
1.0,31,0.484458
1.0,26,0.485106
0.0,20,0.485639
1.0,21,0.486149
1.0,28,0.486829
1.0,28,0.487533
1.0,22,0.488096
1.0,41,0.48905
1.0,16,0.489477
1.0,43,0.490623
0.0,49,0.491774
0.0,44,0.49282
1.0,24,0.493417
1.0,50,0.494594
1.0,6,0.494796
0.0,23,0.495369
1.0,17,0.495815
1.0,10,0.496093
0.0,3,0.496224
0.0,14,0.496601
1.0,34,0.497396
1.0,48,0.498548
0.0,72,0.500232
1.0,87,0.502183
1.0,56,0.503532
0.0,87,0.505522
1.0,13,0.505892
1.0,29,0.506594
1.0,25,0.507197
1.0,12,0.507531
1.0,56,0.508814
1.0,36,0.509666
1.0,28,0.510343
1.0,49,0.511454
1.0,33,0.512246
1.0,48,0.513341
1.0,25,0.514019
1.0,17,0.514492
1.0,9,0.514795
0.0,10,0.515088
1.0,23,0.515675
1.0,26,0.516304
0.0,9,0.516586
1.0,26,0.517236
0.0,26,0.517886
0.0,100,0.520173
0.0,16,0.520644
0.0,9,0.520902
0.0,40,0.521843
0.0,19,0.522334
1.0,26,0.522974
0.0,18,0.523435
0.0,9,0.523747
0.0,33,0.52454
1.0,10,0.524832
1.0,41,0.525791
1.0,56,0.52708
0.0,32,0.527848
0.0,7,0.528059
1.0,21,0.52859
1.0,14,0.528965
1.0,15,0.529354
1.0,7,0.529578
1.0,10,0.529854
1.0,29,0.530571
0.0,29,0.531253
0.0,12,0.53158
1.0,16,0.532003
1.0,17,0.532435
1.0,17,0.532871
1.0,18,0.533329
1.0,20,0.53384
0.0,41,0.534814
0.0,63,0.536223
1.0,71,0.537856
1.0,56,0.539144
1.0,12,0.53948
0.0,3,0.539612
0.0,4,0.539767
1.0,26,0.540407
1.0,45,0.54147
1.0,26,0.542106
1.0,13,0.542453
0.0,36,0.543316
1.0,40,0.54425
0.0,33,0.545076
0.0,81,0.546936
1.0,27,0.547635
1.0,26,0.548263
0.0,5,0.548431
0.0,36,0.549297
1.0,38,0.550206
0.0,12,0.550552
1.0,13,0.550894
1.0,7,0.551116
1.0,11,0.551418
1.0,10,0.551703
0.0,78,0.553498
0.0,9,0.553756
1.0,16,0.554168
1.0,25,0.55479
1.0,27,0.555424
1.0,42,0.556436
0.0,50,0.557645
1.0,37,0.55854
1.0,14,0.558913
1.0,9,0.559167
1.0,19,0.559668
1.0,8,0.559902
1.0,88,0.56189
1.0,31,0.562666
1.0,29,0.563385
1.0,79,0.565174
0.0,9,0.565428
1.0,9,0.565705
1.0,52,0.566922
0.0,5,0.567092
0.0,16,0.567534
0.0,13,0.567887
0.0,10,0.568164
1.0,46,0.569247
1.0,14,0.569624
0.0,11,0.569931
1.0,33,0.570729
1.0,32,0.571515
1.0,29,0.572202
0.0,3,0.572332
0.0,88,0.574327
1.0,42,0.575299
1.0,72,0.576981
1.0,12,0.577309
0.0,19,0.577794
0.0,12,0.578117
1.0,13,0.578472
1.0,49,0.579633
1.0,31,0.580366
1.0,56,0.581636
0.0,23,0.582188
0.0,48,0.583332
1.0,20,0.583853
1.0,42,0.584827
1.0,27,0.585495
1.0,33,0.586254
1.0,6,0.586445
1.0,20,0.586955
1.0,9,0.587213
1.0,12,0.587541
1.0,18,0.587991
1.0,15,0.588374
1.0,37,0.589231
1.0,12,0.58958
1.0,17,0.590016
1.0,66,0.591521
0.0,11,0.59182
0.0,100,0.594063
1.0,34,0.594871
1.0,35,0.595698
1.0,28,0.596371
0.0,76,0.59809
1.0,71,0.599713
1.0,21,0.600217
1.0,11,0.600549
1.0,39,0.60146
1.0,19,0.601952
0.0,14,0.602325
0.0,5,0.602514
1.0,25,0.603123
1.0,23,0.603684
1.0,22,0.604217
1.0,20,0.604721
1.0,16,0.605139
1.0,29,0.605838
1.0,53,0.60704
1.0,29,0.607734
0.0,17,0.608189
1.0,54,0.609405
0.0,51,0.610609
1.0,9,0.610869
0.0,27,0.611544
1.0,80,0.613358
0.0,22,0.613981
1.0,32,0.614767
1.0,15,0.615153
1.0,26,0.615782
1.0,27,0.616437
0.0,15,0.616848
1.0,11,0.617156
1.0,16,0.617572
0.0,15,0.61798
1.0,19,0.618487
1.0,21,0.619038
1.0,28,0.619732
0.0,37,0.620605
1.0,20,0.621102
1.0,16,0.621531
1.0,10,0.621816
1.0,81,0.623654
0.0,3,0.623784
1.0,20,0.624294
1.0,18,0.624763
1.0,47,0.62588
1.0,26,0.62654
1.0,9,0.626814
1.0,16,0.627214
1.0,18,0.627708
1.0,27,0.628376
1.0,27,0.629058
0.0,10,0.629351
1.0,39,0.630279
1.0,43,0.631277
1.0,34,0.632101
1.0,18,0.632571
1.0,16,0.632985
1.0,48,0.634069
0.0,11,0.634385
1.0,22,0.634941
0.0,17,0.635379
1.0,39,0.636296
1.0,10,0.6366
1.0,15,0.636986
1.0,21,0.637527
1.0,30,0.638218
1.0,11,0.638537
0.0,26,0.639173
0.0,25,0.639798
1.0,42,0.640769
0.0,18,0.641218
1.0,43,0.642252
1.0,38,0.64315
1.0,17,0.643602
1.0,58,0.644932
1.0,98,0.647134
1.0,37,0.648029
1.0,33,0.648854
0.0,9,0.649117
0.0,14,0.649508
1.0,21,0.650032
1.0,14,0.650404
0.0,37,0.651266
1.0,17,0.65172
0.0,35,0.652592
0.0,35,0.653401
1.0,21,0.653929
0.0,10,0.654206
1.0,34,0.65501
1.0,22,0.655553
1.0,17,0.655973
1.0,29,0.656676
1.0,34,0.657462
1.0,18,0.657924
0.0,47,0.659055
1.0,18,0.65953
1.0,80,0.661307
1.0,36,0.66218
1.0,64,0.663625
1.0,26,0.66426
0.0,68,0.665832
1.0,27,0.666497
1.0,16,0.666914
1.0,27,0.667569
0.0,17,0.668006
1.0,15,0.668405
0.0,27,0.669103
1.0,25,0.669724
1.0,21,0.670244
1.0,15,0.670679
1.0,21,0.671203
1.0,47,0.67232
0.0,51,0.673531
1.0,19,0.674001
1.0,8,0.674239
1.0,56,0.675517
1.0,15,0.675904
1.0,7,0.676123
0.0,13,0.67649
1.0,48,0.677642
1.0,48,0.678764
1.0,15,0.679154
0.0,100,0.681372
1.0,39,0.682285
0.0,7,0.682522
1.0,13,0.682884
0.0,63,0.684309
0.0,38,0.685199
1.0,18,0.685659
0.0,29,0.686353
0.0,46,0.687419
1.0,31,0.688152
1.0,15,0.688587
1.0,46,0.689679
1.0,13,0.690022
1.0,14,0.690394
1.0,18,0.690856
0.0,25,0.691445
1.0,9,0.691717
1.0,15,0.692106
1.0,9,0.692367
0.0,47,0.693472
1.0,25,0.694086
1.0,17,0.69453
0.0,31,0.695274
0.0,16,0.695699
0.0,22,0.69625
1.0,14,0.696632
1.0,19,0.697121
1.0,13,0.697461
1.0,24,0.698061
0.0,18,0.698533
1.0,12,0.698862
1.0,23,0.699433
0.0,8,0.699688
1.0,11,0.700004
1.0,42,0.701025
1.0,36,0.70188
1.0,10,0.702157
0.0,24,0.702761
0.0,11,0.703061
1.0,6,0.70326
1.0,69,0.704856
1.0,19,0.705357
1.0,36,0.706217
1.0,9,0.706496
0.0,4,0.706652
1.0,27,0.707307
1.0,10,0.707625
0.0,8,0.707864
1.0,21,0.708389
1.0,27,0.70905
0.0,56,0.710335
0.0,100,0.712595
0.0,4,0.712755
1.0,35,0.713606
1.0,14,0.714041
1.0,17,0.714488
1.0,12,0.714816
1.0,19,0.715303
0.0,21,0.715836
1.0,32,0.716608
1.0,8,0.716851
1.0,8,0.717093
1.0,47,0.71819
1.0,46,0.719286
0.0,27,0.719992
1.0,26,0.720639
1.0,27,0.721303
1.0,17,0.721812
0.0,40,0.722798
1.0,12,0.723126
1.0,20,0.723629
1.0,6,0.723822
0.0,21,0.724337
1.0,28,0.725013
1.0,30,0.725726
1.0,29,0.726422
1.0,49,0.727569
1.0,23,0.728128
1.0,29,0.728846
1.0,87,0.730827
1.0,17,0.731258
1.0,85,0.733151
1.0,54,0.734386
0.0,7,0.73461
0.0,19,0.735091
0.0,18,0.735563
1.0,17,0.73599
0.0,6,0.736195
1.0,30,0.736979
1.0,27,0.737657
1.0,39,0.738574
1.0,22,0.73911
1.0,69,0.740685
0.0,41,0.741637
1.0,8,0.741876
1.0,82,0.743742
1.0,18,0.744205
1.0,54,0.745447
0.0,3,0.745583
1.0,32,0.746339
0.0,34,0.747157
0.0,5,0.747329
1.0,74,0.749011
0.0,5,0.749188
1.0,56,0.750459
1.0,68,0.752017
1.0,20,0.752538
1.0,13,0.752899
1.0,29,0.753597
1.0,49,0.754737
0.0,72,0.756356
1.0,22,0.756905
0.0,12,0.757237
1.0,9,0.757505
0.0,8,0.757748
1.0,89,0.759735
0.0,14,0.760119
0.0,45,0.761159
0.0,30,0.761886
0.0,18,0.762347
1.0,84,0.764209
0.0,57,0.765522
0.0,9,0.765797
1.0,24,0.766407
1.0,87,0.768358
1.0,40,0.769289
1.0,19,0.769771
0.0,14,0.770151
0.0,3,0.770283
0.0,100,0.772528
1.0,35,0.773346
1.0,98,0.775578
0.0,6,0.775782
1.0,16,0.776196
1.0,64,0.777693
1.0,10,0.777973
1.0,96,0.780138
0.0,17,0.780594
1.0,30,0.781324
1.0,19,0.781823
0.0,12,0.782156
1.0,20,0.782678
0.0,4,0.782839
1.0,70,0.784438
1.0,18,0.784908
1.0,36,0.78577
1.0,6,0.785964
0.0,15,0.786352
0.0,13,0.786706
1.0,27,0.787362
1.0,28,0.788055
0.0,5,0.78823
1.0,41,0.789202
0.0,72,0.790853
1.0,11,0.791165
1.0,6,0.791357
1.0,28,0.792054
1.0,17,0.7925
0.0,50,0.793655
1.0,12,0.793982
0.0,12,0.794304
1.0,14,0.794691
1.0,11,0.794989
0.0,33,0.795789
0.0,6,0.795992
1.0,32,0.796762
0.0,5,0.796941
0.0,15,0.79733
1.0,23,0.797906
1.0,17,0.798336
0.0,11,0.798649
1.0,6,0.798841
1.0,29,0.799543
0.0,11,0.799842
0.0,22,0.800374
1.0,12,0.800748
1.0,22,0.801299
0.0,9,0.801569
1.0,38,0.802477
1.0,43,0.803483
1.0,91,0.805536
1.0,47,0.806612
1.0,38,0.807485
1.0,16,0.807885
0.0,9,0.808144
0.0,13,0.808504
1.0,34,0.809299
1.0,89,0.811275
0.0,11,0.811591
1.0,10,0.811881
1.0,26,0.812525
1.0,37,0.813374
1.0,44,0.8144
0.0,6,0.814671
0.0,30,0.8154
1.0,57,0.816715
0.0,43,0.817723
1.0,41,0.818699
0.0,8,0.818937
0.0,6,0.819139
1.0,16,0.819577
1.0,32,0.820347
1.0,12,0.820678
1.0,29,0.82137
0.0,5,0.821558
1.0,51,0.82272
1.0,19,0.823202
1.0,32,0.823961
1.0,9,0.824224
1.0,53,0.825438
1.0,22,0.825989
0.0,100,0.828283
0.0,45,0.829329
0.0,100,0.831593
0.0,43,0.832612
1.0,24,0.833202
1.0,38,0.834105
1.0,35,0.834942
1.0,36,0.835801
1.0,16,0.836204
1.0,21,0.836735
0.0,12,0.837073
1.0,8,0.837304
0.0,5,0.837487
1.0,11,0.837787
1.0,23,0.838356
1.0,9,0.838619
1.0,15,0.838998
1.0,17,0.839426
1.0,19,0.839914
1.0,12,0.840243
1.0,42,0.841224
1.0,53,0.842426
0.0,7,0.84265
1.0,19,0.84314
1.0,30,0.843859
0.0,4,0.844007
0.0,7,0.844218
1.0,11,0.844537
1.0,13,0.844881
1.0,12,0.8452
0.0,16,0.845632
1.0,33,0.846411
0.0,3,0.846555
0.0,12,0.8469
1.0,35,0.84775
1.0,54,0.848992
1.0,11,0.849289
1.0,11,0.849608
1.0,23,0.850162
0.0,7,0.850377
1.0,9,0.850671
1.0,7,0.850889
1.0,15,0.851294
1.0,20,0.851809
1.0,9,0.852075
0.0,13,0.852423
1.0,9,0.852691
1.0,13,0.85304
0.0,28,0.853763
1.0,41,0.854734
1.0,25,0.855354
1.0,35,0.856205
1.0,30,0.856924
1.0,22,0.857477
1.0,23,0.858048
1.0,21,0.858577
1.0,24,0.859169
0.0,14,0.859548
1.0,16,0.859982
1.0,6,0.860178
0.0,23,0.860745
1.0,8,0.860992
1.0,15,0.861379
1.0,56,0.86264
0.0,55,0.863896
1.0,44,0.864935
0.0,9,0.865195
0.0,9,0.865458
0.0,15,0.86586
1.0,26,0.866508
1.0,8,0.866742
1.0,54,0.867958
1.0,35,0.868788
1.0,21,0.869302
0.0,13,0.869671
1.0,10,0.869951
1.0,39,0.870864
1.0,89,0.872875
1.0,13,0.873231
1.0,8,0.873471
0.0,9,0.873752
1.0,18,0.874206
1.0,15,0.874605
1.0,12,0.874927
1.0,21,0.875438
0.0,14,0.875809
0.0,14,0.876181
1.0,34,0.876985
0.0,7,0.877207
0.0,12,0.877548
1.0,77,0.879278
1.0,24,0.879873
0.0,18,0.880335
0.0,11,0.880645
1.0,35,0.881452
0.0,95,0.883625
0.0,40,0.884567
1.0,18,0.885016
1.0,36,0.88589
1.0,21,0.886411
1.0,40,0.887404
1.0,80,0.889225
1.0,8,0.889478
0.0,10,0.889762
1.0,18,0.890217
1.0,20,0.890732
1.0,36,0.891595
1.0,34,0.892403
0.0,3,0.892546
1.0,52,0.893784
1.0,6,0.893984
0.0,5,0.894159
1.0,19,0.894665
0.0,19,0.895149
1.0,17,0.895592
1.0,24,0.896179
0.0,3,0.896308
0.0,11,0.896639
1.0,29,0.897331
0.0,4,0.897497
1.0,51,0.89869
1.0,21,0.899215
1.0,45,0.900252
0.0,9,0.900522
0.0,21,0.901051
1.0,52,0.902246
1.0,12,0.902581
1.0,11,0.902888
1.0,23,0.90345
0.0,38,0.904393
1.0,48,0.905513
1.0,9,0.905782
1.0,16,0.90622
1.0,22,0.906779
1.0,20,0.90727
0.0,32,0.908051
0.0,7,0.90827
1.0,17,0.908732
0.0,12,0.90907
0.0,13,0.90943
1.0,25,0.91005
1.0,92,0.912128
1.0,8,0.912368
0.0,8,0.912614
1.0,76,0.914329
0.0,20,0.914872
1.0,59,0.916287
1.0,42,0.917254
0.0,10,0.917562
1.0,16,0.917973
1.0,13,0.918325
1.0,45,0.919388
1.0,48,0.920526
1.0,27,0.921187
0.0,20,0.921706
1.0,37,0.922594
1.0,35,0.923424
0.0,11,0.923748
1.0,27,0.924414
1.0,10,0.924714
1.0,45,0.925776
1.0,15,0.926164
1.0,32,0.926967
1.0,14,0.92734
1.0,20,0.927839
1.0,17,0.928283
1.0,80,0.930083
0.0,21,0.930615
1.0,40,0.931563
1.0,68,0.933115
1.0,15,0.933527
1.0,14,0.933906
1.0,20,0.93441
1.0,20,0.934912
0.0,8,0.93516
1.0,16,0.935589
1.0,15,0.935973
1.0,14,0.936344
1.0,15,0.936758
0.0,26,0.937387
1.0,42,0.938392
1.0,12,0.938732
1.0,10,0.939026
1.0,64,0.940511
0.0,6,0.940717
1.0,57,0.942008
1.0,43,0.943011
1.0,14,0.943378
1.0,15,0.94378
0.0,8,0.944026
1.0,31,0.944767
0.0,3,0.944901
1.0,38,0.945796
1.0,25,0.946429
0.0,32,0.947214
1.0,37,0.948084
1.0,43,0.94909
0.0,9,0.949343
1.0,17,0.949778
1.0,16,0.95019
1.0,8,0.950425
0.0,12,0.950793
0.0,33,0.951584
0.0,63,0.953009
0.0,53,0.954271
0.0,20,0.954798
0.0,21,0.955317
0.0,29,0.956015
1.0,17,0.956444
1.0,18,0.956919
1.0,47,0.957993
1.0,72,0.959681
0.0,4,0.959839
0.0,11,0.960151
0.0,26,0.960808
0.0,70,0.962457
1.0,42,0.963443
1.0,7,0.963672
1.0,12,0.963998
1.0,14,0.96436
1.0,12,0.964699
1.0,20,0.965211
1.0,30,0.965943
1.0,14,0.966309
1.0,29,0.967012
1.0,28,0.967727
1.0,14,0.968094
0.0,3,0.968225
0.0,10,0.968517
1.0,19,0.968994
0.0,33,0.969811
0.0,21,0.970324
1.0,11,0.970644
1.0,19,0.971104
1.0,9,0.971364
1.0,13,0.971736
1.0,29,0.972445
0.0,26,0.973089
0.0,100,0.97535
0.0,57,0.976704
1.0,15,0.977098
1.0,29,0.977819
1.0,15,0.978207
1.0,42,0.9792
1.0,24,0.979825
1.0,33,0.980682
1.0,14,0.981052
1.0,22,0.981631
0.0,100,0.983948
1.0,8,0.984199
1.0,45,0.985245
0.0,18,0.985707
1.0,37,0.986596
1.0,13,0.986941
1.0,6,0.987141
1.0,12,0.987486
0.0,33,0.988262
1.0,67,0.989814
0.0,5,0.989985
1.0,21,0.990505
0.0,5,0.990703
0.0,7,0.990992
1.0,56,0.992303
0.0,8,0.992549
0.0,64,0.994008
1.0,33,0.994794
1.0,12,0.99512
0.0,53,0.996358
0.0,53,0.9976
1.0,58,0.998928
1.0,12,0.999249
1.0,14,0.999619
1.0,12,0.999945
0.0,15,1.000332
1.0,36,1.001201
1.0,21,1.001727
0.0,15,1.002115
1.0,18,1.002569
0.0,9,1.002829
0.0,52,1.004037
1.0,71,1.005668
1.0,41,1.006648
0.0,47,1.007754
1.0,10,1.008043
1.0,23,1.008615
0.0,20,1.00913
0.0,81,1.011007
0.0,7,1.011227
0.0,15,1.011633
0.0,3,1.011769
1.0,23,1.012338
1.0,27,1.012994
1.0,7,1.013212
1.0,19,1.013699
1.0,20,1.014198
1.0,12,1.014533
1.0,20,1.015021
1.0,78,1.016888
1.0,32,1.017681
1.0,25,1.018291
1.0,21,1.018834
1.0,34,1.019672
1.0,17,1.020104
0.0,31,1.020866
0.0,26,1.021615
0.0,49,1.022777
1.0,36,1.023647
1.0,9,1.023912
1.0,23,1.024491
1.0,28,1.025175
1.0,12,1.025511
0.0,17,1.025953
0.0,14,1.02633
1.0,20,1.026841
1.0,61,1.028229
1.0,53,1.029445
0.0,15,1.029852
0.0,23,1.030399
1.0,7,1.030629
1.0,39,1.031553
1.0,21,1.032057
0.0,20,1.032584
0.0,17,1.033018
1.0,28,1.033686
1.0,19,1.034173
1.0,91,1.036182
0.0,7,1.036399
0.0,15,1.036807
1.0,23,1.037347
1.0,62,1.038744
1.0,20,1.03925
1.0,30,1.039979
1.0,30,1.040736
1.0,16,1.041146
0.0,46,1.042207
0.0,8,1.042447
1.0,33,1.043228
1.0,37,1.044096
0.0,28,1.044785
1.0,27,1.045436
1.0,45,1.046493
1.0,20,1.047015
1.0,12,1.047343
0.0,5,1.047522
1.0,34,1.048321
0.0,32,1.049097
1.0,22,1.049637
0.0,72,1.05126
0.0,53,1.052506
1.0,49,1.053659
1.0,12,1.053983
0.0,100,1.056239
1.0,9,1.056514
1.0,7,1.056727
1.0,16,1.057125
0.0,13,1.057478
1.0,30,1.058202
1.0,23,1.058791
1.0,17,1.059222
0.0,5,1.059395
1.0,19,1.059875
1.0,30,1.060606
1.0,70,1.062186
1.0,81,1.064007
1.0,67,1.065553
1.0,35,1.066375
1.0,15,1.066769
1.0,35,1.067582
1.0,17,1.068021
1.0,25,1.068637
1.0,24,1.06923
1.0,14,1.069609
1.0,25,1.07021
1.0,41,1.071197
0.0,58,1.072539
1.0,36,1.073373
1.0,20,1.073889
1.0,34,1.074704
0.0,4,1.074852
0.0,15,1.075246
1.0,6,1.075439
1.0,24,1.076047
1.0,35,1.076903
1.0,18,1.077347
1.0,38,1.078248
0.0,100,1.0805
1.0,35,1.081332
0.0,33,1.082125
1.0,73,1.083752
1.0,20,1.084247
1.0,17,1.084681
1.0,6,1.084877
0.0,22,1.085419
1.0,22,1.085972
0.0,7,1.086187
1.0,13,1.086539
0.0,5,1.086708
0.0,9,1.086973
1.0,45,1.088034
1.0,22,1.088587
1.0,20,1.089086
1.0,28,1.089767
1.0,18,1.090226
0.0,25,1.090855
1.0,18,1.09132
1.0,61,1.092712
0.0,47,1.093803
0.0,100,1.096051
0.0,37,1.096951
1.0,13,1.097305
0.0,41,1.098269
0.0,13,1.098633
1.0,20,1.099138
1.0,13,1.099488
0.0,5,1.099663
0.0,27,1.100303
1.0,24,1.100899
1.0,51,1.102084
1.0,86,1.104033
1.0,20,1.104541
1.0,49,1.105695
1.0,51,1.106889
0.0,6,1.10708
1.0,11,1.107386
1.0,18,1.107852
1.0,17,1.108291
0.0,23,1.108867
1.0,69,1.110455
1.0,18,1.110929
0.0,92,1.113035
1.0,17,1.113472
1.0,22,1.114012
1.0,25,1.114638
1.0,16,1.115052
0.0,15,1.115461
1.0,100,1.117728
1.0,22,1.118286
1.0,13,1.118647
0.0,9,1.118908
1.0,16,1.119321
1.0,27,1.119983
1.0,29,1.120697
0.0,13,1.12111
0.0,43,1.122113
0.0,48,1.123251
1.0,65,1.124769
1.0,36,1.12564
0.0,100,1.127922
1.0,40,1.128855
0.0,9,1.12912
1.0,40,1.13007
0.0,85,1.131987
1.0,49,1.133112
0.0,8,1.133348
1.0,21,1.133889
1.0,31,1.134638
0.0,24,1.135239
1.0,18,1.135708
1.0,58,1.137019
1.0,41,1.138004
1.0,12,1.138332
1.0,68,1.13988
1.0,14,1.140255
1.0,9,1.140522
1.0,18,1.14098
1.0,27,1.141639
1.0,6,1.141831
0.0,29,1.142542
1.0,14,1.142911
0.0,5,1.143088
1.0,55,1.144388
1.0,16,1.144819
1.0,11,1.145118
0.0,6,1.145321
1.0,62,1.146761
1.0,39,1.147699
0.0,49,1.148834
1.0,42,1.149809
1.0,73,1.151448
1.0,16,1.151902
1.0,68,1.153425
1.0,28,1.154152
0.0,23,1.154745
1.0,35,1.155571
0.0,3,1.155698
1.0,31,1.15644
0.0,15,1.156836
0.0,7,1.157056
0.0,22,1.157605
1.0,26,1.158248
1.0,31,1.158985
1.0,10,1.159278
1.0,31,1.160042
1.0,35,1.16089
0.0,19,1.161385
1.0,42,1.162389
0.0,43,1.163405
0.0,25,1.164013
0.0,85,1.165929
1.0,11,1.166241
1.0,18,1.16673
1.0,22,1.167288
1.0,36,1.168152
1.0,35,1.16897
1.0,21,1.1695
0.0,57,1.170802
1.0,25,1.171415
1.0,19,1.171903
0.0,19,1.172399
1.0,23,1.172988
1.0,6,1.173183
1.0,23,1.173743
1.0,44,1.174766
0.0,15,1.17516
1.0,20,1.175672
1.0,13,1.176013
1.0,12,1.176335
1.0,29,1.177019
0.0,5,1.177186
1.0,20,1.177728
1.0,11,1.178027
1.0,20,1.17854
1.0,30,1.179245
1.0,29,1.17995
1.0,45,1.180992
1.0,19,1.181488
1.0,21,1.181997
0.0,9,1.182254
1.0,23,1.18283
0.0,18,1.18328
1.0,29,1.183986
1.0,38,1.184887
1.0,24,1.18549
1.0,10,1.18578
0.0,76,1.187492
0.0,3,1.187624
0.0,8,1.187871
0.0,33,1.188655
0.0,36,1.189509
0.0,36,1.190345
1.0,15,1.190759
0.0,26,1.191394
1.0,13,1.191749
1.0,25,1.192352
1.0,32,1.193116
1.0,22,1.193675
0.0,16,1.194098
1.0,9,1.194362
1.0,35,1.195192
1.0,13,1.195557
1.0,27,1.196217
0.0,19,1.19674
1.0,31,1.19749
1.0,23,1.198058
0.0,6,1.198247
1.0,43,1.199257
1.0,16,1.199688
1.0,64,1.201173
0.0,10,1.201482
1.0,9,1.201765
1.0,38,1.202689
0.0,4,1.202842
0.0,4,1.20299
1.0,22,1.203537
1.0,53,1.204743
1.0,61,1.206121
1.0,54,1.20735
1.0,11,1.207673
1.0,60,1.209022
0.0,9,1.209295
1.0,18,1.209752
1.0,6,1.20994
1.0,7,1.210149
1.0,20,1.210656
0.0,23,1.211214
1.0,15,1.211625
1.0,28,1.212304
1.0,25,1.212906
1.0,51,1.214056
1.0,18,1.214528
1.0,15,1.214907
1.0,23,1.215477
1.0,20,1.215961
1.0,24,1.216555
1.0,10,1.216836
0.0,9,1.217108
0.0,28,1.217812
1.0,24,1.218385
1.0,15,1.218772
1.0,19,1.219234
1.0,39,1.220172
1.0,23,1.22075
0.0,40,1.221802
1.0,22,1.222407
1.0,16,1.222864
0.0,4,1.223014
1.0,28,1.2237
1.0,50,1.224851
1.0,17,1.225272
1.0,10,1.225569
0.0,5,1.22575
0.0,17,1.226184
0.0,40,1.227137
1.0,41,1.228105
1.0,34,1.228915
1.0,24,1.229506
0.0,11,1.229815
1.0,42,1.230792
0.0,39,1.231705
1.0,8,1.23194
0.0,10,1.232228
0.0,30,1.23295
0.0,16,1.233373
0.0,4,1.233531
0.0,7,1.233753
0.0,9,1.234022
1.0,84,1.235931
1.0,58,1.237247
1.0,65,1.238723
1.0,22,1.239258
0.0,35,1.240104
0.0,36,1.240988
0.0,100,1.243246
0.0,56,1.244556
1.0,17,1.244982
1.0,56,1.246239
1.0,22,1.246794
1.0,9,1.247058
0.0,14,1.247434
1.0,18,1.247894
1.0,9,1.248158
0.0,9,1.248414
0.0,20,1.248929
1.0,30,1.249651
1.0,22,1.250196
1.0,6,1.250386
0.0,11,1.250706
0.0,28,1.251379
0.0,8,1.251624
1.0,38,1.252513
1.0,24,1.253109
1.0,44,1.254167
1.0,70,1.255762
1.0,20,1.256258
1.0,68,1.257782
1.0,22,1.258326
0.0,3,1.258452
0.0,17,1.258902
0.0,8,1.259143
1.0,28,1.259848
0.0,100,1.262097
0.0,23,1.262691
1.0,20,1.26318
0.0,100,1.265411
1.0,13,1.265768
0.0,100,1.26803
1.0,23,1.268595
0.0,7,1.268821
0.0,26,1.269455
0.0,53,1.270684
1.0,19,1.271172
0.0,4,1.271327
1.0,33,1.272135
1.0,42,1.273114
1.0,54,1.27435
1.0,54,1.275619
1.0,60,1.276973
1.0,66,1.27853
0.0,48,1.279655
0.0,14,1.280038
0.0,22,1.280612
1.0,7,1.28083
1.0,23,1.281414
1.0,58,1.282756
1.0,38,1.283654
1.0,15,1.284045
1.0,59,1.285386
0.0,65,1.286888
1.0,22,1.287423
1.0,6,1.287621
0.0,10,1.287903
0.0,20,1.288404
1.0,49,1.289545
1.0,35,1.290363
1.0,21,1.290886
1.0,28,1.291562
1.0,26,1.2922
0.0,15,1.292603
1.0,19,1.29307
1.0,12,1.293387
1.0,54,1.29464
1.0,29,1.295327
1.0,22,1.295876
0.0,9,1.296142
1.0,42,1.297119
1.0,34,1.297925
1.0,47,1.299013
1.0,11,1.299325
1.0,20,1.299821
1.0,30,1.300554
0.0,100,1.30286
1.0,64,1.304312
1.0,18,1.30478
1.0,21,1.30529
0.0,19,1.305779
1.0,13,1.306134
1.0,29,1.30683
1.0,20,1.307331
1.0,22,1.307889
0.0,43,1.308883
1.0,38,1.309777
1.0,79,1.311579
1.0,24,1.312166
1.0,45,1.313213
1.0,9,1.313498
1.0,26,1.314122
1.0,19,1.31461
1.0,28,1.315279
0.0,11,1.315596
1.0,23,1.316153
1.0,51,1.317332
1.0,25,1.31795
0.0,7,1.31817
0.0,56,1.319438
0.0,15,1.319832
1.0,84,1.321712
1.0,27,1.322362
1.0,15,1.32276
0.0,30,1.323462
1.0,13,1.323811
1.0,20,1.324306
0.0,71,1.325943
1.0,44,1.326972
1.0,19,1.327447
1.0,36,1.328334
0.0,31,1.32906
1.0,37,1.329932
1.0,30,1.330729
0.0,39,1.331663
1.0,18,1.332114
0.0,7,1.332346
1.0,14,1.33273
1.0,50,1.333877
1.0,34,1.334701
1.0,11,1.335015
1.0,38,1.335914
1.0,35,1.33674
1.0,20,1.337253
0.0,18,1.337725
1.0,16,1.338145
1.0,16,1.338562
1.0,19,1.339036
1.0,39,1.33995
1.0,14,1.340322
0.0,13,1.34072
1.0,62,1.342131
1.0,33,1.342926
0.0,4,1.343072
1.0,43,1.344065
0.0,23,1.344615
1.0,33,1.345502
0.0,11,1.345813
1.0,28,1.346503
1.0,10,1.346796
0.0,14,1.34716
0.0,20,1.34767
1.0,25,1.348281
1.0,58,1.349646
1.0,8,1.349881
0.0,17,1.350317
0.0,48,1.351414
1.0,22,1.352001
1.0,9,1.352273
0.0,9,1.35255
1.0,60,1.353912
0.0,22,1.354459
1.0,39,1.355407
0.0,46,1.356484
1.0,50,1.357624
0.0,50,1.358753
1.0,26,1.359375
0.0,30,1.360112
0.0,30,1.360827
0.0,49,1.361968
1.0,56,1.363233
1.0,14,1.363604
1.0,33,1.364372
0.0,6,1.364578
1.0,21,1.365107
1.0,39,1.366037
1.0,62,1.367489
1.0,19,1.367959
1.0,19,1.368441
1.0,17,1.36889
0.0,3,1.369023
0.0,8,1.369258
1.0,29,1.36997
1.0,23,1.370545
0.0,9,1.370807
0.0,12,1.371124
1.0,15,1.371527
1.0,18,1.371991
1.0,10,1.372272
1.0,9,1.372536
1.0,32,1.373296
1.0,27,1.373948
0.0,32,1.374714
1.0,21,1.375229
1.0,10,1.375517
1.0,35,1.376347
1.0,32,1.377121
1.0,17,1.377558
0.0,11,1.377876
1.0,28,1.378553
0.0,40,1.379491
0.0,72,1.381146
1.0,23,1.381712
0.0,17,1.382145
0.0,49,1.383275
1.0,79,1.385067
1.0,63,1.386477
0.0,3,1.386606
1.0,34,1.387401
0.0,33,1.388176
1.0,16,1.388603
1.0,29,1.389293
0.0,23,1.389868
0.0,12,1.390204
1.0,42,1.391197
0.0,38,1.392086
1.0,25,1.392711
1.0,15,1.393106
1.0,27,1.39376
1.0,38,1.394645
1.0,20,1.395144
1.0,20,1.395644
1.0,25,1.396257
1.0,16,1.39668
1.0,11,1.39698
1.0,41,1.397961
1.0,14,1.398342
1.0,42,1.399336
0.0,44,1.400356
1.0,25,1.400995
1.0,15,1.401381
1.0,17,1.401819
1.0,9,1.402071
1.0,16,1.402494
0.0,100,1.404739
0.0,34,1.405549
0.0,4,1.405704
0.0,7,1.405923
0.0,53,1.407139
1.0,13,1.407485
1.0,32,1.408237
1.0,15,1.408642
1.0,24,1.409218
1.0,15,1.409617
0.0,37,1.410491
0.0,19,1.410971
0.0,100,1.413193
1.0,22,1.413755
1.0,25,1.414355
