#{"t_start": 1522144537.0360935, "env_id": "MyFrozenLake-v0"}
r,l,t
0.0,3,0.0053
0.0,3,0.005463
0.0,3,0.005617
0.0,14,0.006052
0.0,3,0.006207
0.0,53,0.007594
0.0,3,0.007749
0.0,8,0.008026
0.0,10,0.008343
0.0,26,0.009073
0.0,2,0.009197
0.0,3,0.009346
0.0,5,0.009542
0.0,67,0.011297
0.0,56,0.012741
0.0,13,0.013155
0.0,14,0.013584
0.0,7,0.013838
0.0,2,0.013969
0.0,33,0.014844
0.0,15,0.015285
0.0,7,0.015522
0.0,8,0.015797
0.0,11,0.016153
0.0,13,0.016539
0.0,29,0.017328
0.0,3,0.017479
1.0,19,0.018033
0.0,9,0.018327
0.0,5,0.018518
0.0,17,0.019017
0.0,4,0.019188
0.0,19,0.019731
0.0,9,0.020037
0.0,11,0.020386
0.0,6,0.020599
0.0,10,0.020926
0.0,10,0.021254
0.0,2,0.021374
0.0,33,0.022261
0.0,24,0.022904
0.0,15,0.023348
0.0,1,0.023439
0.0,9,0.023732
0.0,3,0.023871
1.0,15,0.024312
0.0,11,0.02465
1.0,23,0.025291
0.0,16,0.025751
0.0,1,0.025844
0.0,18,0.026355
0.0,65,0.028011
1.0,18,0.028533
0.0,21,0.029145
0.0,14,0.029565
0.0,5,0.029756
0.0,7,0.030012
0.0,17,0.0305
0.0,7,0.030736
0.0,16,0.031217
0.0,11,0.031554
0.0,25,0.032243
0.0,12,0.032613
0.0,51,0.033932
0.0,11,0.034275
0.0,3,0.034419
0.0,25,0.035117
0.0,5,0.03531
0.0,16,0.035771
0.0,6,0.036008
0.0,14,0.036427
0.0,12,0.036791
0.0,3,0.036943
0.0,10,0.037277
0.0,1,0.037365
0.0,4,0.037531
0.0,5,0.03772
0.0,25,0.038428
0.0,2,0.038546
0.0,36,0.039489
0.0,1,0.039584
0.0,17,0.040082
0.0,26,0.040779
0.0,9,0.04109
0.0,1,0.041185
0.0,7,0.041426
0.0,13,0.041822
0.0,7,0.042072
0.0,21,0.042649
0.0,8,0.042927
0.0,4,0.043096
0.0,7,0.04334
0.0,36,0.044289
0.0,5,0.044481
0.0,3,0.044621
0.0,14,0.045042
0.0,7,0.045279
0.0,22,0.04587
0.0,2,0.046
0.0,40,0.047042
0.0,5,0.047239
0.0,5,0.047429
0.0,14,0.047832
0.0,13,0.048221
0.0,2,0.048342
0.0,28,0.049109
0.0,11,0.049453
0.0,23,0.050088
0.0,19,0.050624
0.0,51,0.051925
0.0,9,0.052219
0.0,98,0.054689
0.0,5,0.054883
0.0,2,0.055008
0.0,3,0.055156
0.0,30,0.055972
0.0,13,0.056355
0.0,6,0.056574
0.0,11,0.056924
0.0,43,0.058062
0.0,2,0.058185
0.0,6,0.058403
0.0,4,0.058569
0.0,44,0.05971
0.0,8,0.059987
0.0,17,0.060471
0.0,5,0.060671
0.0,5,0.060864
0.0,16,0.06134
0.0,7,0.061585
0.0,10,0.061907
0.0,28,0.062667
0.0,17,0.063164
0.0,33,0.064062
0.0,9,0.06436
0.0,3,0.064499
0.0,5,0.064695
0.0,11,0.065041
0.0,7,0.065287
1.0,11,0.065624
0.0,8,0.065884
0.0,9,0.066186
0.0,4,0.066359
0.0,4,0.06653
0.0,2,0.066644
0.0,12,0.067023
0.0,20,0.067568
0.0,10,0.067879
0.0,17,0.068381
0.0,11,0.068731
0.0,2,0.068847
1.0,6,0.069073
0.0,27,0.069807
0.0,4,0.069984
0.0,8,0.070258
0.0,1,0.070345
0.0,3,0.07049
0.0,5,0.070691
0.0,5,0.070881
0.0,18,0.071406
0.0,44,0.072551
0.0,8,0.072815
0.0,15,0.073266
0.0,18,0.073769
0.0,2,0.073884
0.0,8,0.074156
0.0,51,0.075478
0.0,3,0.075626
0.0,2,0.075742
0.0,26,0.076472
0.0,4,0.076643
0.0,11,0.076998
0.0,28,0.077752
0.0,7,0.078004
0.0,1,0.078096
0.0,4,0.078262
0.0,27,0.079003
0.0,15,0.079449
0.0,9,0.079743
0.0,1,0.079832
0.0,6,0.080056
0.0,12,0.080424
0.0,12,0.080783
0.0,2,0.080902
0.0,12,0.081286
1.0,17,0.081781
0.0,6,0.082013
0.0,8,0.08228
0.0,12,0.082642
0.0,2,0.082758
0.0,14,0.083187
0.0,8,0.083454
0.0,23,0.084098
0.0,5,0.084289
0.0,5,0.084485
0.0,8,0.084762
0.0,10,0.085089
0.0,5,0.08528
0.0,33,0.086153
0.0,16,0.086609
0.0,22,0.087235
0.0,22,0.08785
0.0,1,0.087953
0.0,6,0.088178
0.0,3,0.088319
0.0,2,0.088439
0.0,63,0.09006
0.0,19,0.090593
0.0,4,0.09076
0.0,10,0.091091
0.0,1,0.091186
0.0,11,0.091528
0.0,55,0.092965
0.0,13,0.093354
0.0,6,0.093574
0.0,9,0.093867
0.0,31,0.094708
0.0,6,0.094948
0.0,25,0.095655
0.0,22,0.096275
0.0,16,0.096744
0.0,22,0.097361
0.0,28,0.098116
0.0,1,0.098207
0.0,6,0.09843
0.0,7,0.09868
0.0,14,0.099106
0.0,5,0.099298
0.0,13,0.099689
0.0,3,0.099836
0.0,7,0.100085
0.0,1,0.100175
0.0,1,0.100262
0.0,1,0.100353
0.0,7,0.100596
0.0,4,0.100771
0.0,19,0.10133
0.0,1,0.10142
0.0,39,0.102461
0.0,19,0.103019
0.0,20,0.103578
0.0,17,0.104078
0.0,11,0.104421
1.0,18,0.104943
0.0,29,0.105709
0.0,29,0.106565
0.0,13,0.106992
0.0,1,0.107088
0.0,16,0.10756
0.0,34,0.108483
0.0,10,0.108806
0.0,2,0.108937
0.0,21,0.109536
0.0,1,0.109628
0.0,2,0.109748
0.0,21,0.110362
0.0,18,0.110886
0.0,16,0.111364
0.0,9,0.111662
0.0,28,0.112433
0.0,11,0.112772
0.0,32,0.113643
0.0,1,0.113737
0.0,3,0.113885
0.0,1,0.113981
0.0,26,0.1147
0.0,1,0.114788
0.0,6,0.115019
0.0,10,0.115339
0.0,1,0.115426
0.0,21,0.116032
0.0,9,0.116324
0.0,45,0.117489
0.0,4,0.117657
1.0,23,0.1183
0.0,21,0.11889
0.0,33,0.11979
0.0,27,0.120551
0.0,26,0.121279
0.0,14,0.121689
0.0,10,0.122026
0.0,6,0.122247
0.0,1,0.122335
0.0,100,0.12487
0.0,6,0.125106
0.0,3,0.125255
0.0,12,0.125616
0.0,1,0.125703
0.0,21,0.126299
0.0,7,0.126545
0.0,20,0.12713
1.0,14,0.127542
0.0,27,0.128297
0.0,14,0.128715
0.0,5,0.128911
0.0,13,0.129328
0.0,21,0.129936
0.0,6,0.130154
0.0,2,0.130269
0.0,3,0.130409
0.0,9,0.130713
0.0,8,0.130991
0.0,3,0.131133
0.0,1,0.131223
0.0,5,0.13142
0.0,5,0.13162
0.0,7,0.13186
0.0,1,0.13197
0.0,13,0.132363
0.0,10,0.132679
0.0,4,0.132846
0.0,9,0.133142
0.0,10,0.133454
0.0,18,0.133967
0.0,16,0.134436
0.0,5,0.134631
0.0,4,0.134802
0.0,13,0.135196
0.0,22,0.135804
0.0,6,0.136037
0.0,21,0.136642
1.0,20,0.137262
0.0,11,0.137606
0.0,3,0.137753
1.0,22,0.138372
1.0,17,0.138864
0.0,1,0.138961
0.0,9,0.139264
0.0,10,0.139588
0.0,12,0.139958
0.0,20,0.140517
0.0,1,0.140623
0.0,1,0.140727
0.0,16,0.141237
0.0,26,0.141965
0.0,8,0.142239
0.0,44,0.143401
1.0,38,0.144423
0.0,31,0.145257
0.0,18,0.14578
1.0,11,0.14613
0.0,3,0.146272
0.0,16,0.146735
0.0,7,0.146989
0.0,13,0.147379
0.0,11,0.147718
0.0,3,0.147866
0.0,12,0.14825
0.0,9,0.148548
0.0,6,0.148766
0.0,5,0.148968
0.0,37,0.149947
0.0,76,0.151875
0.0,3,0.152033
0.0,5,0.152227
0.0,1,0.152323
0.0,73,0.154243
0.0,5,0.154444
0.0,4,0.154617
0.0,3,0.154758
0.0,6,0.154984
0.0,4,0.15515
0.0,26,0.15586
0.0,29,0.156653
0.0,48,0.157934
0.0,9,0.158229
0.0,10,0.158544
0.0,8,0.158825
0.0,11,0.159178
0.0,2,0.159301
0.0,4,0.159467
0.0,4,0.159637
0.0,7,0.159886
0.0,7,0.160141
0.0,4,0.16031
0.0,50,0.161612
0.0,53,0.163005
0.0,9,0.163298
0.0,8,0.163568
0.0,4,0.163743
0.0,7,0.164
0.0,1,0.16409
1.0,32,0.164971
0.0,13,0.165366
1.0,9,0.165668
1.0,25,0.166361
0.0,18,0.166882
0.0,18,0.167409
0.0,10,0.167725
0.0,10,0.168061
0.0,4,0.16823
0.0,2,0.168345
0.0,16,0.168809
0.0,2,0.16894
0.0,8,0.169218
0.0,3,0.169361
0.0,4,0.169528
0.0,32,0.170397
0.0,29,0.171208
0.0,9,0.171505
0.0,11,0.171854
1.0,18,0.172371
0.0,6,0.172589
0.0,23,0.173231
0.0,29,0.174035
0.0,11,0.174382
1.0,20,0.174961
0.0,8,0.175238
0.0,6,0.175453
1.0,8,0.175722
0.0,2,0.17584
0.0,34,0.176738
0.0,13,0.177153
0.0,1,0.177243
0.0,4,0.177409
0.0,6,0.17763
0.0,24,0.178299
0.0,12,0.178661
0.0,8,0.178942
0.0,1,0.179037
0.0,3,0.179181
0.0,20,0.179742
0.0,8,0.180029
0.0,16,0.180502
0.0,6,0.180728
0.0,4,0.180894
0.0,10,0.181223
0.0,7,0.18147
0.0,8,0.181742
0.0,5,0.181949
0.0,9,0.182245
0.0,8,0.182515
0.0,14,0.182942
0.0,3,0.183086
0.0,4,0.183253
0.0,5,0.183444
0.0,26,0.184163
0.0,6,0.18439
0.0,4,0.184562
0.0,13,0.184968
0.0,7,0.185216
0.0,10,0.185534
0.0,17,0.186028
0.0,11,0.186368
0.0,26,0.187091
0.0,12,0.187467
0.0,8,0.187734
0.0,25,0.188434
0.0,2,0.188557
0.0,2,0.188674
0.0,1,0.188762
0.0,2,0.188882
0.0,8,0.189165
0.0,13,0.189574
0.0,1,0.189663
1.0,8,0.189938
0.0,7,0.190191
0.0,11,0.190529
0.0,36,0.191489
1.0,39,0.192525
0.0,5,0.192724
0.0,10,0.193058
0.0,14,0.193485
0.0,16,0.193975
0.0,12,0.194359
0.0,4,0.194526
0.0,4,0.194696
0.0,7,0.194972
0.0,4,0.195155
1.0,9,0.195451
0.0,7,0.195699
0.0,1,0.195788
0.0,9,0.196098
0.0,7,0.196341
0.0,9,0.19663
0.0,13,0.197039
0.0,5,0.197231
0.0,12,0.197596
0.0,32,0.198471
0.0,3,0.198615
0.0,6,0.198831
0.0,12,0.199207
0.0,17,0.199702
0.0,17,0.200196
0.0,36,0.201161
1.0,6,0.201385
0.0,29,0.202198
0.0,4,0.202367
0.0,5,0.202558
0.0,2,0.202678
0.0,5,0.202873
0.0,11,0.203221
0.0,2,0.203343
0.0,11,0.203693
0.0,8,0.203978
0.0,1,0.204069
0.0,2,0.204184
0.0,4,0.204368
0.0,1,0.204455
0.0,61,0.206025
0.0,2,0.206207
0.0,3,0.206353
0.0,12,0.206724
0.0,31,0.207578
0.0,3,0.207727
0.0,1,0.207819
0.0,9,0.208128
0.0,47,0.20937
0.0,7,0.209613
0.0,3,0.209753
0.0,24,0.210438
0.0,1,0.210529
0.0,5,0.21072
0.0,6,0.21102
0.0,3,0.211165
0.0,6,0.211388
1.0,17,0.211885
0.0,12,0.212261
0.0,2,0.212378
0.0,7,0.212625
0.0,6,0.21284
0.0,2,0.212967
0.0,6,0.213182
0.0,40,0.214253
0.0,4,0.214426
0.0,1,0.214518
0.0,4,0.214685
0.0,36,0.215645
0.0,7,0.215896
0.0,7,0.216155
0.0,1,0.216243
0.0,4,0.21641
0.0,1,0.216496
0.0,6,0.216723
0.0,43,0.217849
0.0,3,0.218002
0.0,1,0.218091
0.0,2,0.218205
0.0,2,0.218325
0.0,42,0.21946
0.0,14,0.21987
0.0,40,0.220924
0.0,17,0.22143
0.0,34,0.222345
0.0,4,0.222513
0.0,1,0.222598
0.0,8,0.222862
0.0,3,0.223012
0.0,12,0.223373
0.0,52,0.224733
0.0,10,0.225062
0.0,10,0.225385
0.0,30,0.226212
0.0,10,0.226535
0.0,14,0.226973
0.0,17,0.227472
0.0,4,0.227638
0.0,9,0.227937
0.0,9,0.228232
0.0,20,0.228803
0.0,14,0.229237
0.0,1,0.229331
0.0,2,0.229446
0.0,1,0.229533
0.0,1,0.22962
0.0,21,0.23021
0.0,17,0.230706
0.0,1,0.230794
0.0,4,0.230974
0.0,25,0.231673
0.0,16,0.232143
0.0,22,0.232753
0.0,16,0.233227
1.0,12,0.233598
0.0,5,0.233789
0.0,1,0.233877
0.0,17,0.234417
0.0,1,0.234512
0.0,35,0.235457
0.0,6,0.235681
0.0,10,0.236016
0.0,38,0.237011
0.0,2,0.237133
0.0,24,0.237787
0.0,48,0.239053
0.0,1,0.239143
0.0,10,0.23947
0.0,5,0.239661
0.0,30,0.240476
0.0,13,0.240862
0.0,2,0.240988
0.0,9,0.241283
0.0,6,0.241503
0.0,9,0.241795
0.0,27,0.242531
0.0,43,0.243657
0.0,1,0.243748
0.0,4,0.243922
0.0,28,0.244684
0.0,10,0.245029
0.0,7,0.245275
0.0,45,0.246444
0.0,9,0.246736
0.0,16,0.247217
0.0,13,0.24761
0.0,42,0.248712
0.0,32,0.249579
0.0,21,0.250168
0.0,29,0.250964
1.0,29,0.251738
0.0,5,0.251943
0.0,59,0.253464
0.0,7,0.253706
0.0,19,0.254259
0.0,42,0.255368
0.0,7,0.255618
0.0,19,0.256178
0.0,9,0.256469
0.0,5,0.256664
0.0,3,0.256803
0.0,24,0.257468
0.0,12,0.257838
0.0,20,0.258399
0.0,18,0.258925
0.0,5,0.259124
0.0,10,0.259445
0.0,4,0.259612
0.0,1,0.259699
0.0,4,0.259872
0.0,15,0.260337
0.0,9,0.260628
0.0,6,0.260849
0.0,10,0.26118
0.0,10,0.261499
0.0,1,0.261588
1.0,15,0.262046
0.0,4,0.26222
0.0,9,0.262513
0.0,21,0.263125
0.0,4,0.263298
0.0,10,0.263621
0.0,7,0.263867
0.0,5,0.264074
0.0,4,0.264252
0.0,3,0.264399
0.0,1,0.26449
0.0,22,0.265115
0.0,8,0.265385
0.0,13,0.265769
0.0,8,0.266055
0.0,29,0.266845
0.0,2,0.266974
0.0,1,0.267064
0.0,20,0.267631
0.0,3,0.267772
0.0,12,0.268147
0.0,3,0.268295
0.0,7,0.268534
0.0,26,0.269253
0.0,1,0.269343
0.0,53,0.270698
0.0,1,0.270792
0.0,28,0.271554
0.0,33,0.272434
0.0,8,0.272702
0.0,14,0.27313
0.0,6,0.273354
0.0,7,0.273601
0.0,6,0.273814
0.0,25,0.274518
0.0,2,0.274637
0.0,5,0.274837
0.0,15,0.27529
0.0,9,0.275584
0.0,7,0.275821
0.0,8,0.276105
0.0,6,0.276321
0.0,4,0.276486
0.0,6,0.276699
0.0,14,0.27713
0.0,12,0.277497
0.0,3,0.277643
0.0,40,0.278701
0.0,58,0.280187
0.0,41,0.281278
0.0,1,0.281374
1.0,8,0.281653
0.0,61,0.283261
0.0,9,0.283568
0.0,49,0.284841
0.0,3,0.285
0.0,5,0.285204
0.0,23,0.285847
0.0,8,0.286129
0.0,8,0.286402
0.0,4,0.286567
0.0,54,0.287984
0.0,1,0.288075
0.0,6,0.288291
0.0,8,0.288563
0.0,1,0.288651
0.0,2,0.288767
0.0,7,0.28902
0.0,4,0.289196
0.0,14,0.28961
0.0,4,0.289776
0.0,5,0.289984
0.0,3,0.290127
0.0,10,0.290439
0.0,2,0.290554
0.0,5,0.290746
0.0,5,0.290951
0.0,12,0.291319
0.0,1,0.291408
0.0,7,0.291655
0.0,16,0.292134
0.0,1,0.292225
0.0,6,0.292442
0.0,10,0.292759
0.0,4,0.292945
0.0,42,0.294088
0.0,6,0.294304
0.0,41,0.295383
0.0,4,0.295551
0.0,16,0.296022
0.0,1,0.296112
0.0,11,0.29645
0.0,5,0.29664
0.0,23,0.297292
0.0,4,0.297462
0.0,12,0.297832
0.0,8,0.298119
0.0,7,0.298363
0.0,26,0.299089
0.0,11,0.299433
0.0,7,0.299681
0.0,4,0.299848
0.0,12,0.300219
0.0,19,0.300757
0.0,5,0.300962
0.0,7,0.301204
0.0,33,0.302108
0.0,7,0.302353
0.0,6,0.302573
0.0,9,0.302867
0.0,11,0.303222
0.0,5,0.30342
0.0,3,0.303567
0.0,32,0.30446
0.0,32,0.305317
0.0,10,0.305631
0.0,5,0.305821
0.0,14,0.306274
0.0,24,0.307038
0.0,11,0.307395
0.0,1,0.307488
0.0,6,0.307714
0.0,10,0.308041
0.0,26,0.308741
0.0,6,0.308978
0.0,4,0.309145
0.0,2,0.309263
0.0,12,0.309627
0.0,5,0.309815
0.0,9,0.31012
0.0,1,0.31021
0.0,4,0.310375
0.0,5,0.310566
0.0,4,0.310737
0.0,7,0.310995
0.0,18,0.3115
0.0,18,0.31203
0.0,31,0.312869
0.0,4,0.313043
0.0,7,0.313288
0.0,15,0.313737
0.0,17,0.314243
0.0,3,0.314392
0.0,3,0.314538
0.0,10,0.314858
0.0,8,0.315133
0.0,12,0.315509
0.0,12,0.315871
0.0,1,0.315967
0.0,2,0.316093
0.0,10,0.316408
0.0,5,0.316599
0.0,7,0.316849
0.0,12,0.31723
1.0,15,0.317667
0.0,6,0.31788
0.0,11,0.318233
0.0,11,0.318579
0.0,1,0.318666
0.0,12,0.319047
0.0,50,0.32035
1.0,22,0.320982
0.0,1,0.321076
0.0,12,0.321453
1.0,26,0.322188
0.0,32,0.323061
0.0,2,0.32318
0.0,47,0.324421
0.0,10,0.324736
0.0,18,0.325253
0.0,24,0.32591
0.0,5,0.326116
0.0,6,0.326336
0.0,21,0.326934
0.0,15,0.327378
0.0,10,0.327691
0.0,3,0.327836
0.0,8,0.328111
0.0,56,0.329588
0.0,28,0.330384
0.0,1,0.330475
0.0,7,0.330716
0.0,3,0.330856
0.0,15,0.3313
0.0,30,0.332128
0.0,3,0.332272
0.0,3,0.332417
0.0,6,0.332638
1.0,27,0.333387
0.0,3,0.333534
0.0,17,0.334038
0.0,4,0.334206
0.0,16,0.334674
0.0,30,0.335514
0.0,12,0.335882
1.0,10,0.336208
0.0,1,0.336297
0.0,4,0.336462
1.0,28,0.337227
0.0,18,0.337741
0.0,3,0.337888
0.0,4,0.338072
0.0,1,0.338164
0.0,5,0.338364
0.0,9,0.338652
0.0,17,0.339147
0.0,3,0.339293
0.0,9,0.339587
0.0,1,0.339678
0.0,6,0.339904
0.0,8,0.340184
0.0,11,0.340524
0.0,8,0.340787
0.0,9,0.341094
0.0,3,0.341242
0.0,7,0.341493
0.0,19,0.342049
0.0,39,0.343119
0.0,2,0.343242
0.0,9,0.343539
0.0,14,0.343969
0.0,11,0.344312
0.0,19,0.344854
0.0,2,0.344985
0.0,21,0.345559
0.0,13,0.345967
0.0,19,0.346509
0.0,1,0.346597
0.0,7,0.346837
0.0,6,0.347061
0.0,4,0.347228
0.0,4,0.347397
0.0,1,0.347488
0.0,7,0.347738
0.0,17,0.348244
0.0,9,0.348544
0.0,2,0.348659
0.0,4,0.348829
0.0,10,0.349162
0.0,2,0.349279
0.0,3,0.349421
0.0,2,0.349536
0.0,2,0.34965
0.0,9,0.349946
0.0,13,0.350332
1.0,32,0.351183
0.0,4,0.351351
0.0,19,0.35189
0.0,5,0.352087
0.0,8,0.352356
0.0,14,0.35277
0.0,22,0.353382
0.0,8,0.353647
0.0,13,0.35405
0.0,4,0.354218
0.0,3,0.354357
0.0,9,0.354652
0.0,16,0.355131
0.0,3,0.355278
0.0,3,0.355419
0.0,3,0.355559
0.0,22,0.356178
0.0,2,0.356295
0.0,14,0.356716
0.0,3,0.356856
0.0,2,0.356981
0.0,11,0.357327
0.0,4,0.357491
0.0,8,0.357759
0.0,12,0.358141
0.0,1,0.35823
0.0,1,0.358321
0.0,1,0.358409
0.0,54,0.359839
0.0,4,0.360028
0.0,4,0.360197
0.0,6,0.360413
0.0,44,0.361584
0.0,11,0.361938
0.0,14,0.362362
0.0,7,0.362615
0.0,11,0.362967
0.0,19,0.363505
0.0,5,0.363705
0.0,30,0.364522
0.0,1,0.364616
0.0,10,0.364943
0.0,9,0.365233
0.0,6,0.365452
0.0,3,0.365599
0.0,13,0.366004
0.0,47,0.367246
0.0,5,0.36744
0.0,1,0.367528
0.0,54,0.368941
0.0,5,0.369141
0.0,97,0.371646
0.0,7,0.371892
0.0,2,0.372049
0.0,1,0.372142
0.0,10,0.372457
0.0,7,0.372701
0.0,14,0.373141
0.0,9,0.373433
0.0,12,0.373799
1.0,17,0.374322
0.0,8,0.374604
0.0,1,0.374693
0.0,8,0.37499
0.0,50,0.376309
0.0,7,0.376561
0.0,7,0.376808
0.0,25,0.377543
0.0,3,0.377693
0.0,31,0.378559
0.0,7,0.378807
0.0,2,0.378944
0.0,21,0.379559
0.0,4,0.379731
0.0,25,0.380414
0.0,24,0.381124
1.0,10,0.381452
0.0,7,0.381701
0.0,1,0.38179
0.0,2,0.381907
0.0,6,0.382163
0.0,4,0.382335
0.0,18,0.382862
0.0,5,0.383062
0.0,3,0.383204
0.0,9,0.383495
0.0,3,0.383636
0.0,2,0.383751
0.0,2,0.383866
0.0,7,0.384144
0.0,4,0.384316
0.0,6,0.384533
0.0,15,0.385029
0.0,6,0.385249
0.0,3,0.385391
0.0,3,0.38554
0.0,12,0.385924
0.0,10,0.386248
0.0,3,0.386395
0.0,6,0.386619
0.0,4,0.386793
0.0,6,0.387048
0.0,6,0.387275
0.0,2,0.38739
0.0,23,0.388068
0.0,1,0.388159
0.0,3,0.388307
0.0,4,0.388474
0.0,11,0.388811
0.0,8,0.389089
0.0,3,0.389233
0.0,17,0.389723
0.0,20,0.390322
0.0,15,0.390764
0.0,12,0.391171
0.0,14,0.39159
0.0,5,0.391781
0.0,7,0.392031
0.0,5,0.39223
0.0,11,0.392593
0.0,5,0.392785
0.0,8,0.393098
0.0,14,0.393508
0.0,14,0.393936
0.0,6,0.39419
0.0,4,0.394362
0.0,1,0.394451
0.0,4,0.394619
0.0,9,0.394934
0.0,6,0.395177
0.0,12,0.39554
0.0,10,0.395853
0.0,2,0.395997
0.0,2,0.396128
0.0,6,0.396343
0.0,11,0.396677
0.0,6,0.396891
0.0,8,0.397198
0.0,24,0.397864
0.0,23,0.398521
0.0,5,0.398721
0.0,8,0.399021
0.0,1,0.399123
0.0,1,0.399212
0.0,5,0.39941
0.0,49,0.400729
0.0,10,0.401067
0.0,100,0.403653
0.0,5,0.403855
0.0,7,0.404107
0.0,10,0.404427
0.0,3,0.404575
0.0,4,0.40475
0.0,14,0.405199
0.0,17,0.405692
0.0,18,0.406251
0.0,6,0.406476
0.0,11,0.406891
0.0,13,0.407295
0.0,43,0.408458
0.0,13,0.408863
0.0,1,0.408979
0.0,3,0.409136
1.0,14,0.409558
0.0,15,0.410012
0.0,14,0.41043
0.0,9,0.41073
0.0,2,0.410846
0.0,10,0.411194
0.0,22,0.411819
0.0,2,0.411957
1.0,12,0.412336
0.0,10,0.412647
0.0,5,0.412837
0.0,1,0.412933
0.0,60,0.414496
0.0,19,0.415092
0.0,9,0.415389
0.0,2,0.41551
0.0,22,0.416133
0.0,4,0.416311
0.0,4,0.416476
0.0,2,0.416591
0.0,1,0.416677
0.0,2,0.416796
0.0,2,0.416911
0.0,6,0.417164
0.0,47,0.418422
0.0,24,0.419101
0.0,66,0.420814
0.0,97,0.423311
0.0,4,0.423481
0.0,6,0.423696
0.0,10,0.424059
1.0,13,0.424461
0.0,10,0.424776
0.0,39,0.425802
0.0,16,0.426307
0.0,12,0.426692
0.0,4,0.426865
0.0,11,0.427236
0.0,4,0.427402
0.0,1,0.427493
0.0,4,0.42766
0.0,12,0.428035
0.0,5,0.428232
0.0,10,0.42855
0.0,7,0.428794
0.0,7,0.429082
0.0,2,0.429199
0.0,10,0.429516
0.0,30,0.430362
0.0,20,0.430938
0.0,8,0.431206
0.0,9,0.431493
0.0,22,0.43215
0.0,5,0.432342
0.0,30,0.433194
0.0,11,0.43354
0.0,9,0.433835
0.0,7,0.434084
0.0,12,0.434461
0.0,3,0.434603
0.0,10,0.434937
0.0,3,0.435101
0.0,14,0.43552
0.0,19,0.436133
0.0,3,0.436276
0.0,8,0.436544
0.0,4,0.436711
0.0,38,0.437721
0.0,8,0.438022
0.0,2,0.438152
0.0,10,0.438463
0.0,11,0.438809
0.0,1,0.4389
0.0,9,0.43923
0.0,4,0.439395
0.0,23,0.440039
0.0,25,0.440721
0.0,3,0.440863
1.0,15,0.44134
0.0,28,0.442129
0.0,7,0.44237
0.0,13,0.442758
0.0,3,0.442903
0.0,3,0.443053
0.0,3,0.443193
0.0,8,0.443456
0.0,5,0.443651
0.0,6,0.443874
0.0,11,0.444256
0.0,4,0.444423
0.0,18,0.444967
0.0,2,0.445098
0.0,2,0.445214
0.0,4,0.445378
0.0,6,0.445596
0.0,13,0.446004
1.0,10,0.446339
0.0,11,0.44668
0.0,29,0.447503
0.0,1,0.447597
0.0,17,0.448104
1.0,10,0.448424
0.0,10,0.448737
0.0,16,0.449248
0.0,34,0.450194
0.0,2,0.450313
0.0,7,0.450553
0.0,5,0.450743
1.0,19,0.451293
0.0,100,0.453841
0.0,1,0.453946
0.0,4,0.454116
0.0,25,0.454817
0.0,5,0.455024
0.0,6,0.455249
0.0,1,0.455336
0.0,5,0.455527
0.0,17,0.456039
0.0,1,0.456129
0.0,1,0.456216
0.0,8,0.456495
0.0,21,0.457087
0.0,29,0.457868
1.0,59,0.459394
0.0,2,0.459518
0.0,29,0.460304
0.0,4,0.460471
0.0,8,0.460738
0.0,48,0.462038
0.0,11,0.462385
0.0,24,0.46308
0.0,2,0.463199
0.0,8,0.463468
0.0,2,0.463584
0.0,6,0.463799
0.0,7,0.464081
0.0,58,0.465616
0.0,1,0.46571
0.0,20,0.466289
0.0,9,0.466585
0.0,17,0.46712
0.0,7,0.467368
0.0,2,0.467489
0.0,21,0.468115
0.0,1,0.468204
0.0,4,0.46837
0.0,21,0.468975
0.0,15,0.469421
0.0,1,0.469509
0.0,4,0.469683
0.0,1,0.46977
0.0,3,0.46991
0.0,4,0.470093
0.0,3,0.470233
0.0,8,0.470507
0.0,36,0.471476
0.0,26,0.472203
0.0,40,0.473265
0.0,49,0.474577
0.0,6,0.474794
0.0,52,0.47614
0.0,3,0.476285
0.0,1,0.476377
0.0,27,0.477129
0.0,7,0.477379
0.0,80,0.479413
0.0,3,0.479558
0.0,4,0.479722
0.0,15,0.48018
0.0,15,0.480624
0.0,8,0.480889
0.0,9,0.481187
0.0,20,0.48175
0.0,9,0.482057
0.0,19,0.482611
0.0,2,0.48273
0.0,5,0.482937
0.0,25,0.483633
0.0,5,0.483823
0.0,2,0.483947
0.0,4,0.484114
0.0,2,0.484233
0.0,2,0.484349
0.0,11,0.48469
0.0,1,0.484781
0.0,4,0.484958
0.0,24,0.485624
0.0,6,0.485839
0.0,7,0.486096
0.0,8,0.486363
0.0,5,0.486558
0.0,16,0.487037
0.0,2,0.487159
1.0,16,0.48763
0.0,8,0.487891
0.0,10,0.488216
0.0,3,0.488363
0.0,3,0.48851
0.0,9,0.488796
0.0,9,0.489107
0.0,3,0.489251
0.0,33,0.490142
0.0,15,0.490586
0.0,18,0.491106
0.0,9,0.491405
0.0,8,0.491676
0.0,12,0.492064
0.0,7,0.492343
0.0,1,0.492438
0.0,36,0.493401
0.0,24,0.4941
0.0,38,0.495139
0.0,10,0.495465
0.0,19,0.496024
0.0,24,0.496684
0.0,4,0.496855
0.0,4,0.497038
0.0,2,0.497156
0.0,22,0.497757
0.0,17,0.498269
0.0,1,0.498366
0.0,5,0.498564
1.0,19,0.499109
0.0,8,0.499386
0.0,2,0.499503
0.0,20,0.500085
0.0,11,0.500431
0.0,5,0.500624
0.0,9,0.500931
0.0,14,0.501359
0.0,9,0.501655
0.0,7,0.501902
0.0,5,0.50211
0.0,8,0.502383
0.0,11,0.502734
0.0,14,0.503167
0.0,1,0.503258
0.0,10,0.503582
0.0,1,0.50367
0.0,57,0.505151
0.0,33,0.506042
0.0,16,0.506509
0.0,11,0.506936
0.0,39,0.507964
0.0,2,0.508083
0.0,28,0.508859
1.0,37,0.509838
0.0,2,0.509968
0.0,14,0.510395
0.0,1,0.510489
0.0,5,0.510689
0.0,11,0.511052
0.0,32,0.511894
0.0,25,0.51259
0.0,9,0.512886
0.0,57,0.514365
0.0,21,0.514974
0.0,9,0.515271
1.0,71,0.517108
0.0,2,0.517233
0.0,8,0.517507
0.0,24,0.518181
0.0,30,0.518993
0.0,43,0.520095
0.0,25,0.520777
0.0,18,0.521316
0.0,50,0.522616
0.0,1,0.522706
0.0,1,0.522794
0.0,20,0.523363
0.0,23,0.524007
0.0,11,0.524353
0.0,8,0.524618
0.0,53,0.526006
0.0,4,0.526175
0.0,20,0.52674
0.0,16,0.527216
0.0,18,0.527736
0.0,18,0.528283
0.0,9,0.52858
0.0,2,0.528696
0.0,3,0.528838
0.0,4,0.529019
0.0,16,0.529491
0.0,7,0.529742
0.0,21,0.530347
0.0,9,0.530643
0.0,27,0.531377
1.0,20,0.53196
0.0,5,0.532161
0.0,7,0.532408
1.0,18,0.532944
0.0,1,0.533032
0.0,20,0.533608
0.0,2,0.533724
0.0,1,0.533811
0.0,10,0.534141
0.0,3,0.534283
0.0,6,0.534502
0.0,1,0.534593
0.0,11,0.534941
0.0,6,0.53516
1.0,29,0.535967
0.0,4,0.536133
0.0,6,0.536354
0.0,6,0.536567
0.0,13,0.536957
0.0,4,0.537131
0.0,11,0.537466
0.0,100,0.539987
0.0,36,0.540951
0.0,1,0.541046
0.0,1,0.541135
0.0,9,0.541423
0.0,24,0.54209
0.0,44,0.543254
0.0,8,0.543521
0.0,7,0.54376
0.0,17,0.544271
0.0,9,0.544561
0.0,28,0.545332
0.0,1,0.545424
0.0,10,0.545744
0.0,8,0.546022
0.0,14,0.546432
0.0,7,0.54667
0.0,5,0.546868
0.0,12,0.54724
0.0,6,0.547462
0.0,1,0.547553
0.0,14,0.547975
0.0,6,0.548199
0.0,7,0.548444
0.0,34,0.54936
0.0,10,0.54968
0.0,6,0.549894
0.0,6,0.550119
0.0,23,0.550762
0.0,21,0.551361
0.0,16,0.551818
1.0,13,0.552214
0.0,21,0.552787
0.0,2,0.552907
0.0,12,0.553276
0.0,9,0.553568
0.0,12,0.553947
0.0,15,0.554388
0.0,12,0.554765
0.0,65,0.556441
0.0,40,0.557512
0.0,1,0.557603
0.0,4,0.557776
0.0,8,0.558062
0.0,5,0.558254
0.0,23,0.558895
0.0,8,0.559182
0.0,1,0.559274
0.0,65,0.560968
0.0,16,0.561436
0.0,1,0.561524
0.0,4,0.56169
0.0,2,0.561804
0.0,26,0.562538
0.0,10,0.562859
0.0,21,0.563459
0.0,11,0.563795
0.0,3,0.563955
0.0,12,0.564332
0.0,7,0.564574
0.0,17,0.565097
0.0,2,0.565215
0.0,3,0.565355
0.0,6,0.565577
0.0,1,0.565664
1.0,6,0.565887
0.0,9,0.566194
0.0,2,0.566315
0.0,4,0.566488
0.0,19,0.567036
0.0,13,0.567435
0.0,35,0.568387
0.0,11,0.568733
1.0,12,0.569123
1.0,32,0.569984
0.0,9,0.57028
0.0,2,0.570396
0.0,8,0.570673
0.0,3,0.570815
0.0,14,0.571242
0.0,2,0.571365
0.0,39,0.57241
0.0,5,0.57261
0.0,7,0.572847
0.0,6,0.573072
0.0,18,0.573586
0.0,10,0.573905
0.0,11,0.574259
1.0,11,0.574597
0.0,5,0.574785
0.0,2,0.574898
0.0,9,0.575202
0.0,4,0.575365
1.0,34,0.576283
0.0,31,0.577125
0.0,6,0.577347
0.0,6,0.577564
0.0,23,0.57821
0.0,3,0.578353
0.0,2,0.578473
0.0,11,0.578816
0.0,4,0.578994
0.0,2,0.579111
0.0,24,0.579775
0.0,10,0.580108
0.0,30,0.58091
1.0,14,0.581331
0.0,10,0.581642
0.0,11,0.582003
0.0,5,0.582196
0.0,11,0.582548
0.0,4,0.582714
0.0,3,0.582856
0.0,20,0.58343
0.0,16,0.583887
0.0,4,0.584066
0.0,15,0.58451
0.0,8,0.584786
0.0,9,0.585105
0.0,19,0.585654
0.0,13,0.586058
0.0,5,0.586251
0.0,1,0.586342
0.0,1,0.586429
0.0,4,0.586602
0.0,2,0.586717
0.0,3,0.586859
0.0,38,0.587865
0.0,20,0.588443
0.0,22,0.589077
0.0,6,0.589301
0.0,44,0.590469
0.0,1,0.59056
0.0,3,0.590701
0.0,2,0.59082
0.0,33,0.591708
0.0,1,0.591802
0.0,20,0.592384
0.0,47,0.59362
0.0,7,0.59387
0.0,28,0.594664
0.0,39,0.595704
0.0,16,0.596194
0.0,12,0.596569
0.0,7,0.596819
0.0,9,0.597122
0.0,29,0.597898
0.0,8,0.598195
0.0,24,0.598868
0.0,15,0.599322
0.0,17,0.599823
0.0,35,0.60077
0.0,2,0.600893
0.0,16,0.601367
0.0,5,0.601564
0.0,13,0.601972
1.0,23,0.602623
0.0,1,0.602716
0.0,1,0.602805
0.0,8,0.603086
0.0,16,0.603559
0.0,4,0.603726
0.0,3,0.603873
0.0,30,0.604684
0.0,2,0.604808
0.0,18,0.605328
0.0,3,0.605477
0.0,42,0.606608
0.0,8,0.606958
0.0,18,0.60748
0.0,19,0.60804
0.0,8,0.608316
0.0,23,0.608952
0.0,23,0.609587
0.0,24,0.610255
0.0,2,0.610381
0.0,12,0.610747
0.0,3,0.610888
0.0,1,0.610984
0.0,14,0.611406
0.0,51,0.612705
0.0,13,0.613109
0.0,9,0.613399
0.0,58,0.614903
0.0,19,0.615453
0.0,19,0.615999
0.0,29,0.616777
0.0,47,0.618011
0.0,18,0.618521
0.0,8,0.618784
0.0,47,0.620014
1.0,11,0.620358
0.0,9,0.620655
0.0,5,0.620852
0.0,6,0.621081
0.0,9,0.62137
1.0,15,0.621808
0.0,16,0.622283
1.0,15,0.62273
0.0,17,0.623224
0.0,4,0.623391
0.0,24,0.624054
0.0,6,0.624275
0.0,26,0.62502
0.0,21,0.625612
0.0,1,0.6257
0.0,11,0.62605
0.0,7,0.626302
1.0,18,0.62682
0.0,4,0.627003
0.0,6,0.627227
0.0,34,0.62815
0.0,13,0.628548
1.0,35,0.629488
0.0,23,0.630138
0.0,12,0.630503
0.0,1,0.630591
0.0,8,0.63086
0.0,61,0.632406
0.0,14,0.63283
0.0,20,0.633409
0.0,52,0.634761
0.0,4,0.634938
1.0,31,0.635766
0.0,10,0.636097
0.0,18,0.636613
0.0,3,0.636759
0.0,14,0.637192
0.0,1,0.637285
0.0,14,0.637713
0.0,12,0.6381
0.0,10,0.638424
0.0,1,0.638513
0.0,6,0.638735
0.0,8,0.63903
0.0,37,0.640016
0.0,1,0.64011
0.0,4,0.640283
0.0,44,0.641449
0.0,4,0.64162
0.0,8,0.641883
0.0,19,0.642434
0.0,2,0.642556
0.0,2,0.642673
0.0,6,0.642887
0.0,3,0.643041
0.0,4,0.643209
0.0,36,0.644187
0.0,43,0.645317
0.0,13,0.645709
1.0,9,0.646009
0.0,21,0.646595
0.0,4,0.646765
0.0,2,0.646879
0.0,36,0.647826
0.0,19,0.648379
0.0,26,0.649091
0.0,20,0.649657
0.0,5,0.649853
0.0,2,0.649978
0.0,10,0.650303
0.0,1,0.65039
0.0,28,0.651173
0.0,4,0.65134
0.0,16,0.651812
0.0,7,0.652071
0.0,3,0.65222
0.0,8,0.652498
1.0,14,0.652928
0.0,12,0.653295
0.0,19,0.653836
0.0,6,0.654064
0.0,33,0.65497
0.0,8,0.655243
0.0,35,0.656173
0.0,3,0.656321
0.0,29,0.657138
0.0,13,0.657533
0.0,6,0.657748
0.0,8,0.658033
0.0,15,0.658475
0.0,3,0.658615
0.0,5,0.658804
0.0,8,0.659072
0.0,11,0.659421
0.0,1,0.659509
0.0,4,0.659675
0.0,12,0.660059
0.0,3,0.66021
0.0,3,0.660359
0.0,1,0.660447
0.0,40,0.661529
0.0,11,0.661877
0.0,3,0.662031
0.0,19,0.662574
0.0,13,0.662993
0.0,2,0.663111
0.0,4,0.663283
0.0,44,0.664458
0.0,6,0.664686
0.0,4,0.664856
0.0,15,0.665295
1.0,20,0.665861
0.0,2,0.665987
0.0,31,0.666823
0.0,18,0.667336
0.0,8,0.66761
0.0,1,0.667702
0.0,9,0.668003
0.0,3,0.668146
0.0,3,0.668288
0.0,9,0.668574
0.0,15,0.669021
0.0,7,0.669259
0.0,11,0.669594
0.0,1,0.669686
0.0,3,0.669827
0.0,5,0.670028
0.0,37,0.671025
0.0,1,0.671115
0.0,5,0.67131
0.0,5,0.671499
0.0,7,0.671735
0.0,27,0.672477
0.0,35,0.673409
0.0,19,0.673958
0.0,23,0.674601
0.0,31,0.675444
0.0,37,0.676443
0.0,18,0.676957
0.0,6,0.677181
0.0,3,0.677327
0.0,10,0.67764
0.0,17,0.67814
0.0,38,0.679156
0.0,13,0.679553
0.0,4,0.679719
0.0,43,0.680863
0.0,30,0.681694
0.0,1,0.681783
0.0,4,0.681965
0.0,6,0.682184
0.0,4,0.682351
0.0,7,0.682598
0.0,7,0.682849
0.0,1,0.68295
0.0,21,0.683544
0.0,2,0.683664
0.0,13,0.684068
0.0,12,0.684441
0.0,4,0.684613
0.0,3,0.684759
0.0,1,0.684846
0.0,20,0.685433
0.0,1,0.685523
0.0,3,0.685665
0.0,23,0.686317
0.0,4,0.686486
0.0,3,0.686633
0.0,1,0.686721
0.0,2,0.68684
1.0,7,0.687093
0.0,52,0.688449
0.0,13,0.688848
0.0,6,0.68908
0.0,12,0.689445
0.0,1,0.689537
0.0,8,0.689809
0.0,11,0.690163
0.0,1,0.690256
0.0,6,0.690483
0.0,22,0.691103
0.0,8,0.691372
0.0,3,0.691514
0.0,4,0.691684
0.0,30,0.692517
0.0,16,0.692993
0.0,17,0.693484
0.0,8,0.693747
0.0,1,0.693838
1.0,10,0.694163
0.0,11,0.694509
0.0,53,0.695922
0.0,23,0.696557
0.0,18,0.697088
0.0,30,0.697884
0.0,2,0.698012
0.0,15,0.698463
0.0,59,0.699977
0.0,31,0.700808
0.0,9,0.701118
0.0,3,0.701267
0.0,14,0.701693
0.0,11,0.702055
0.0,9,0.702346
0.0,1,0.702438
0.0,8,0.702711
0.0,10,0.703071
0.0,23,0.703719
0.0,3,0.703863
0.0,3,0.704018
0.0,8,0.704296
0.0,4,0.704463
0.0,11,0.704806
0.0,6,0.70504
0.0,2,0.705163
0.0,7,0.705414
0.0,8,0.705685
0.0,1,0.705778
0.0,20,0.706359
0.0,3,0.706513
0.0,16,0.707
0.0,8,0.707339
0.0,5,0.707541
0.0,4,0.70771
0.0,4,0.707876
0.0,9,0.708181
0.0,3,0.708325
0.0,7,0.708565
0.0,6,0.708791
0.0,2,0.708907
0.0,7,0.709169
0.0,9,0.709459
0.0,4,0.70963
0.0,8,0.709895
0.0,2,0.710019
1.0,18,0.710541
0.0,5,0.71074
0.0,3,0.710883
0.0,29,0.711682
0.0,21,0.712297
0.0,18,0.712813
0.0,5,0.713024
0.0,11,0.71337
0.0,29,0.71417
0.0,30,0.714993
0.0,24,0.715659
0.0,10,0.71599
0.0,21,0.716582
0.0,40,0.717654
0.0,4,0.71782
0.0,5,0.718022
0.0,6,0.718237
1.0,36,0.719198
0.0,18,0.719722
0.0,23,0.720376
0.0,17,0.72087
0.0,2,0.720997
0.0,10,0.721324
0.0,5,0.721525
0.0,11,0.721863
0.0,1,0.721958
0.0,3,0.722106
0.0,1,0.722193
0.0,14,0.722617
0.0,9,0.722921
0.0,33,0.723817
0.0,9,0.724119
0.0,4,0.724294
0.0,6,0.724514
0.0,5,0.724705
0.0,10,0.725022
0.0,11,0.72536
0.0,14,0.725774
0.0,9,0.726072
0.0,11,0.726405
1.0,18,0.726934
0.0,34,0.727839
0.0,8,0.72812
0.0,6,0.728338
0.0,4,0.728504
0.0,2,0.728619
0.0,22,0.729248
0.0,5,0.72944
0.0,12,0.729814
0.0,2,0.729944
0.0,35,0.730891
0.0,8,0.731174
0.0,12,0.731534
0.0,6,0.731761
0.0,43,0.732909
0.0,8,0.733182
0.0,16,0.733645
0.0,5,0.733842
0.0,37,0.734854
0.0,15,0.735299
0.0,3,0.735441
0.0,17,0.735928
0.0,29,0.73671
0.0,5,0.736902
0.0,7,0.737178
0.0,4,0.737344
0.0,20,0.737896
0.0,14,0.738326
0.0,15,0.738767
0.0,6,0.738998
0.0,25,0.739685
0.0,6,0.739907
0.0,11,0.740255
0.0,8,0.740525
0.0,5,0.74073
0.0,29,0.741539
0.0,1,0.741628
0.0,16,0.742102
0.0,8,0.742378
0.0,5,0.74257
0.0,45,0.74375
1.0,36,0.744717
0.0,2,0.744834
0.0,6,0.745068
0.0,8,0.745333
0.0,12,0.745702
0.0,5,0.745899
0.0,19,0.746452
0.0,6,0.746672
0.0,2,0.746793
0.0,15,0.747258
0.0,7,0.747505
0.0,4,0.747672
0.0,9,0.747984
0.0,2,0.748101
0.0,1,0.748188
0.0,7,0.748435
0.0,8,0.748697
0.0,3,0.748835
0.0,15,0.749274
1.0,17,0.749762
0.0,4,0.749942
0.0,4,0.750115
0.0,10,0.750433
0.0,10,0.750746
0.0,3,0.750893
0.0,11,0.751245
0.0,15,0.751686
0.0,2,0.751805
0.0,1,0.751892
0.0,17,0.75239
1.0,29,0.753175
0.0,10,0.753492
0.0,2,0.753607
0.0,7,0.753845
0.0,10,0.754176
0.0,9,0.754464
0.0,2,0.754578
0.0,1,0.754665
0.0,4,0.754829
0.0,32,0.755695
0.0,43,0.756814
0.0,6,0.757047
0.0,22,0.757655
0.0,29,0.758434
0.0,3,0.75858
0.0,15,0.759029
0.0,13,0.759429
0.0,4,0.759602
0.0,2,0.759721
0.0,13,0.760118
1.0,30,0.760928
1.0,13,0.761318
0.0,36,0.762304
0.0,26,0.763069
0.0,6,0.763285
0.0,1,0.763372
0.0,2,0.763487
0.0,38,0.764512
0.0,18,0.765044
0.0,3,0.765188
0.0,4,0.765356
1.0,42,0.766469
0.0,9,0.766765
0.0,11,0.767118
0.0,23,0.767756
0.0,10,0.768096
0.0,12,0.768469
0.0,7,0.768704
0.0,10,0.769034
0.0,4,0.769212
0.0,1,0.769303
0.0,18,0.769812
0.0,8,0.770088
0.0,3,0.770235
0.0,15,0.770674
0.0,15,0.771122
0.0,5,0.77132
0.0,4,0.771492
0.0,15,0.77195
0.0,25,0.772642
0.0,6,0.772861
0.0,6,0.773091
0.0,9,0.773387
0.0,9,0.773685
0.0,10,0.774015
0.0,7,0.774263
0.0,5,0.774459
0.0,20,0.775036
0.0,25,0.775725
0.0,1,0.775812
0.0,14,0.776243
1.0,35,0.777189
0.0,1,0.777282
0.0,6,0.777505
0.0,3,0.777647
0.0,7,0.777892
1.0,9,0.778202
0.0,8,0.778473
0.0,44,0.779623
0.0,3,0.779767
0.0,11,0.780118
0.0,100,0.782664
0.0,2,0.782785
0.0,22,0.783413
0.0,1,0.783507
0.0,3,0.783654
0.0,11,0.784003
0.0,16,0.784482
0.0,16,0.784968
0.0,1,0.785062
0.0,3,0.785203
0.0,7,0.785451
0.0,5,0.785649
0.0,15,0.786105
0.0,1,0.786195
0.0,19,0.78673
0.0,7,0.786989
0.0,89,0.789263
0.0,6,0.789488
0.0,17,0.790001
0.0,6,0.790218
0.0,9,0.790521
0.0,58,0.792054
0.0,7,0.792307
0.0,8,0.792574
0.0,15,0.793031
0.0,36,0.794005
0.0,5,0.794197
0.0,12,0.794566
0.0,10,0.794888
0.0,23,0.795553
0.0,4,0.795722
0.0,1,0.795808
0.0,3,0.795962
0.0,13,0.796354
0.0,2,0.796474
0.0,1,0.796562
0.0,15,0.797014
0.0,14,0.797433
0.0,17,0.797932
0.0,5,0.798132
