#{"t_start": 1522145544.7973971, "env_id": "MyFrozenLake-v0"}
r,l,t
0.0,10,0.007366
0.0,1,0.007461
0.0,1,0.007551
0.0,4,0.00774
0.0,2,0.007864
0.0,29,0.00859
0.0,3,0.00873
0.0,8,0.008974
0.0,5,0.009154
0.0,11,0.009462
0.0,21,0.009997
0.0,3,0.010131
0.0,31,0.010903
0.0,8,0.011142
0.0,9,0.011396
0.0,2,0.011503
0.0,2,0.011606
0.0,7,0.01183
0.0,1,0.01191
0.0,7,0.01212
0.0,3,0.012243
0.0,5,0.012419
0.0,4,0.01257
0.0,4,0.01273
0.0,4,0.012877
0.0,13,0.013226
0.0,6,0.013417
0.0,5,0.013589
0.0,8,0.013867
0.0,4,0.014016
0.0,2,0.014118
0.0,7,0.014335
0.0,11,0.01463
0.0,10,0.014925
0.0,4,0.01508
0.0,3,0.01521
0.0,3,0.015337
0.0,15,0.015756
0.0,7,0.016036
0.0,9,0.016325
0.0,9,0.016601
0.0,12,0.016966
0.0,2,0.017071
0.0,5,0.017245
0.0,3,0.017375
0.0,8,0.017613
0.0,14,0.017992
0.0,3,0.01812
0.0,10,0.018399
0.0,11,0.018712
0.0,10,0.018989
0.0,5,0.019155
0.0,10,0.019432
0.0,7,0.019649
0.0,8,0.019926
0.0,7,0.020139
0.0,4,0.020286
0.0,5,0.020452
0.0,7,0.020668
0.0,6,0.02088
0.0,4,0.021038
0.0,10,0.021315
0.0,10,0.0216
0.0,11,0.021921
0.0,21,0.022444
0.0,5,0.022619
0.0,5,0.022825
0.0,16,0.023229
0.0,6,0.023418
0.0,3,0.023548
0.0,2,0.023656
0.0,1,0.023744
0.0,7,0.023962
0.0,4,0.024119
0.0,5,0.024287
0.0,6,0.024483
0.0,18,0.024956
0.0,2,0.025061
0.0,1,0.02514
0.0,3,0.025265
0.0,7,0.025488
0.0,3,0.025619
0.0,8,0.025892
0.0,19,0.026367
0.0,8,0.026607
0.0,18,0.027102
0.0,8,0.027375
0.0,14,0.027772
0.0,5,0.027977
0.0,4,0.028126
0.0,3,0.028282
0.0,6,0.028478
0.0,8,0.028747
0.0,2,0.028864
0.0,6,0.029053
0.0,5,0.029219
0.0,1,0.029295
0.0,10,0.029569
0.0,26,0.03021
0.0,23,0.0308
0.0,7,0.031015
0.0,3,0.031144
0.0,16,0.03158
0.0,8,0.031856
0.0,4,0.032004
0.0,9,0.032264
0.0,29,0.03297
0.0,2,0.033084
0.0,9,0.033344
0.0,20,0.03385
0.0,9,0.034106
0.0,3,0.03424
0.0,4,0.034388
0.0,1,0.034465
0.0,13,0.034814
0.0,13,0.035157
0.0,34,0.035976
0.0,5,0.036148
0.0,21,0.036651
0.0,5,0.036825
0.0,13,0.037175
0.0,6,0.037363
0.0,4,0.037508
0.0,11,0.037821
0.0,1,0.037905
0.0,7,0.038117
0.0,7,0.038332
0.0,5,0.038511
0.0,3,0.038641
0.0,18,0.039095
0.0,7,0.039311
0.0,4,0.039465
0.0,12,0.039802
0.0,10,0.040092
0.0,2,0.040198
0.0,1,0.040275
0.0,4,0.040422
0.0,1,0.040504
0.0,1,0.040587
0.0,18,0.041055
0.0,8,0.041294
0.0,12,0.041617
0.0,1,0.041705
0.0,5,0.041882
0.0,7,0.042091
0.0,7,0.0423
0.0,3,0.042425
0.0,6,0.042619
0.0,43,0.043611
0.0,12,0.043942
0.0,5,0.044111
0.0,3,0.044241
0.0,17,0.04467
0.0,9,0.044936
0.0,6,0.045132
0.0,6,0.045322
0.0,3,0.045446
0.0,5,0.045614
0.0,10,0.045907
0.0,2,0.046016
0.0,23,0.046576
0.0,17,0.047019
0.0,8,0.04726
0.0,5,0.04744
0.0,6,0.047635
0.0,7,0.047862
0.0,6,0.048052
0.0,4,0.048204
0.0,14,0.048569
0.0,3,0.048708
0.0,19,0.049179
0.0,11,0.049481
0.0,6,0.049684
0.0,21,0.050198
0.0,32,0.050965
0.0,3,0.051092
0.0,4,0.051238
0.0,5,0.051403
0.0,4,0.051548
0.0,6,0.051747
0.0,4,0.051899
0.0,7,0.052119
0.0,14,0.052479
0.0,5,0.052655
0.0,4,0.052844
0.0,7,0.053055
0.0,5,0.053232
0.0,9,0.053496
0.0,9,0.053761
0.0,4,0.053916
0.0,5,0.054094
0.0,8,0.054328
0.0,1,0.054405
0.0,3,0.05453
0.0,8,0.05478
0.0,9,0.055041
0.0,9,0.055309
0.0,2,0.055413
0.0,7,0.055634
0.0,5,0.055817
0.0,7,0.05603
0.0,29,0.05672
0.0,6,0.056915
0.0,2,0.057018
0.0,3,0.057141
0.0,25,0.057751
0.0,8,0.057986
0.0,12,0.058303
0.0,9,0.058559
0.0,15,0.058949
0.0,9,0.059203
0.0,10,0.059476
0.0,13,0.059835
0.0,2,0.059945
0.0,18,0.0604
0.0,10,0.060693
0.0,1,0.060773
0.0,20,0.061262
0.0,3,0.061392
0.0,14,0.061772
0.0,21,0.062295
0.0,4,0.062449
0.0,2,0.062557
0.0,2,0.062665
0.0,8,0.062914
0.0,2,0.063023
0.0,14,0.063396
0.0,7,0.063621
0.0,1,0.063709
0.0,10,0.063993
0.0,10,0.06428
0.0,1,0.064363
0.0,9,0.064632
0.0,4,0.064788
0.0,5,0.064965
0.0,18,0.065416
0.0,3,0.065542
0.0,3,0.065666
0.0,8,0.065919
0.0,3,0.066045
0.0,7,0.066256
0.0,22,0.066832
0.0,7,0.067118
0.0,4,0.067268
0.0,12,0.067593
0.0,17,0.068033
0.0,7,0.068245
0.0,46,0.069309
0.0,10,0.069597
0.0,7,0.069825
0.0,15,0.070225
0.0,10,0.070506
0.0,5,0.070683
0.0,21,0.071205
0.0,9,0.071471
0.0,6,0.07167
0.0,18,0.072137
0.0,27,0.072796
0.0,8,0.073031
0.0,7,0.073242
0.0,9,0.073496
0.0,7,0.073723
0.0,7,0.073938
0.0,2,0.074046
0.0,4,0.074193
0.0,5,0.074367
0.0,8,0.074612
0.0,1,0.074701
0.0,16,0.075109
0.0,20,0.075605
0.0,2,0.075722
0.0,14,0.076086
0.0,7,0.076296
0.0,12,0.076627
0.0,2,0.076746
0.0,6,0.076946
0.0,4,0.077094
0.0,9,0.077347
0.0,4,0.077496
0.0,9,0.077775
0.0,4,0.077931
0.0,13,0.078279
0.0,20,0.078791
0.0,8,0.079027
0.0,4,0.079179
0.0,7,0.0794
0.0,5,0.07957
0.0,7,0.079801
0.0,21,0.080329
0.0,7,0.080545
0.0,7,0.080779
0.0,13,0.081121
0.0,1,0.081199
0.0,7,0.081411
0.0,3,0.081536
0.0,8,0.081787
0.0,3,0.081921
0.0,6,0.082112
0.0,2,0.08222
0.0,2,0.082329
0.0,11,0.082649
0.0,4,0.082806
0.0,5,0.082976
0.0,1,0.083054
0.0,3,0.083184
0.0,4,0.083338
0.0,5,0.083512
0.0,10,0.083808
0.0,6,0.084004
0.0,5,0.084174
0.0,5,0.084344
0.0,6,0.084534
0.0,7,0.084755
0.0,5,0.084932
0.0,26,0.085636
0.0,1,0.085728
0.0,8,0.085974
0.0,5,0.086143
0.0,10,0.086425
0.0,5,0.086604
0.0,18,0.087082
0.0,2,0.087189
0.0,21,0.087722
0.0,17,0.088157
0.0,10,0.088439
0.0,39,0.089365
0.0,7,0.089579
0.0,3,0.089719
0.0,7,0.089938
0.0,1,0.090017
0.0,16,0.090429
0.0,4,0.090576
0.0,6,0.090783
0.0,8,0.091019
0.0,6,0.091209
0.0,7,0.091422
0.0,1,0.091504
0.0,6,0.091706
0.0,37,0.092565
0.0,53,0.093803
0.0,7,0.09402
0.0,9,0.094275
0.0,6,0.094473
0.0,17,0.094922
0.0,8,0.09516
0.0,11,0.095459
0.0,1,0.095538
0.0,4,0.095694
0.0,1,0.095779
0.0,3,0.09591
0.0,3,0.096036
0.0,4,0.096183
0.0,4,0.096335
0.0,3,0.096465
0.0,9,0.096737
0.0,41,0.097712
0.0,4,0.097862
0.0,3,0.097987
0.0,2,0.098088
0.0,4,0.098241
0.0,3,0.098367
0.0,6,0.098557
0.0,5,0.098736
0.0,3,0.098867
0.0,2,0.098974
0.0,7,0.099186
0.0,12,0.09951
0.0,8,0.099763
0.0,4,0.099926
0.0,4,0.100075
0.0,10,0.100361
0.0,6,0.100564
0.0,2,0.100669
0.0,20,0.10118
0.0,9,0.101437
0.0,12,0.101771
0.0,5,0.101941
0.0,2,0.102043
0.0,8,0.102282
0.0,9,0.102541
0.0,7,0.102772
0.0,5,0.102944
0.0,18,0.103395
0.0,41,0.104351
0.0,16,0.104785
0.0,4,0.104934
0.0,21,0.105442
0.0,3,0.105567
0.0,8,0.105815
0.0,2,0.10592
0.0,6,0.106109
0.0,7,0.106319
0.0,15,0.106721
0.0,38,0.107618
0.0,6,0.10789
0.0,12,0.108222
0.0,7,0.108443
0.0,9,0.108707
0.0,10,0.108988
0.0,5,0.109164
0.0,5,0.109331
0.0,22,0.109882
0.0,3,0.110008
0.0,5,0.110173
0.0,3,0.110296
0.0,2,0.110397
0.0,3,0.110523
0.0,7,0.110752
0.0,3,0.110879
0.0,11,0.111173
0.0,4,0.111324
0.0,9,0.111577
0.0,4,0.111733
0.0,12,0.11205
0.0,11,0.11235
0.0,11,0.112651
0.0,12,0.112986
0.0,5,0.113155
0.0,7,0.113372
0.0,4,0.113524
0.0,9,0.113791
0.0,6,0.113987
0.0,2,0.114094
0.0,19,0.114557
0.0,16,0.11498
0.0,15,0.11537
0.0,16,0.115791
0.0,1,0.11587
0.0,5,0.116049
0.0,8,0.11628
0.0,9,0.116529
0.0,1,0.116609
0.0,11,0.116929
0.0,13,0.117274
0.0,13,0.117617
0.0,1,0.117708
0.0,3,0.117835
0.0,51,0.118999
0.0,16,0.119411
0.0,5,0.11959
0.0,16,0.120012
0.0,3,0.120145
0.0,8,0.120386
0.0,37,0.121249
0.0,5,0.121418
0.0,5,0.121588
0.0,23,0.122154
0.0,14,0.12251
0.0,10,0.122802
0.0,3,0.122928
0.0,8,0.123158
0.0,1,0.123239
0.0,25,0.123843
0.0,9,0.124108
0.0,4,0.124254
0.0,17,0.124694
0.0,7,0.12492
0.0,9,0.125173
0.0,8,0.12541
0.0,9,0.12566
0.0,13,0.126011
0.0,5,0.126178
0.0,7,0.126384
0.0,8,0.126626
0.0,9,0.126902
0.0,11,0.127199
0.0,4,0.127351
0.0,4,0.127497
0.0,12,0.127824
0.0,13,0.128177
0.0,16,0.128601
0.0,6,0.128802
0.0,8,0.12904
0.0,9,0.129304
0.0,5,0.129481
0.0,2,0.129585
0.0,18,0.130056
0.0,14,0.130425
0.0,17,0.130867
1.0,14,0.131237
0.0,8,0.131476
0.0,3,0.131601
0.0,10,0.131898
0.0,8,0.132129
0.0,14,0.1325
0.0,27,0.133159
0.0,9,0.133421
0.0,16,0.133862
0.0,8,0.134095
0.0,2,0.134196
0.0,8,0.134425
0.0,2,0.134524
0.0,1,0.1346
0.0,2,0.134711
0.0,5,0.13488
0.0,11,0.13518
0.0,1,0.135262
0.0,6,0.135462
0.0,8,0.135702
0.0,1,0.135781
0.0,6,0.135969
0.0,20,0.136464
0.0,17,0.1369
0.0,6,0.13711
0.0,10,0.137387
0.0,8,0.137626
0.0,2,0.137748
0.0,4,0.137897
0.0,3,0.138027
0.0,2,0.138134
0.0,10,0.138424
0.0,2,0.138532
0.0,1,0.138615
0.0,15,0.13902
0.0,2,0.139126
0.0,1,0.139204
0.0,27,0.139886
0.0,17,0.140326
0.0,15,0.140727
0.0,7,0.14094
0.0,10,0.141216
0.0,18,0.141671
0.0,2,0.141788
0.0,16,0.1422
0.0,5,0.14237
0.0,14,0.142751
0.0,15,0.143148
0.0,4,0.143306
0.0,5,0.143484
0.0,4,0.143631
0.0,11,0.143938
0.0,7,0.144156
0.0,2,0.144265
0.0,4,0.144413
0.0,5,0.144587
0.0,5,0.144767
0.0,1,0.144847
0.0,4,0.144999
0.0,15,0.145386
0.0,18,0.145855
0.0,3,0.145981
0.0,11,0.146276
0.0,3,0.146405
0.0,12,0.146754
0.0,2,0.146859
0.0,6,0.147056
0.0,4,0.147209
0.0,4,0.147363
0.0,9,0.147619
0.0,7,0.147838
0.0,8,0.148072
0.0,3,0.148203
0.0,2,0.148305
0.0,1,0.148385
0.0,5,0.148555
0.0,3,0.148685
0.0,7,0.148898
0.0,15,0.149285
0.0,4,0.149436
0.0,1,0.149515
0.0,5,0.149694
0.0,8,0.149928
0.0,13,0.15028
0.0,11,0.150586
0.0,2,0.150702
0.0,5,0.15088
0.0,12,0.151199
0.0,3,0.151329
0.0,3,0.151457
0.0,3,0.151589
0.0,3,0.15173
0.0,8,0.15197
0.0,2,0.152074
0.0,7,0.152286
0.0,5,0.152463
0.0,8,0.152719
0.0,1,0.1528
0.0,6,0.15299
0.0,10,0.153273
0.0,6,0.153473
0.0,1,0.153556
0.0,5,0.153739
0.0,12,0.154068
0.0,4,0.154215
0.0,5,0.15439
0.0,18,0.154852
0.0,25,0.155463
0.0,4,0.155617
0.0,3,0.155751
0.0,5,0.155921
0.0,6,0.15612
0.0,10,0.156395
0.0,1,0.156477
0.0,3,0.156604
0.0,11,0.15692
0.0,5,0.157091
0.0,1,0.157169
0.0,2,0.157276
0.0,6,0.157474
0.0,3,0.157601
0.0,3,0.157734
0.0,7,0.157954
0.0,7,0.158165
0.0,5,0.158332
0.0,14,0.158705
0.0,26,0.15933
0.0,4,0.159477
0.0,6,0.159672
0.0,5,0.159858
0.0,23,0.160411
0.0,12,0.160748
0.0,17,0.161181
0.0,1,0.161264
0.0,5,0.161434
0.0,1,0.161516
0.0,10,0.161815
0.0,28,0.162484
0.0,4,0.162637
0.0,2,0.162749
0.0,8,0.162985
0.0,8,0.163229
0.0,1,0.163309
0.0,12,0.163636
0.0,16,0.16406
0.0,4,0.164215
0.0,16,0.164622
0.0,7,0.164845
0.0,22,0.165396
0.0,29,0.166099
0.0,1,0.16618
0.0,6,0.166371
0.0,9,0.166633
0.0,1,0.166724
0.0,8,0.16697
0.0,15,0.167352
0.0,1,0.16743
0.0,3,0.167555
0.0,7,0.167781
0.0,6,0.167983
0.0,20,0.168481
0.0,2,0.168585
0.0,9,0.168849
0.0,5,0.169023
0.0,3,0.169153
0.0,8,0.169391
0.0,3,0.169517
0.0,2,0.169618
0.0,3,0.169776
0.0,1,0.169855
0.0,11,0.170157
0.0,9,0.17041
0.0,4,0.170566
0.0,1,0.170648
0.0,20,0.171159
0.0,1,0.171239
0.0,9,0.171493
0.0,13,0.171849
0.0,21,0.172366
0.0,20,0.172883
0.0,11,0.17318
0.0,4,0.173326
0.0,2,0.173434
0.0,4,0.173584
0.0,18,0.174041
0.0,7,0.174261
0.0,2,0.174369
0.0,3,0.174496
0.0,9,0.174774
0.0,20,0.175344
0.0,9,0.1756
0.0,4,0.175756
0.0,5,0.175931
0.0,1,0.176011
0.0,8,0.176245
0.0,7,0.176455
0.0,8,0.176701
0.0,18,0.177167
0.0,4,0.177322
0.0,17,0.177758
0.0,9,0.178011
0.0,2,0.178118
0.0,6,0.178313
0.0,29,0.179018
0.0,8,0.179252
0.0,2,0.179354
0.0,18,0.179819
0.0,19,0.180295
0.0,1,0.180374
0.0,7,0.180591
0.0,12,0.180933
0.0,2,0.181043
0.0,6,0.181239
0.0,4,0.181386
0.0,4,0.181537
0.0,7,0.181767
0.0,4,0.181915
0.0,5,0.182082
0.0,6,0.18227
0.0,7,0.182479
0.0,3,0.182603
0.0,4,0.182765
0.0,8,0.183
0.0,5,0.183168
0.0,36,0.184021
0.0,11,0.184319
0.0,14,0.18469
0.0,7,0.184911
0.0,25,0.185505
0.0,5,0.185673
0.0,18,0.186137
0.0,4,0.186283
0.0,3,0.186413
0.0,12,0.186751
0.0,19,0.187233
0.0,26,0.187869
0.0,5,0.188038
0.0,1,0.188116
0.0,1,0.188194
0.0,8,0.188424
0.0,1,0.188502
0.0,16,0.188917
0.0,32,0.189665
0.0,20,0.19017
0.0,8,0.190404
0.0,10,0.190691
0.0,5,0.190869
0.0,6,0.191058
0.0,7,0.191278
0.0,7,0.191486
0.0,17,0.191931
0.0,2,0.192037
0.0,23,0.192606
0.0,9,0.192869
0.0,1,0.192953
0.0,5,0.193128
0.0,20,0.193627
0.0,7,0.193846
0.0,7,0.19406
0.0,33,0.194857
0.0,5,0.195029
0.0,3,0.195154
0.0,4,0.1953
0.0,4,0.195451
0.0,6,0.195648
0.0,9,0.195911
0.0,3,0.196042
0.0,2,0.196149
0.0,22,0.196701
0.0,9,0.196966
0.0,2,0.197075
0.0,1,0.197155
0.0,12,0.197478
0.0,3,0.197602
0.0,6,0.197809
0.0,2,0.197919
0.0,8,0.198159
0.0,1,0.198238
1.0,10,0.198523
0.0,12,0.198853
0.0,4,0.199007
0.0,7,0.199222
0.0,7,0.199437
0.0,6,0.199626
0.0,8,0.199873
0.0,12,0.200197
0.0,8,0.200436
0.0,31,0.201179
0.0,6,0.201381
0.0,15,0.201784
0.0,10,0.20207
0.0,25,0.202663
0.0,6,0.20286
0.0,1,0.202948
0.0,11,0.203255
0.0,9,0.203509
0.0,23,0.204085
0.0,20,0.204583
0.0,6,0.204785
0.0,4,0.204934
0.0,4,0.205079
0.0,1,0.20516
0.0,40,0.20608
0.0,10,0.206365
0.0,33,0.207157
0.0,23,0.207738
0.0,11,0.208112
0.0,13,0.208463
0.0,6,0.208653
0.0,1,0.208744
0.0,22,0.209284
0.0,4,0.209431
0.0,10,0.209718
0.0,7,0.209942
0.0,4,0.21009
0.0,2,0.210192
0.0,10,0.210482
0.0,11,0.210798
0.0,1,0.210882
0.0,2,0.210985
0.0,3,0.211109
0.0,16,0.211522
0.0,8,0.211771
0.0,15,0.212158
0.0,6,0.212353
0.0,7,0.212563
0.0,4,0.212719
0.0,4,0.212868
0.0,17,0.213305
0.0,2,0.213408
0.0,23,0.213989
0.0,4,0.214143
0.0,9,0.214397
0.0,16,0.21484
0.0,16,0.215255
0.0,6,0.21545
0.0,2,0.215553
0.0,4,0.215708
0.0,9,0.215966
0.0,12,0.21629
0.0,14,0.216648
0.0,5,0.21683
0.0,7,0.217041
0.0,21,0.217555
0.0,11,0.217865
0.0,10,0.21815
0.0,14,0.218515
0.0,10,0.218804
1.0,9,0.219059
0.0,11,0.219359
0.0,17,0.219798
0.0,6,0.219999
0.0,4,0.220147
0.0,9,0.220408
0.0,15,0.220833
0.0,3,0.220965
0.0,2,0.221068
0.0,3,0.221193
0.0,3,0.221317
0.0,21,0.221853
0.0,19,0.222318
0.0,15,0.222717
0.0,34,0.223527
0.0,4,0.223697
0.0,11,0.224016
0.0,24,0.224595
0.0,3,0.224732
0.0,7,0.224954
0.0,1,0.225033
0.0,16,0.225431
0.0,10,0.225725
0.0,1,0.225804
0.0,1,0.225887
0.0,19,0.226363
0.0,13,0.226726
0.0,1,0.226806
0.0,3,0.226942
0.0,4,0.22709
0.0,6,0.227286
0.0,8,0.227524
0.0,1,0.227602
0.0,1,0.227691
0.0,1,0.227772
0.0,2,0.227875
0.0,10,0.228151
0.0,8,0.228382
0.0,25,0.228986
0.0,15,0.229382
0.0,9,0.229643
0.0,1,0.229731
0.0,16,0.230142
0.0,12,0.230465
0.0,12,0.230809
0.0,11,0.231112
0.0,14,0.231474
0.0,7,0.231699
0.0,18,0.23215
0.0,6,0.232337
0.0,7,0.232553
0.0,9,0.232816
0.0,15,0.23321
0.0,4,0.233356
0.0,15,0.233758
0.0,3,0.233884
0.0,1,0.233965
0.0,28,0.234635
0.0,26,0.235261
0.0,6,0.235459
0.0,6,0.235649
0.0,4,0.235803
0.0,8,0.236039
0.0,11,0.236332
0.0,4,0.236475
0.0,7,0.236701
0.0,4,0.236849
0.0,14,0.237217
0.0,14,0.237577
0.0,14,0.237957
0.0,8,0.238189
0.0,1,0.238266
0.0,2,0.238368
0.0,6,0.238556
0.0,5,0.23874
0.0,1,0.23882
0.0,2,0.238927
0.0,1,0.239005
0.0,5,0.239178
0.0,3,0.239308
0.0,29,0.240013
0.0,3,0.240145
0.0,3,0.24027
0.0,4,0.240415
0.0,12,0.240752
0.0,10,0.241037
0.0,2,0.24114
0.0,5,0.241307
0.0,1,0.241383
0.0,3,0.24151
0.0,4,0.241662
0.0,3,0.241795
0.0,19,0.242262
0.0,4,0.242407
0.0,1,0.242483
0.0,5,0.242656
0.0,9,0.242929
0.0,9,0.243183
0.0,2,0.243283
0.0,2,0.243388
0.0,10,0.243688
0.0,4,0.243838
0.0,6,0.244033
0.0,2,0.244136
0.0,6,0.244328
0.0,49,0.245518
0.0,6,0.24573
0.0,8,0.245965
0.0,7,0.246175
0.0,7,0.246382
1.0,25,0.246987
0.0,6,0.247177
0.0,7,0.247387
0.0,1,0.247464
0.0,1,0.24754
0.0,23,0.248111
0.0,4,0.248258
0.0,8,0.248498
0.0,18,0.248953
0.0,6,0.249148
0.0,2,0.249254
0.0,25,0.249853
0.0,8,0.250085
0.0,29,0.250766
0.0,7,0.250981
0.0,8,0.251219
0.0,10,0.251492
0.0,18,0.251955
0.0,9,0.252214
0.0,7,0.252432
0.0,4,0.252577
0.0,5,0.25276
0.0,11,0.253064
0.0,15,0.253459
0.0,5,0.253631
0.0,2,0.253741
0.0,5,0.253907
0.0,4,0.254052
0.0,5,0.254217
0.0,5,0.254381
0.0,1,0.254461
0.0,4,0.25461
0.0,1,0.254702
0.0,1,0.254782
0.0,14,0.255154
0.0,8,0.255387
0.0,5,0.255554
0.0,11,0.255879
0.0,1,0.255958
0.0,6,0.256146
0.0,2,0.256247
0.0,6,0.25644
0.0,6,0.256636
0.0,3,0.256769
0.0,30,0.257482
0.0,18,0.25794
0.0,10,0.258213
0.0,7,0.258422
0.0,12,0.25876
0.0,7,0.258979
0.0,5,0.259152
0.0,7,0.259369
0.0,5,0.259544
0.0,7,0.25978
0.0,8,0.260029
0.0,14,0.260401
1.0,10,0.260695
0.0,1,0.260777
0.0,3,0.260903
0.0,4,0.26105
0.0,6,0.261238
0.0,5,0.261404
0.0,20,0.261921
0.0,8,0.262156
0.0,18,0.26261
0.0,6,0.262809
0.0,3,0.262934
0.0,5,0.263103
0.0,2,0.263205
0.0,13,0.263546
0.0,5,0.263731
0.0,9,0.263988
0.0,11,0.264297
0.0,9,0.264553
0.0,7,0.264775
0.0,10,0.265053
0.0,19,0.265532
0.0,1,0.265615
0.0,4,0.265774
0.0,18,0.266235
0.0,1,0.266317
0.0,15,0.266715
0.0,17,0.267145
0.0,6,0.267335
0.0,2,0.267437
0.0,25,0.268051
0.0,7,0.268263
0.0,1,0.268341
0.0,14,0.268722
0.0,5,0.268901
0.0,5,0.26907
0.0,5,0.269238
0.0,6,0.269427
0.0,3,0.269551
0.0,4,0.269708
0.0,2,0.269812
0.0,15,0.2702
0.0,3,0.270333
0.0,1,0.270411
0.0,9,0.270664
0.0,4,0.270821
0.0,3,0.270945
0.0,4,0.271128
0.0,10,0.271448
0.0,30,0.272181
0.0,1,0.272265
0.0,19,0.272753
0.0,10,0.27304
0.0,7,0.273256
0.0,5,0.273431
0.0,7,0.273646
0.0,22,0.274204
0.0,14,0.274567
0.0,3,0.2747
0.0,2,0.274804
0.0,10,0.275085
0.0,5,0.275259
0.0,3,0.275384
0.0,7,0.2756
0.0,1,0.275686
0.0,4,0.275836
0.0,8,0.276066
0.0,4,0.276211
0.0,8,0.276453
0.0,4,0.276599
0.0,19,0.277088
0.0,10,0.277372
0.0,9,0.277633
0.0,7,0.27785
0.0,1,0.277929
0.0,6,0.278125
0.0,7,0.278345
0.0,2,0.278448
0.0,6,0.278644
0.0,7,0.278874
0.0,1,0.278954
0.0,1,0.279032
0.0,3,0.279155
0.0,4,0.2793
0.0,3,0.279425
0.0,3,0.279554
0.0,25,0.28017
0.0,7,0.280388
0.0,3,0.280523
0.0,10,0.280808
0.0,20,0.281306
0.0,5,0.281478
0.0,3,0.281608
0.0,3,0.281749
0.0,8,0.281997
0.0,5,0.282166
0.0,3,0.28229
0.0,6,0.282488
0.0,43,0.283484
0.0,13,0.283833
0.0,7,0.284047
0.0,3,0.284172
0.0,7,0.284385
0.0,4,0.284532
0.0,7,0.28476
0.0,4,0.284915
0.0,2,0.285019
0.0,5,0.285192
0.0,3,0.285317
0.0,1,0.285394
0.0,10,0.285673
0.0,4,0.28584
0.0,6,0.28603
0.0,3,0.286154
0.0,17,0.286586
0.0,4,0.286748
0.0,4,0.2869
0.0,10,0.287179
0.0,11,0.287475
0.0,3,0.287598
0.0,24,0.288203
0.0,2,0.288307
0.0,4,0.288457
0.0,6,0.288647
0.0,3,0.288785
0.0,9,0.289045
0.0,4,0.289191
0.0,3,0.289319
0.0,6,0.289509
0.0,2,0.289614
0.0,5,0.289799
0.0,22,0.290346
1.0,24,0.290943
0.0,7,0.291162
0.0,6,0.291356
0.0,12,0.291675
0.0,8,0.291915
0.0,9,0.292175
0.0,6,0.292365
0.0,23,0.292931
0.0,13,0.293278
0.0,5,0.293446
0.0,1,0.293527
0.0,4,0.293689
0.0,14,0.294065
0.0,7,0.294275
0.0,4,0.29443
0.0,2,0.294538
0.0,8,0.294801
0.0,6,0.295004
0.0,6,0.2952
0.0,2,0.295309
0.0,9,0.29557
0.0,4,0.295741
0.0,6,0.295946
1.0,9,0.296198
0.0,5,0.29637
0.0,2,0.296473
0.0,5,0.296645
0.0,12,0.296969
0.0,7,0.297186
0.0,15,0.297572
0.0,9,0.297847
0.0,12,0.298175
0.0,4,0.298322
0.0,4,0.298476
0.0,5,0.298645
0.0,3,0.298809
0.0,25,0.299402
0.0,5,0.299577
0.0,18,0.30004
0.0,3,0.300168
0.0,7,0.300384
0.0,1,0.300466
0.0,14,0.300842
0.0,26,0.301463
0.0,4,0.301609
0.0,1,0.301695
0.0,3,0.301826
0.0,11,0.302125
0.0,10,0.302413
0.0,1,0.302492
0.0,3,0.302623
0.0,1,0.302709
0.0,5,0.302888
0.0,6,0.303077
0.0,8,0.303308
0.0,6,0.303496
0.0,4,0.303643
0.0,3,0.303776
0.0,10,0.30406
0.0,26,0.304695
0.0,21,0.305211
0.0,6,0.305409
0.0,26,0.306043
0.0,13,0.306388
0.0,2,0.306496
0.0,8,0.306743
0.0,13,0.307088
0.0,8,0.30733
0.0,6,0.307527
0.0,6,0.307736
0.0,16,0.308142
0.0,7,0.308425
0.0,3,0.308562
0.0,7,0.308792
0.0,1,0.308873
0.0,4,0.309021
0.0,14,0.309385
0.0,1,0.309468
0.0,18,0.309938
0.0,13,0.31028
0.0,7,0.310496
0.0,3,0.310621
0.0,26,0.311259
0.0,8,0.311503
0.0,3,0.311627
0.0,8,0.311908
0.0,8,0.312141
0.0,4,0.312293
0.0,1,0.312371
0.0,6,0.31256
0.0,9,0.312832
0.0,4,0.312985
0.0,12,0.313318
0.0,3,0.313443
0.0,8,0.313692
0.0,11,0.314001
0.0,2,0.314104
0.0,3,0.314232
0.0,7,0.314443
0.0,15,0.314853
0.0,10,0.315135
0.0,11,0.315436
0.0,7,0.315645
0.0,9,0.315906
0.0,2,0.316009
0.0,3,0.316132
0.0,3,0.316259
0.0,8,0.316498
0.0,8,0.316749
0.0,1,0.316832
0.0,4,0.31698
0.0,3,0.317111
0.0,2,0.317212
0.0,24,0.31781
0.0,3,0.317935
0.0,6,0.318123
0.0,2,0.318233
0.0,12,0.318564
0.0,12,0.318904
0.0,1,0.318988
0.0,16,0.319394
0.0,2,0.319499
0.0,3,0.319628
0.0,4,0.31979
0.0,18,0.320236
0.0,5,0.320404
0.0,3,0.320529
0.0,6,0.320727
0.0,14,0.321083
0.0,15,0.321468
0.0,5,0.321637
0.0,3,0.32177
0.0,16,0.322186
0.0,5,0.322354
0.0,4,0.322499
0.0,6,0.322694
0.0,8,0.322927
0.0,18,0.323375
0.0,21,0.323899
0.0,27,0.324552
0.0,5,0.324733
0.0,5,0.324901
0.0,2,0.325007
0.0,4,0.325152
0.0,2,0.325254
0.0,3,0.325376
0.0,7,0.325584
0.0,9,0.325861
0.0,17,0.326284
0.0,14,0.326651
0.0,25,0.327253
0.0,7,0.327472
0.0,7,0.327696
0.0,15,0.328091
0.0,5,0.328266
0.0,1,0.32835
0.0,10,0.328632
0.0,5,0.328809
0.0,10,0.329091
0.0,2,0.329197
0.0,23,0.329767
0.0,8,0.330007
0.0,3,0.330133
0.0,18,0.330575
0.0,4,0.33074
0.0,12,0.331058
0.0,3,0.331187
0.0,15,0.331571
0.0,3,0.331705
1.0,46,0.332776
0.0,13,0.333135
0.0,18,0.333594
0.0,4,0.333784
0.0,7,0.334002
0.0,2,0.334109
0.0,1,0.334188
0.0,1,0.334265
0.0,7,0.334486
0.0,3,0.33461
0.0,14,0.335012
0.0,2,0.335116
0.0,9,0.335367
0.0,13,0.335734
0.0,17,0.336169
0.0,5,0.336342
0.0,10,0.33663
0.0,11,0.336938
0.0,7,0.337148
0.0,10,0.337433
0.0,4,0.337633
0.0,5,0.337838
0.0,9,0.338105
0.0,3,0.338237
0.0,4,0.338389
0.0,11,0.338711
0.0,6,0.338925
0.0,23,0.339484
0.0,12,0.339824
0.0,2,0.339928
0.0,4,0.340073
0.0,8,0.34031
0.0,9,0.340562
0.0,1,0.340643
0.0,6,0.34085
0.0,15,0.341243
1.0,8,0.341475
0.0,6,0.341664
0.0,6,0.34189
0.0,6,0.342087
0.0,5,0.342254
0.0,5,0.34242
0.0,6,0.342612
0.0,12,0.342951
0.0,5,0.343127
0.0,10,0.34341
0.0,7,0.343626
0.0,3,0.343763
0.0,9,0.344025
0.0,14,0.344392
0.0,7,0.344602
0.0,5,0.344806
0.0,2,0.344937
0.0,13,0.345277
0.0,5,0.345444
0.0,1,0.34552
0.0,3,0.345644
0.0,1,0.345731
0.0,9,0.345998
0.0,14,0.346363
0.0,7,0.346579
0.0,6,0.346779
0.0,3,0.346909
0.0,1,0.346991
0.0,3,0.347125
0.0,5,0.347294
0.0,1,0.347371
0.0,3,0.347494
0.0,18,0.347986
0.0,12,0.34831
0.0,6,0.348499
0.0,5,0.348672
0.0,2,0.348787
0.0,1,0.348865
0.0,8,0.349105
0.0,3,0.349229
0.0,4,0.349374
0.0,4,0.349522
0.0,4,0.349673
0.0,4,0.349835
0.0,8,0.350067
0.0,8,0.350303
0.0,4,0.350448
0.0,3,0.350569
0.0,1,0.350647
0.0,5,0.350827
0.0,9,0.351086
0.0,9,0.351339
0.0,1,0.351421
0.0,1,0.351502
0.0,3,0.351628
0.0,15,0.352027
0.0,6,0.352219
0.0,11,0.35251
0.0,12,0.352838
1.0,17,0.353266
0.0,5,0.353434
0.0,9,0.353706
0.0,7,0.353923
0.0,33,0.354702
0.0,3,0.354835
0.0,5,0.355007
0.0,21,0.355524
0.0,8,0.355767
0.0,7,0.355991
0.0,14,0.356348
0.0,20,0.356852
0.0,5,0.357021
0.0,6,0.357223
0.0,5,0.357391
0.0,6,0.357586
0.0,12,0.35792
0.0,17,0.35836
0.0,9,0.358631
0.0,2,0.358743
0.0,9,0.358997
0.0,10,0.359276
0.0,4,0.359427
0.0,1,0.359505
0.0,2,0.359612
0.0,7,0.359834
0.0,14,0.360203
0.0,19,0.360687
0.0,9,0.360944
0.0,2,0.361046
0.0,2,0.361146
0.0,4,0.361296
0.0,1,0.361377
0.0,2,0.361485
0.0,6,0.361683
0.0,2,0.361788
0.0,10,0.362068
0.0,13,0.362414
0.0,8,0.362646
0.0,3,0.362777
0.0,4,0.362928
0.0,4,0.363081
0.0,3,0.363205
0.0,9,0.363456
0.0,5,0.363619
0.0,12,0.363961
0.0,3,0.364093
0.0,8,0.364325
0.0,2,0.364426
0.0,5,0.364593
0.0,15,0.364983
0.0,6,0.365173
0.0,17,0.365602
0.0,7,0.365831
0.0,6,0.366029
0.0,22,0.366575
0.0,3,0.366716
0.0,3,0.366844
0.0,12,0.367176
0.0,8,0.367408
0.0,1,0.367485
0.0,23,0.368057
0.0,4,0.368213
0.0,9,0.368473
0.0,1,0.368551
0.0,6,0.368753
0.0,1,0.368833
0.0,19,0.369308
0.0,10,0.36958
0.0,1,0.369662
0.0,7,0.369885
0.0,5,0.370064
0.0,9,0.370328
0.0,4,0.37048
0.0,11,0.370794
0.0,3,0.370928
0.0,7,0.371147
0.0,2,0.371254
0.0,7,0.371466
0.0,13,0.371826
0.0,2,0.371932
0.0,3,0.372056
0.0,6,0.372246
0.0,4,0.372391
0.0,6,0.372578
0.0,2,0.372692
0.0,10,0.372977
0.0,12,0.3733
0.0,9,0.373553
0.0,8,0.373805
0.0,6,0.373997
0.0,1,0.374075
0.0,5,0.374241
0.0,1,0.374323
0.0,3,0.374455
0.0,5,0.374624
0.0,3,0.374756
0.0,5,0.374923
0.0,3,0.375057
0.0,15,0.375441
0.0,11,0.375765
0.0,1,0.375846
0.0,3,0.37597
0.0,36,0.376821
0.0,5,0.376992
0.0,5,0.377167
0.0,12,0.377493
0.0,8,0.37775
0.0,2,0.377858
0.0,15,0.378247
0.0,11,0.378556
0.0,3,0.378724
0.0,9,0.379008
0.0,5,0.379184
0.0,3,0.379309
0.0,5,0.379477
0.0,5,0.379651
0.0,12,0.379991
0.0,18,0.380444
0.0,3,0.380571
0.0,15,0.380972
0.0,12,0.381297
0.0,5,0.381473
0.0,8,0.381727
0.0,3,0.381855
0.0,5,0.382022
0.0,4,0.382167
0.0,7,0.382403
0.0,1,0.382487
0.0,17,0.38294
0.0,3,0.383067
0.0,16,0.383483
0.0,7,0.383721
0.0,2,0.383851
0.0,12,0.384178
0.0,11,0.384482
0.0,47,0.385568
0.0,16,0.385991
0.0,6,0.38618
0.0,7,0.386396
0.0,47,0.387496
0.0,8,0.387751
0.0,5,0.387922
0.0,10,0.388193
0.0,2,0.388295
0.0,13,0.388649
0.0,35,0.389483
0.0,8,0.389735
0.0,20,0.390225
0.0,15,0.390616
0.0,3,0.390758
0.0,5,0.390929
0.0,4,0.391075
0.0,15,0.391462
0.0,6,0.39165
0.0,17,0.392089
0.0,10,0.392375
0.0,3,0.3925
0.0,8,0.392743
0.0,4,0.392895
0.0,8,0.393133
0.0,8,0.393373
0.0,5,0.393541
0.0,11,0.39386
0.0,3,0.393986
0.0,3,0.394109
0.0,7,0.394326
0.0,13,0.394669
0.0,6,0.39487
0.0,9,0.395129
0.0,10,0.395415
0.0,8,0.395655
0.0,3,0.395819
0.0,11,0.396119
0.0,5,0.396288
0.0,31,0.397032
0.0,4,0.397179
0.0,13,0.397525
0.0,3,0.397656
0.0,15,0.398111
0.0,4,0.398264
0.0,5,0.398439
0.0,1,0.398518
0.0,3,0.398641
0.0,6,0.398839
0.0,6,0.399035
0.0,22,0.399575
0.0,7,0.399805
0.0,23,0.400364
0.0,3,0.400489
0.0,4,0.400635
0.0,4,0.400813
0.0,10,0.401098
0.0,4,0.401245
0.0,5,0.401411
0.0,12,0.401759
0.0,5,0.401929
0.0,4,0.402084
0.0,6,0.402275
0.0,3,0.402398
0.0,3,0.402521
0.0,2,0.402623
0.0,3,0.402759
0.0,8,0.403006
0.0,6,0.403204
0.0,5,0.403376
0.0,8,0.403616
0.0,7,0.403848
0.0,15,0.404245
0.0,4,0.404391
0.0,3,0.404516
0.0,17,0.404962
0.0,4,0.405116
0.0,26,0.405751
0.0,6,0.405945
0.0,1,0.406027
0.0,11,0.406325
0.0,7,0.406549
0.0,19,0.407046
0.0,5,0.407225
0.0,7,0.407436
0.0,6,0.407623
0.0,7,0.407846
0.0,7,0.408058
0.0,12,0.408379
0.0,3,0.408567
0.0,3,0.408711
0.0,12,0.409042
0.0,3,0.409168
0.0,4,0.409313
0.0,13,0.409657
0.0,7,0.409897
0.0,2,0.410005
0.0,1,0.410084
0.0,2,0.410186
0.0,3,0.41031
0.0,1,0.410387
0.0,12,0.410714
0.0,4,0.410865
0.0,26,0.411493
0.0,1,0.411575
0.0,1,0.411654
0.0,9,0.411926
0.0,4,0.412074
0.0,2,0.412175
0.0,5,0.412347
0.0,17,0.41279
0.0,5,0.412965
0.0,28,0.413672
0.0,7,0.41396
0.0,5,0.41413
0.0,4,0.414274
0.0,2,0.414375
0.0,5,0.414541
0.0,10,0.414832
0.0,6,0.415022
0.0,4,0.415168
0.0,12,0.415486
0.0,9,0.415757
0.0,6,0.415948
0.0,6,0.416136
0.0,10,0.416415
0.0,8,0.416653
0.0,13,0.417027
0.0,30,0.417746
0.0,11,0.418042
0.0,2,0.41815
0.0,4,0.418302
0.0,4,0.418454
0.0,20,0.418965
0.0,7,0.419178
0.0,13,0.419524
0.0,18,0.420024
0.0,2,0.420128
0.0,6,0.420316
0.0,6,0.420509
0.0,8,0.420761
0.0,29,0.421451
0.0,15,0.421854
0.0,6,0.422047
0.0,14,0.422403
0.0,26,0.423032
0.0,10,0.423305
0.0,2,0.423408
0.0,6,0.423603
0.0,8,0.423853
0.0,10,0.424133
0.0,7,0.424357
0.0,2,0.42446
0.0,7,0.424684
0.0,5,0.424855
0.0,7,0.425071
0.0,6,0.42526
0.0,3,0.425383
0.0,4,0.425527
0.0,1,0.425604
0.0,12,0.42593
0.0,5,0.426103
0.0,4,0.426249
0.0,48,0.42736
0.0,21,0.427896
0.0,13,0.428238
0.0,4,0.428385
0.0,3,0.428509
0.0,7,0.428729
0.0,1,0.428807
0.0,4,0.428962
0.0,9,0.429223
0.0,2,0.429325
0.0,1,0.429402
0.0,19,0.42989
0.0,8,0.430124
0.0,1,0.430201
0.0,9,0.430454
0.0,16,0.43088
0.0,15,0.43127
0.0,3,0.431394
0.0,8,0.431631
0.0,14,0.431998
0.0,7,0.432214
0.0,7,0.432431
0.0,7,0.432642
0.0,4,0.432797
0.0,4,0.432951
0.0,1,0.43303
0.0,2,0.433136
0.0,2,0.433238
0.0,9,0.433496
0.0,6,0.433699
0.0,40,0.434629
0.0,12,0.434958
0.0,2,0.435061
0.0,2,0.435171
0.0,7,0.435389
0.0,1,0.435467
0.0,4,0.435613
0.0,21,0.436152
0.0,11,0.43645
0.0,3,0.436579
0.0,10,0.436872
0.0,8,0.437106
0.0,6,0.437295
0.0,5,0.437472
0.0,9,0.43776
0.0,2,0.437882
0.0,5,0.438056
0.0,5,0.438223
0.0,12,0.43854
0.0,5,0.438718
0.0,19,0.43919
0.0,13,0.439539
0.0,6,0.439746
0.0,15,0.440129
0.0,5,0.440298
0.0,21,0.440823
0.0,4,0.440979
0.0,14,0.441354
0.0,3,0.44148
0.0,22,0.442026
0.0,6,0.442217
0.0,1,0.442298
0.0,9,0.442557
0.0,10,0.442854
0.0,8,0.443087
0.0,40,0.444028
0.0,7,0.44424
0.0,6,0.444439
0.0,5,0.444609
0.0,6,0.444808
0.0,8,0.445045
0.0,1,0.44515
0.0,13,0.445507
0.0,3,0.445639
0.0,16,0.446061
0.0,1,0.446145
0.0,5,0.446321
0.0,11,0.446638
0.0,6,0.446837
0.0,4,0.446984
0.0,7,0.447205
0.0,2,0.447317
0.0,4,0.447463
0.0,5,0.44763
0.0,7,0.447855
0.0,10,0.448132
0.0,8,0.448363
0.0,6,0.448552
0.0,5,0.44873
0.0,11,0.449026
0.0,6,0.449214
0.0,11,0.449522
0.0,2,0.44963
0.0,7,0.449852
0.0,3,0.449984
0.0,21,0.450495
1.0,24,0.45109
0.0,5,0.45126
0.0,19,0.451744
0.0,23,0.4523
0.0,6,0.45249
0.0,5,0.452662
0.0,15,0.453096
0.0,20,0.453595
0.0,4,0.453759
0.0,2,0.453869
0.0,3,0.453994
0.0,1,0.454072
0.0,2,0.454173
1.0,11,0.454467
0.0,22,0.455015
0.0,31,0.455758
0.0,4,0.455927
0.0,5,0.456101
0.0,8,0.45634
0.0,7,0.45656
0.0,13,0.45693
0.0,7,0.457154
0.0,2,0.457256
0.0,1,0.457333
0.0,2,0.457438
0.0,1,0.457515
0.0,8,0.457762
0.0,6,0.457953
0.0,4,0.458103
0.0,6,0.458292
0.0,5,0.45846
0.0,6,0.458658
0.0,10,0.458948
0.0,4,0.459095
0.0,1,0.459176
0.0,3,0.459302
0.0,1,0.459383
0.0,4,0.45953
0.0,11,0.45985
0.0,5,0.460025
0.0,3,0.460149
0.0,5,0.460314
0.0,16,0.460743
0.0,6,0.460944
0.0,1,0.461023
0.0,6,0.461222
0.0,8,0.461459
0.0,13,0.461814
0.0,8,0.462048
0.0,10,0.462329
0.0,5,0.462501
0.0,8,0.462746
0.0,21,0.46327
0.0,9,0.463533
0.0,12,0.46387
0.0,14,0.464236
0.0,14,0.464604
0.0,5,0.464791
0.0,9,0.465047
0.0,16,0.465461
0.0,2,0.465569
0.0,12,0.465902
0.0,3,0.466029
0.0,1,0.466105
0.0,9,0.466366
0.0,9,0.466619
0.0,7,0.466851
0.0,4,0.467007
0.0,5,0.46718
0.0,10,0.467456
0.0,4,0.467606
0.0,4,0.467762
0.0,5,0.46794
0.0,26,0.46857
0.0,4,0.468728
0.0,5,0.468902
0.0,2,0.469005
0.0,6,0.469198
0.0,6,0.469388
0.0,7,0.469607
0.0,5,0.469786
0.0,36,0.470643
0.0,13,0.470993
0.0,13,0.471346
0.0,10,0.471621
0.0,7,0.471842
0.0,1,0.471921
0.0,5,0.47209
0.0,11,0.472395
0.0,8,0.472627
0.0,34,0.473423
0.0,3,0.473553
0.0,6,0.473754
0.0,40,0.474683
0.0,8,0.474918
0.0,2,0.475024
0.0,35,0.47584
0.0,6,0.476041
0.0,6,0.476239
0.0,7,0.476458
0.0,7,0.476668
0.0,3,0.476805
0.0,15,0.477201
0.0,1,0.477279
0.0,2,0.477381
0.0,15,0.477782
0.0,3,0.477914
0.0,5,0.478081
0.0,5,0.478256
0.0,2,0.478359
0.0,2,0.47846
0.0,6,0.478648
0.0,5,0.478822
0.0,11,0.479127
0.0,12,0.479456
0.0,15,0.479856
0.0,6,0.480052
0.0,10,0.480337
0.0,8,0.480571
0.0,1,0.480651
0.0,15,0.481051
0.0,3,0.481177
0.0,1,0.481256
0.0,17,0.481685
0.0,7,0.481897
0.0,8,0.482135
0.0,5,0.482308
0.0,3,0.482432
0.0,9,0.482702
0.0,8,0.482935
0.0,13,0.483287
0.0,3,0.483417
0.0,11,0.483725
0.0,3,0.48385
0.0,9,0.484102
0.0,5,0.484267
0.0,24,0.484856
0.0,4,0.485007
0.0,4,0.485153
0.0,6,0.485348
0.0,6,0.485544
0.0,8,0.485787
0.0,8,0.48603
0.0,9,0.486292
0.0,9,0.486556
0.0,11,0.486876
0.0,1,0.486956
0.0,7,0.48717
0.0,7,0.48739
0.0,1,0.487469
0.0,5,0.487642
0.0,19,0.488136
0.0,3,0.48827
0.0,2,0.488373
0.0,5,0.48854
0.0,6,0.488745
0.0,5,0.488925
0.0,8,0.489158
0.0,5,0.489324
0.0,5,0.4895
0.0,6,0.489702
0.0,2,0.489812
0.0,6,0.490002
0.0,4,0.490147
0.0,6,0.49034
0.0,14,0.490721
0.0,5,0.490891
0.0,11,0.49119
0.0,15,0.491582
0.0,4,0.491746
0.0,9,0.492006
0.0,7,0.492223
0.0,1,0.492306
0.0,5,0.492475
0.0,10,0.492766
0.0,1,0.49285
0.0,5,0.493026
0.0,6,0.493214
0.0,10,0.493492
0.0,3,0.493617
0.0,6,0.493829
0.0,4,0.493977
0.0,3,0.494101
0.0,5,0.494282
0.0,1,0.494361
0.0,12,0.4947
0.0,3,0.494833
0.0,2,0.494936
0.0,4,0.495092
0.0,1,0.495184
0.0,5,0.49537
0.0,4,0.495525
0.0,3,0.495649
0.0,3,0.495782
0.0,28,0.49645
0.0,5,0.496619
0.0,4,0.49678
0.0,1,0.49686
0.0,43,0.497884
0.0,3,0.498013
0.0,4,0.498159
0.0,1,0.498237
0.0,3,0.498369
0.0,7,0.498588
0.0,5,0.498774
0.0,3,0.498901
0.0,10,0.499183
0.0,6,0.499386
0.0,1,0.499468
0.0,6,0.499662
0.0,14,0.500041
0.0,2,0.500149
0.0,4,0.500297
0.0,7,0.500515
0.0,32,0.501287
0.0,9,0.501543
0.0,1,0.50162
