#{"t_start": 1522146530.475352, "env_id": "MyFrozenLake-v0"}
r,l,t
0.0,2,0.007698
0.0,21,0.008514
0.0,5,0.00878
0.0,5,0.009025
0.0,3,0.009202
0.0,3,0.00938
0.0,11,0.009819
0.0,1,0.009939
0.0,18,0.010585
0.0,7,0.010918
0.0,7,0.011239
0.0,19,0.011953
0.0,18,0.012603
0.0,25,0.013497
0.0,16,0.014108
0.0,2,0.014263
0.0,13,0.014776
0.0,31,0.015857
0.0,15,0.016417
0.0,5,0.016656
0.0,4,0.016877
0.0,12,0.017335
0.0,11,0.017784
0.0,5,0.018037
0.0,5,0.018277
0.0,16,0.018867
0.0,12,0.019345
0.0,9,0.019719
0.0,16,0.020309
0.0,4,0.020518
0.0,9,0.020903
0.0,3,0.021083
0.0,4,0.02129
0.0,4,0.021496
0.0,19,0.022194
0.0,23,0.023022
0.0,26,0.023905
0.0,9,0.024262
0.0,18,0.024898
0.0,2,0.025044
1.0,19,0.025699
0.0,15,0.026244
0.0,17,0.026845
0.0,11,0.027258
0.0,6,0.027527
1.0,49,0.029093
0.0,6,0.029358
0.0,11,0.029776
0.0,7,0.030072
0.0,18,0.030701
0.0,10,0.031101
1.0,10,0.031485
0.0,24,0.032295
0.0,22,0.03305
0.0,8,0.033373
0.0,12,0.033809
0.0,3,0.033972
0.0,27,0.034838
0.0,2,0.034979
0.0,12,0.035408
0.0,15,0.035924
0.0,19,0.036546
0.0,5,0.036779
0.0,10,0.037151
0.0,2,0.037289
1.0,8,0.037593
0.0,3,0.03777
0.0,12,0.038199
0.0,25,0.038999
0.0,10,0.039359
0.0,3,0.039519
0.0,9,0.039869
0.0,2,0.040005
0.0,1,0.040113
0.0,8,0.04043
0.0,4,0.040621
0.0,27,0.041477
1.0,23,0.042236
0.0,5,0.042464
0.0,14,0.042983
0.0,3,0.043141
0.0,20,0.043765
0.0,5,0.043975
1.0,14,0.04444
0.0,19,0.045042
1.0,23,0.045758
0.0,7,0.046027
1.0,15,0.046522
0.0,4,0.046711
0.0,7,0.046992
1.0,14,0.047453
0.0,1,0.047554
0.0,2,0.047683
0.0,19,0.048304
0.0,52,0.04983
0.0,6,0.050071
0.0,7,0.050344
1.0,15,0.050843
0.0,12,0.051244
0.0,11,0.051627
0.0,6,0.051876
1.0,31,0.052804
0.0,12,0.053206
1.0,14,0.053643
0.0,31,0.054549
0.0,2,0.054674
1.0,26,0.05544
0.0,15,0.05593
1.0,14,0.056369
0.0,9,0.056681
0.0,10,0.057033
0.0,6,0.057273
1.0,23,0.057955
0.0,1,0.058053
0.0,7,0.058318
0.0,29,0.059165
0.0,14,0.059611
1.0,9,0.059948
0.0,4,0.060133
0.0,10,0.060476
0.0,9,0.060793
0.0,4,0.06097
0.0,20,0.06156
0.0,11,0.061928
0.0,10,0.06227
0.0,3,0.062419
0.0,1,0.06251
0.0,4,0.062698
1.0,20,0.063241
0.0,5,0.063405
1.0,19,0.063897
1.0,13,0.064236
1.0,20,0.064741
0.0,17,0.065166
0.0,7,0.065374
0.0,8,0.065604
0.0,11,0.065905
0.0,1,0.065985
0.0,13,0.06633
1.0,7,0.066536
0.0,3,0.06666
0.0,4,0.066834
1.0,33,0.0676
0.0,7,0.067815
0.0,16,0.068209
1.0,13,0.068547
1.0,21,0.069058
0.0,1,0.069137
0.0,31,0.069901
0.0,16,0.070297
0.0,8,0.070521
0.0,15,0.070916
0.0,21,0.071442
0.0,15,0.071833
0.0,25,0.072411
0.0,4,0.072558
0.0,1,0.072635
0.0,45,0.073678
0.0,9,0.073941
0.0,1,0.074023
1.0,23,0.074603
0.0,36,0.075434
1.0,30,0.076157
1.0,9,0.076411
0.0,5,0.076577
1.0,10,0.076863
0.0,17,0.077282
0.0,14,0.077637
0.0,16,0.078042
1.0,10,0.078309
0.0,1,0.078387
0.0,10,0.078671
1.0,23,0.079254
0.0,9,0.079504
0.0,2,0.07961
0.0,3,0.079746
0.0,3,0.07987
0.0,15,0.080276
0.0,16,0.080676
0.0,20,0.081162
0.0,16,0.081551
0.0,12,0.081904
0.0,5,0.082068
0.0,3,0.082191
0.0,3,0.082311
1.0,12,0.082628
0.0,9,0.082891
0.0,6,0.083081
0.0,4,0.083223
0.0,24,0.083803
0.0,15,0.084184
0.0,3,0.084309
0.0,1,0.084385
0.0,16,0.08481
0.0,18,0.085254
0.0,5,0.085415
0.0,19,0.085889
0.0,15,0.086264
1.0,11,0.086559
0.0,14,0.086925
0.0,22,0.087439
0.0,20,0.087961
0.0,6,0.088156
1.0,21,0.088657
0.0,32,0.089406
1.0,38,0.090273
0.0,28,0.090963
0.0,3,0.091086
0.0,6,0.091269
1.0,12,0.091585
0.0,21,0.092099
0.0,18,0.092536
0.0,26,0.093154
0.0,6,0.093339
0.0,13,0.093665
0.0,8,0.093926
0.0,2,0.094026
1.0,57,0.095294
1.0,16,0.0957
1.0,23,0.096262
1.0,12,0.096581
0.0,22,0.09714
0.0,23,0.097679
0.0,9,0.097944
0.0,2,0.098047
0.0,13,0.098378
0.0,3,0.098502
1.0,44,0.099498
0.0,7,0.099711
0.0,19,0.100199
0.0,7,0.100411
0.0,2,0.100516
0.0,6,0.10071
0.0,5,0.100884
0.0,8,0.101117
1.0,32,0.101851
1.0,26,0.102461
0.0,11,0.102782
0.0,5,0.102971
0.0,17,0.103387
0.0,1,0.103466
1.0,15,0.103862
1.0,8,0.104089
0.0,3,0.104207
0.0,2,0.10431
0.0,4,0.104474
0.0,10,0.104762
0.0,15,0.105138
1.0,14,0.105487
0.0,29,0.106193
0.0,11,0.106493
0.0,5,0.106661
0.0,9,0.106929
0.0,22,0.107455
0.0,6,0.107644
1.0,11,0.108035
0.0,1,0.108119
0.0,4,0.108269
0.0,35,0.109081
0.0,10,0.10935
0.0,19,0.109827
0.0,3,0.109955
0.0,12,0.110271
1.0,13,0.11061
0.0,15,0.110993
0.0,5,0.111163
0.0,15,0.111543
0.0,11,0.111844
0.0,7,0.112055
0.0,8,0.112285
0.0,2,0.112392
0.0,5,0.112556
0.0,2,0.112653
0.0,25,0.113245
1.0,33,0.114005
0.0,34,0.114768
1.0,14,0.115124
0.0,16,0.115522
0.0,2,0.115627
0.0,14,0.115992
1.0,9,0.116239
0.0,9,0.116489
0.0,22,0.117033
0.0,6,0.117224
0.0,19,0.117692
0.0,13,0.118034
0.0,5,0.118203
0.0,6,0.118387
0.0,2,0.11849
0.0,11,0.11879
0.0,4,0.118938
0.0,3,0.119064
0.0,3,0.11919
0.0,40,0.120109
0.0,13,0.12045
1.0,24,0.12103
0.0,5,0.121199
0.0,20,0.121682
0.0,3,0.121817
0.0,4,0.12196
0.0,8,0.122197
0.0,4,0.122343
0.0,33,0.123101
1.0,25,0.123697
0.0,1,0.123795
1.0,10,0.124082
0.0,28,0.124744
1.0,8,0.12497
0.0,2,0.125072
0.0,2,0.125171
0.0,4,0.125314
1.0,11,0.125608
0.0,18,0.126051
0.0,10,0.126326
1.0,10,0.1266
0.0,15,0.126991
0.0,13,0.127326
0.0,4,0.127472
1.0,21,0.127997
0.0,30,0.128696
0.0,13,0.129042
0.0,21,0.129541
0.0,8,0.129775
0.0,4,0.129917
0.0,2,0.130015
1.0,6,0.130207
0.0,13,0.130536
0.0,3,0.130656
0.0,10,0.13094
0.0,24,0.131511
0.0,4,0.131653
0.0,4,0.131803
0.0,14,0.13216
0.0,4,0.132307
0.0,7,0.132519
0.0,1,0.132595
0.0,2,0.132695
0.0,3,0.132827
1.0,27,0.133451
0.0,26,0.134073
1.0,10,0.134357
1.0,7,0.134562
0.0,6,0.134762
1.0,26,0.135372
0.0,27,0.136016
0.0,1,0.136098
0.0,16,0.136496
0.0,11,0.136809
0.0,23,0.137359
0.0,19,0.137832
0.0,8,0.138065
1.0,14,0.138422
0.0,15,0.138804
0.0,17,0.139232
0.0,9,0.139484
0.0,1,0.139564
0.0,11,0.13988
0.0,13,0.140223
0.0,1,0.140303
0.0,1,0.140381
0.0,26,0.141014
0.0,6,0.141207
0.0,4,0.141355
0.0,20,0.141878
0.0,12,0.142195
0.0,6,0.14238
0.0,3,0.142499
0.0,11,0.142797
0.0,16,0.143198
0.0,4,0.143348
0.0,8,0.143579
0.0,12,0.143897
0.0,2,0.144004
1.0,26,0.144614
1.0,13,0.144958
0.0,13,0.145301
0.0,1,0.145378
0.0,2,0.145478
0.0,4,0.145626
0.0,4,0.145785
0.0,2,0.145891
0.0,24,0.146459
0.0,5,0.146627
0.0,15,0.147017
0.0,1,0.147099
0.0,4,0.147243
1.0,38,0.148141
0.0,13,0.148475
1.0,14,0.148847
0.0,11,0.149141
0.0,62,0.150504
0.0,14,0.150865
1.0,22,0.151376
0.0,32,0.152116
1.0,27,0.15275
0.0,1,0.152832
1.0,14,0.15319
0.0,16,0.153585
0.0,1,0.153661
0.0,3,0.153796
0.0,28,0.154447
1.0,18,0.154894
0.0,7,0.1551
1.0,6,0.155293
0.0,8,0.155523
0.0,21,0.156041
0.0,5,0.156217
0.0,8,0.156446
1.0,7,0.156651
1.0,11,0.156947
0.0,10,0.157221
0.0,23,0.15778
0.0,8,0.158015
0.0,10,0.158288
1.0,17,0.158705
0.0,11,0.159011
0.0,3,0.159133
0.0,3,0.159261
1.0,18,0.159705
0.0,18,0.160162
0.0,20,0.160646
0.0,2,0.160759
0.0,5,0.160924
1.0,9,0.16117
0.0,21,0.161674
0.0,4,0.161828
1.0,23,0.162385
0.0,1,0.162461
0.0,19,0.162934
0.0,5,0.163097
1.0,20,0.163579
0.0,4,0.163733
0.0,20,0.164212
1.0,20,0.164697
0.0,6,0.164899
0.0,1,0.164976
1.0,21,0.165483
1.0,11,0.165791
0.0,15,0.16618
0.0,23,0.166737
0.0,15,0.167117
0.0,8,0.167341
0.0,9,0.167585
1.0,15,0.167979
0.0,13,0.168319
0.0,8,0.168553
0.0,4,0.168696
0.0,11,0.169007
0.0,9,0.169261
0.0,1,0.169341
0.0,10,0.16962
0.0,6,0.169819
1.0,18,0.170263
1.0,12,0.17058
1.0,8,0.170817
0.0,20,0.171292
1.0,26,0.171909
0.0,4,0.172058
0.0,6,0.172243
0.0,24,0.172817
0.0,10,0.173096
1.0,16,0.173494
0.0,4,0.173639
1.0,24,0.174221
0.0,35,0.175033
0.0,2,0.175136
0.0,26,0.175754
0.0,22,0.176276
0.0,3,0.176407
0.0,9,0.176664
0.0,14,0.177034
0.0,11,0.177322
0.0,5,0.177491
0.0,15,0.177882
0.0,2,0.177988
0.0,6,0.178173
0.0,13,0.178514
0.0,2,0.178613
0.0,10,0.178931
1.0,14,0.179291
1.0,34,0.180067
1.0,17,0.180491
0.0,10,0.180765
0.0,6,0.180955
1.0,28,0.181602
1.0,9,0.181892
0.0,19,0.182346
0.0,7,0.182552
0.0,14,0.182917
0.0,24,0.183481
0.0,2,0.183582
1.0,27,0.184227
0.0,12,0.184543
0.0,6,0.18474
0.0,11,0.185039
0.0,4,0.185199
0.0,10,0.185469
0.0,13,0.185816
0.0,16,0.186221
0.0,7,0.18643
0.0,4,0.186579
0.0,11,0.186881
0.0,13,0.187222
0.0,4,0.187373
0.0,10,0.187649
0.0,7,0.187869
0.0,6,0.18806
0.0,3,0.188184
0.0,26,0.18882
0.0,8,0.18906
0.0,4,0.189203
0.0,13,0.189539
0.0,10,0.189827
1.0,6,0.190013
0.0,20,0.190496
0.0,2,0.1906
1.0,11,0.19091
0.0,1,0.19099
0.0,11,0.191293
0.0,3,0.19142
0.0,6,0.191606
0.0,5,0.19178
0.0,9,0.192038
0.0,3,0.192161
0.0,3,0.192285
0.0,3,0.192411
0.0,13,0.192755
0.0,4,0.192901
0.0,14,0.19325
0.0,5,0.193413
1.0,6,0.193597
0.0,10,0.193878
0.0,4,0.194028
0.0,23,0.194564
0.0,12,0.194891
0.0,31,0.195614
1.0,29,0.196291
0.0,2,0.196397
0.0,1,0.196478
0.0,9,0.196739
0.0,41,0.19768
0.0,3,0.197818
0.0,4,0.197968
0.0,18,0.198406
0.0,36,0.199246
0.0,8,0.199487
0.0,30,0.200181
0.0,8,0.200414
0.0,9,0.200669
0.0,14,0.201043
0.0,3,0.201167
0.0,1,0.201247
1.0,16,0.201648
0.0,10,0.201925
0.0,6,0.20211
0.0,3,0.202235
1.0,9,0.202483
0.0,29,0.203191
0.0,2,0.203297
0.0,3,0.20342
0.0,1,0.203497
0.0,2,0.203601
0.0,25,0.204204
1.0,8,0.204439
0.0,5,0.204608
0.0,8,0.204856
1.0,15,0.205242
0.0,8,0.205474
0.0,2,0.205573
0.0,8,0.205815
0.0,7,0.206021
0.0,19,0.206471
0.0,4,0.206617
0.0,3,0.206753
0.0,3,0.206877
1.0,38,0.207746
0.0,10,0.208082
1.0,9,0.208336
0.0,8,0.208561
0.0,8,0.208804
0.0,6,0.208991
1.0,6,0.209173
0.0,15,0.209552
0.0,12,0.209877
1.0,13,0.210207
0.0,13,0.21054
0.0,4,0.210688
0.0,11,0.210994
0.0,1,0.211075
1.0,14,0.211425
0.0,6,0.211613
0.0,3,0.211743
0.0,5,0.211907
1.0,34,0.212679
0.0,6,0.212879
0.0,5,0.213042
0.0,1,0.213116
0.0,21,0.213614
0.0,8,0.213856
0.0,23,0.214407
1.0,6,0.214592
0.0,9,0.214854
1.0,7,0.215068
0.0,12,0.215382
0.0,6,0.215569
0.0,7,0.215796
0.0,5,0.215965
0.0,4,0.216113
0.0,2,0.216213
0.0,12,0.21652
0.0,3,0.216644
1.0,20,0.21714
0.0,2,0.217241
0.0,1,0.217315
0.0,4,0.217456
0.0,21,0.21799
0.0,23,0.218522
0.0,13,0.218869
0.0,6,0.219053
0.0,18,0.219486
1.0,23,0.22004
0.0,4,0.220186
0.0,10,0.220457
0.0,2,0.22056
0.0,13,0.220915
1.0,10,0.221189
0.0,2,0.221288
0.0,5,0.221455
0.0,3,0.221582
0.0,17,0.222021
1.0,34,0.222815
0.0,21,0.223322
0.0,15,0.223691
1.0,17,0.224117
0.0,7,0.22433
0.0,13,0.224656
1.0,32,0.225388
0.0,18,0.225826
0.0,1,0.225907
1.0,22,0.226426
1.0,12,0.226741
0.0,21,0.22724
0.0,6,0.227422
1.0,7,0.227631
0.0,2,0.227742
1.0,25,0.228325
0.0,4,0.228471
0.0,7,0.228678
0.0,17,0.229102
0.0,15,0.229471
0.0,13,0.229819
0.0,6,0.230005
0.0,2,0.230103
0.0,5,0.230269
0.0,11,0.230557
0.0,11,0.230861
0.0,1,0.230941
0.0,6,0.231124
0.0,1,0.231203
1.0,15,0.231581
0.0,5,0.231757
0.0,2,0.231858
0.0,5,0.232025
0.0,1,0.232105
0.0,6,0.23229
0.0,27,0.232935
1.0,44,0.233939
0.0,8,0.234177
1.0,12,0.234491
1.0,25,0.235085
0.0,25,0.235673
0.0,17,0.236094
0.0,1,0.236171
0.0,20,0.236658
0.0,1,0.236747
0.0,6,0.236933
0.0,8,0.237161
1.0,38,0.238039
0.0,1,0.238118
0.0,11,0.238418
0.0,26,0.239038
0.0,11,0.239329
1.0,12,0.239638
1.0,17,0.240065
0.0,6,0.240255
0.0,4,0.240396
1.0,13,0.240739
0.0,4,0.240886
0.0,1,0.240965
0.0,27,0.241595
0.0,22,0.242165
1.0,14,0.242517
0.0,6,0.242704
1.0,38,0.243566
0.0,2,0.24367
0.0,10,0.243953
0.0,5,0.244116
0.0,14,0.244464
0.0,35,0.245269
1.0,9,0.245518
0.0,7,0.245728
1.0,26,0.246332
0.0,4,0.246473
1.0,7,0.246674
0.0,31,0.247399
0.0,1,0.247477
0.0,1,0.247552
0.0,3,0.247678
0.0,14,0.248068
1.0,19,0.248529
0.0,10,0.248808
0.0,11,0.249098
1.0,13,0.249439
0.0,10,0.249714
0.0,6,0.249911
1.0,9,0.250162
0.0,10,0.250426
0.0,2,0.250523
0.0,13,0.250872
0.0,4,0.251019
0.0,16,0.25143
0.0,13,0.251776
0.0,3,0.25193
0.0,6,0.252116
1.0,11,0.252413
0.0,4,0.252558
0.0,17,0.252988
1.0,14,0.253339
0.0,8,0.253561
0.0,15,0.253952
0.0,30,0.254648
0.0,3,0.254785
0.0,3,0.254908
1.0,43,0.255883
0.0,23,0.256437
0.0,17,0.256859
0.0,24,0.257416
1.0,44,0.258422
0.0,4,0.258565
0.0,2,0.258664
0.0,4,0.258815
1.0,10,0.259085
0.0,13,0.259421
0.0,13,0.25977
0.0,6,0.259961
0.0,30,0.260654
0.0,10,0.26094
0.0,14,0.261303
0.0,9,0.261551
0.0,5,0.261714
0.0,6,0.261906
0.0,5,0.262075
0.0,6,0.262263
0.0,7,0.262481
1.0,14,0.262849
0.0,2,0.26295
0.0,7,0.263162
0.0,21,0.263668
0.0,19,0.264136
0.0,4,0.264286
0.0,19,0.264755
0.0,14,0.265104
0.0,11,0.265393
0.0,18,0.265844
0.0,21,0.266348
0.0,18,0.266796
0.0,13,0.267128
0.0,13,0.267456
0.0,8,0.267686
1.0,15,0.268067
0.0,5,0.268237
0.0,1,0.268313
0.0,9,0.268563
0.0,9,0.268817
0.0,3,0.268943
0.0,4,0.269085
0.0,15,0.269456
0.0,7,0.26967
0.0,12,0.27
0.0,10,0.270278
0.0,23,0.270835
0.0,1,0.270914
0.0,35,0.271711
0.0,10,0.27199
0.0,4,0.272133
1.0,11,0.272419
0.0,27,0.273063
1.0,31,0.273779
1.0,36,0.274594
0.0,4,0.274747
0.0,12,0.27506
0.0,5,0.275223
0.0,5,0.275385
0.0,6,0.275567
0.0,49,0.276662
0.0,7,0.276882
1.0,7,0.277092
0.0,9,0.277347
0.0,1,0.277424
0.0,10,0.277696
1.0,47,0.278765
1.0,38,0.27963
0.0,6,0.279829
1.0,22,0.280363
0.0,1,0.280443
0.0,5,0.280617
0.0,8,0.280853
0.0,6,0.281043
0.0,15,0.281419
0.0,3,0.281539
0.0,9,0.281802
0.0,2,0.281908
0.0,8,0.282135
0.0,8,0.282364
0.0,8,0.282602
0.0,8,0.282845
0.0,12,0.283158
1.0,13,0.283486
1.0,28,0.284143
0.0,11,0.284437
0.0,37,0.285301
0.0,6,0.285491
0.0,14,0.285861
0.0,15,0.286237
0.0,42,0.287175
0.0,11,0.287469
0.0,9,0.287719
0.0,8,0.287955
0.0,28,0.288594
1.0,20,0.289087
0.0,4,0.289231
0.0,16,0.289626
0.0,27,0.290269
0.0,3,0.290392
0.0,2,0.290491
1.0,10,0.290765
0.0,9,0.291039
0.0,1,0.291133
1.0,22,0.291659
0.0,6,0.291854
0.0,7,0.292068
0.0,18,0.292511
1.0,10,0.292795
0.0,6,0.29299
0.0,10,0.293258
0.0,11,0.293555
0.0,10,0.293833
1.0,8,0.294065
0.0,2,0.294164
0.0,10,0.294435
0.0,4,0.294577
0.0,7,0.294797
0.0,11,0.295095
0.0,1,0.295171
0.0,10,0.295438
0.0,3,0.295562
0.0,11,0.295891
0.0,8,0.296125
0.0,1,0.296202
0.0,1,0.29628
0.0,18,0.296715
0.0,10,0.296999
1.0,17,0.297422
0.0,5,0.297584
0.0,6,0.297786
0.0,1,0.297868
0.0,14,0.298225
0.0,1,0.298301
0.0,13,0.298633
0.0,18,0.299108
0.0,15,0.299487
0.0,16,0.299887
0.0,4,0.300038
0.0,4,0.300185
0.0,1,0.300264
0.0,22,0.300807
1.0,18,0.301253
0.0,24,0.30183
0.0,26,0.302442
0.0,2,0.302542
0.0,48,0.303631
0.0,16,0.304047
0.0,5,0.304212
0.0,15,0.304601
0.0,27,0.305242
0.0,6,0.305432
0.0,15,0.305809
0.0,2,0.30591
0.0,12,0.306227
0.0,2,0.306332
0.0,20,0.306828
0.0,12,0.30714
0.0,1,0.307214
0.0,7,0.307423
0.0,4,0.30757
0.0,1,0.307647
0.0,11,0.30795
0.0,18,0.308465
1.0,39,0.309354
0.0,16,0.309769
0.0,39,0.310649
0.0,32,0.311402
0.0,9,0.311662
1.0,7,0.311907
0.0,5,0.312079
0.0,14,0.312439
0.0,4,0.312581
0.0,13,0.312934
0.0,21,0.313445
0.0,35,0.314247
0.0,7,0.314453
0.0,4,0.3146
1.0,14,0.314977
0.0,14,0.315339
0.0,3,0.315464
0.0,5,0.315628
0.0,1,0.315706
0.0,8,0.315943
0.0,18,0.31639
0.0,3,0.316511
0.0,29,0.317177
1.0,11,0.317472
0.0,10,0.317747
0.0,1,0.317824
0.0,4,0.317965
0.0,1,0.318043
1.0,45,0.319066
1.0,21,0.319571
0.0,1,0.319647
0.0,13,0.319993
0.0,4,0.320136
0.0,3,0.320256
0.0,15,0.320627
0.0,6,0.320826
0.0,7,0.321033
1.0,31,0.32175
0.0,5,0.321921
0.0,45,0.322937
0.0,25,0.323529
0.0,27,0.324195
0.0,11,0.324488
0.0,17,0.324917
0.0,2,0.325021
0.0,7,0.325232
0.0,3,0.325359
0.0,2,0.325459
0.0,1,0.325534
1.0,19,0.326013
1.0,12,0.326329
0.0,4,0.326475
0.0,3,0.3266
0.0,5,0.326778
1.0,10,0.327053
0.0,12,0.327361
1.0,24,0.327937
0.0,13,0.328265
0.0,14,0.328614
0.0,4,0.32877
0.0,8,0.329002
0.0,32,0.329747
0.0,35,0.330535
1.0,21,0.331057
0.0,5,0.33122
0.0,32,0.331961
0.0,21,0.332467
0.0,7,0.332669
0.0,4,0.332819
0.0,31,0.333535
0.0,2,0.333639
0.0,12,0.333959
0.0,21,0.334455
0.0,19,0.334932
0.0,10,0.335205
0.0,10,0.335483
0.0,3,0.335604
0.0,4,0.335753
0.0,10,0.336024
0.0,1,0.336102
0.0,4,0.336252
0.0,4,0.336398
0.0,13,0.336735
0.0,18,0.337173
0.0,18,0.337606
1.0,8,0.33784
0.0,7,0.338053
0.0,5,0.338222
0.0,6,0.338405
1.0,20,0.338928
0.0,4,0.339076
0.0,24,0.339647
0.0,6,0.339842
0.0,3,0.339969
0.0,10,0.340242
0.0,8,0.340472
0.0,7,0.34068
0.0,12,0.341006
0.0,7,0.341218
0.0,3,0.341343
0.0,10,0.341612
0.0,14,0.341978
1.0,17,0.342402
0.0,27,0.343064
1.0,10,0.343338
0.0,9,0.343583
0.0,34,0.344373
0.0,20,0.344862
0.0,8,0.345095
0.0,19,0.345555
0.0,8,0.345798
0.0,25,0.346388
0.0,4,0.346529
0.0,10,0.346813
0.0,10,0.34708
0.0,14,0.347434
0.0,11,0.347727
0.0,16,0.348134
0.0,24,0.348702
0.0,7,0.348924
0.0,11,0.349212
0.0,17,0.349618
0.0,2,0.349716
0.0,11,0.35003
0.0,14,0.350388
0.0,4,0.35053
0.0,1,0.350605
0.0,1,0.350679
0.0,29,0.351357
0.0,2,0.351457
0.0,8,0.351681
0.0,1,0.351767
1.0,15,0.35215
0.0,5,0.35232
1.0,16,0.352718
0.0,14,0.35311
1.0,19,0.353568
0.0,12,0.353891
0.0,9,0.354138
0.0,36,0.354955
0.0,9,0.355202
1.0,8,0.355424
1.0,18,0.35587
0.0,20,0.356356
0.0,8,0.356584
0.0,4,0.356736
0.0,10,0.357015
0.0,9,0.357267
0.0,4,0.357414
0.0,2,0.357512
0.0,14,0.35788
1.0,10,0.35815
0.0,7,0.358353
0.0,10,0.358616
0.0,13,0.358954
0.0,21,0.35946
1.0,8,0.359684
1.0,12,0.360005
0.0,2,0.360108
0.0,15,0.360486
0.0,20,0.36098
0.0,11,0.361275
1.0,30,0.361978
1.0,67,0.363449
1.0,13,0.363799
0.0,23,0.364345
0.0,7,0.364557
1.0,16,0.36496
0.0,31,0.36567
1.0,15,0.366049
0.0,1,0.366124
0.0,7,0.366332
0.0,35,0.367133
1.0,12,0.36745
1.0,11,0.36776
0.0,2,0.36786
1.0,22,0.368387
1.0,12,0.368701
0.0,5,0.368897
0.0,12,0.369218
0.0,12,0.369537
0.0,5,0.369708
0.0,1,0.369794
0.0,9,0.370049
0.0,17,0.370471
1.0,27,0.3711
1.0,9,0.371359
0.0,12,0.371684
0.0,28,0.372346
0.0,4,0.37249
0.0,4,0.372631
0.0,40,0.373552
1.0,13,0.373898
0.0,2,0.373998
0.0,19,0.374449
0.0,1,0.374526
0.0,7,0.37475
1.0,11,0.375038
0.0,23,0.375578
0.0,16,0.375987
1.0,19,0.376451
1.0,13,0.376794
0.0,4,0.376937
1.0,28,0.377609
0.0,5,0.377812
1.0,13,0.378143
1.0,7,0.378345
0.0,21,0.378855
1.0,21,0.37935
0.0,11,0.379646
1.0,19,0.380115
0.0,8,0.380343
1.0,26,0.380963
0.0,1,0.381044
0.0,4,0.381188
0.0,8,0.381417
1.0,15,0.381805
0.0,8,0.382036
0.0,14,0.382397
0.0,6,0.382591
0.0,5,0.382772
0.0,10,0.383041
0.0,9,0.383292
0.0,14,0.383657
0.0,18,0.384105
0.0,1,0.384184
0.0,10,0.384456
1.0,27,0.385094
0.0,11,0.385391
1.0,8,0.385623
1.0,11,0.385926
0.0,4,0.386074
1.0,15,0.386456
0.0,22,0.386992
0.0,17,0.387412
0.0,7,0.387626
0.0,13,0.387975
0.0,2,0.388081
0.0,11,0.388375
0.0,3,0.388502
0.0,16,0.388916
0.0,1,0.388995
0.0,32,0.389752
1.0,13,0.390085
1.0,20,0.390566
0.0,4,0.390709
1.0,12,0.391031
1.0,50,0.392145
0.0,25,0.392749
0.0,7,0.392958
0.0,1,0.393038
0.0,4,0.393188
0.0,7,0.393394
0.0,3,0.393515
1.0,28,0.394182
0.0,1,0.39426
0.0,3,0.394391
0.0,3,0.394513
0.0,6,0.394711
0.0,9,0.394982
0.0,12,0.395302
0.0,6,0.395493
0.0,1,0.395569
0.0,22,0.396116
0.0,6,0.396311
0.0,10,0.396585
0.0,2,0.396685
0.0,14,0.397057
0.0,6,0.397244
0.0,14,0.3976
0.0,1,0.397677
0.0,14,0.398048
0.0,15,0.39843
0.0,7,0.398633
0.0,3,0.398764
0.0,4,0.398906
0.0,11,0.3992
0.0,4,0.399344
0.0,4,0.399491
0.0,4,0.399667
1.0,9,0.399938
0.0,2,0.400039
0.0,1,0.400115
0.0,3,0.400234
1.0,17,0.400654
0.0,8,0.400891
0.0,9,0.401142
0.0,6,0.401325
0.0,9,0.401577
0.0,10,0.401863
0.0,1,0.401945
0.0,3,0.402067
0.0,14,0.402432
0.0,8,0.402669
0.0,3,0.402804
0.0,15,0.403188
0.0,9,0.40344
0.0,2,0.403545
0.0,4,0.403688
0.0,3,0.403825
1.0,9,0.404081
0.0,2,0.404181
0.0,2,0.404281
0.0,8,0.404505
1.0,14,0.404877
0.0,3,0.405
0.0,2,0.405105
0.0,20,0.405591
0.0,5,0.405767
1.0,16,0.406169
0.0,2,0.40627
1.0,7,0.406482
0.0,3,0.406601
0.0,7,0.406826
0.0,5,0.407
1.0,19,0.407465
1.0,14,0.407851
0.0,4,0.407993
1.0,16,0.408463
0.0,3,0.408589
0.0,4,0.408747
0.0,11,0.409047
0.0,4,0.409189
0.0,5,0.409352
0.0,8,0.409582
0.0,1,0.409658
0.0,3,0.40979
0.0,4,0.409932
0.0,2,0.410035
0.0,8,0.410267
1.0,13,0.410601
1.0,22,0.411129
0.0,6,0.41132
0.0,1,0.4114
0.0,8,0.411636
0.0,5,0.411818
1.0,10,0.412088
0.0,2,0.41219
0.0,1,0.412269
0.0,4,0.412416
1.0,30,0.413125
0.0,28,0.41379
1.0,17,0.414207
0.0,39,0.415096
0.0,28,0.415746
0.0,17,0.416172
0.0,30,0.416867
0.0,10,0.417143
0.0,3,0.417272
0.0,2,0.417373
0.0,11,0.417664
0.0,7,0.417886
1.0,17,0.418304
0.0,36,0.419116
0.0,10,0.419384
0.0,31,0.420106
0.0,2,0.420213
0.0,17,0.420637
1.0,16,0.421051
0.0,7,0.421255
0.0,12,0.421569
0.0,11,0.421875
0.0,9,0.422129
0.0,7,0.422334
1.0,17,0.422765
0.0,25,0.423349
0.0,24,0.423932
0.0,2,0.424034
0.0,3,0.424161
0.0,3,0.424283
0.0,7,0.424497
0.0,5,0.424665
1.0,17,0.425087
1.0,29,0.425758
0.0,26,0.426364
0.0,21,0.426892
0.0,6,0.427087
0.0,25,0.427676
0.0,9,0.427936
0.0,19,0.428394
1.0,40,0.429307
0.0,8,0.429538
0.0,6,0.429729
0.0,10,0.430004
1.0,20,0.43048
0.0,7,0.430684
0.0,30,0.431387
1.0,8,0.431621
0.0,7,0.431861
0.0,20,0.432344
0.0,1,0.432421
1.0,7,0.432626
1.0,13,0.432971
0.0,18,0.43341
1.0,9,0.433657
0.0,7,0.433874
0.0,13,0.434206
1.0,45,0.435213
0.0,2,0.435318
0.0,15,0.435692
0.0,23,0.436259
0.0,4,0.436403
0.0,16,0.436801
1.0,14,0.437159
1.0,17,0.437566
1.0,12,0.43789
0.0,11,0.43819
0.0,2,0.438289
1.0,16,0.438679
0.0,29,0.439354
1.0,21,0.439873
1.0,16,0.440274
1.0,46,0.441308
0.0,4,0.441455
0.0,8,0.441692
0.0,48,0.442776
0.0,3,0.442904
1.0,25,0.443492
0.0,2,0.443594
0.0,37,0.444442
0.0,17,0.444871
0.0,3,0.444993
0.0,16,0.445386
0.0,20,0.445878
1.0,38,0.446756
0.0,15,0.447135
0.0,3,0.447257
0.0,2,0.447359
0.0,5,0.447528
1.0,17,0.447965
0.0,10,0.448238
0.0,13,0.448566
0.0,3,0.448686
0.0,10,0.448972
0.0,2,0.449073
0.0,13,0.449409
0.0,18,0.449861
0.0,1,0.449938
0.0,1,0.450016
0.0,7,0.450238
0.0,28,0.450908
0.0,5,0.451083
0.0,11,0.451382
0.0,4,0.451529
0.0,7,0.45174
1.0,39,0.452632
0.0,12,0.452959
0.0,12,0.453269
0.0,5,0.45343
0.0,23,0.453981
0.0,25,0.454566
0.0,16,0.454973
0.0,5,0.455143
0.0,37,0.455989
0.0,22,0.456504
0.0,3,0.456624
0.0,17,0.457043
1.0,17,0.457495
0.0,1,0.45757
0.0,7,0.457799
0.0,2,0.457901
0.0,13,0.458241
1.0,42,0.459234
0.0,10,0.459504
0.0,5,0.459671
1.0,23,0.460225
1.0,6,0.460416
0.0,21,0.460932
0.0,7,0.461152
1.0,6,0.461334
0.0,13,0.461673
0.0,17,0.462102
0.0,27,0.462737
0.0,3,0.46286
0.0,11,0.463181
0.0,17,0.463604
0.0,6,0.463808
0.0,5,0.463972
0.0,9,0.464226
0.0,4,0.464371
0.0,1,0.464449
0.0,7,0.464663
0.0,4,0.464813
0.0,13,0.465142
0.0,29,0.465823
0.0,9,0.466076
1.0,7,0.466281
0.0,14,0.466636
0.0,7,0.466856
1.0,14,0.467217
0.0,3,0.467341
1.0,6,0.467525
0.0,8,0.467764
0.0,5,0.467929
0.0,5,0.46809
0.0,20,0.468571
0.0,12,0.468891
0.0,4,0.469033
0.0,3,0.469157
0.0,1,0.469236
0.0,6,0.469425
1.0,10,0.469693
0.0,11,0.469995
1.0,21,0.470497
0.0,13,0.470877
0.0,3,0.471016
0.0,8,0.471239
0.0,10,0.471516
0.0,1,0.471591
0.0,3,0.471715
0.0,20,0.472207
0.0,4,0.472348
0.0,3,0.472467
0.0,2,0.472565
0.0,29,0.473248
0.0,5,0.47342
0.0,6,0.47361
0.0,20,0.474108
1.0,21,0.474617
0.0,10,0.474901
0.0,30,0.475587
0.0,3,0.475712
0.0,1,0.475801
0.0,26,0.476414
0.0,11,0.476704
0.0,18,0.477147
0.0,3,0.477268
0.0,20,0.47776
0.0,22,0.478282
0.0,14,0.478638
0.0,19,0.4791
0.0,20,0.479579
0.0,28,0.48026
1.0,11,0.480555
1.0,10,0.480831
1.0,10,0.481104
0.0,9,0.481356
1.0,20,0.481847
0.0,5,0.482014
0.0,39,0.482914
0.0,7,0.483126
0.0,10,0.483395
0.0,1,0.483474
0.0,24,0.484041
0.0,2,0.484141
0.0,1,0.484219
1.0,14,0.484576
1.0,47,0.485656
1.0,32,0.486398
0.0,3,0.486518
0.0,16,0.486923
1.0,12,0.487243
0.0,19,0.487697
0.0,4,0.487852
1.0,21,0.488357
0.0,3,0.488478
0.0,6,0.488664
0.0,16,0.489066
1.0,15,0.489442
1.0,16,0.489856
0.0,37,0.490681
0.0,31,0.491401
1.0,21,0.491906
0.0,5,0.492074
0.0,13,0.492414
1.0,25,0.493016
0.0,10,0.493293
1.0,18,0.493731
0.0,15,0.494117
0.0,6,0.494308
0.0,17,0.494729
0.0,3,0.494853
0.0,10,0.495127
0.0,5,0.495293
0.0,1,0.495373
0.0,7,0.495583
0.0,8,0.495855
0.0,21,0.496361
0.0,4,0.496508
0.0,8,0.496747
1.0,19,0.497203
0.0,20,0.497691
0.0,1,0.497775
0.0,5,0.497945
1.0,14,0.498295
0.0,14,0.498648
0.0,4,0.498801
0.0,9,0.499046
0.0,5,0.499218
0.0,24,0.499786
0.0,14,0.500145
1.0,17,0.500564
0.0,19,0.50104
0.0,14,0.501406
0.0,10,0.50168
0.0,22,0.50222
0.0,5,0.502399
0.0,16,0.502814
0.0,21,0.503311
0.0,15,0.50368
1.0,13,0.504021
0.0,2,0.504126
1.0,31,0.504846
0.0,10,0.505127
1.0,14,0.505489
0.0,2,0.505593
0.0,9,0.505852
0.0,3,0.505978
0.0,21,0.506487
0.0,5,0.506657
0.0,4,0.506817
1.0,24,0.507384
0.0,1,0.507459
0.0,7,0.507664
1.0,33,0.508425
0.0,25,0.509079
0.0,7,0.509295
1.0,19,0.50977
0.0,13,0.510112
0.0,3,0.510237
0.0,30,0.510945
0.0,4,0.511088
0.0,10,0.511358
0.0,10,0.51163
0.0,17,0.512056
0.0,6,0.512242
0.0,24,0.512819
0.0,6,0.513009
0.0,5,0.513177
0.0,14,0.513532
0.0,8,0.513772
0.0,5,0.513936
0.0,39,0.514827
0.0,17,0.515254
0.0,4,0.515401
0.0,14,0.515762
0.0,12,0.516079
0.0,5,0.516246
1.0,36,0.517076
1.0,20,0.517559
0.0,20,0.51805
0.0,10,0.518327
0.0,12,0.518651
0.0,7,0.51887
0.0,1,0.518947
0.0,1,0.519022
0.0,19,0.519484
0.0,4,0.519624
0.0,3,0.519753
0.0,42,0.520696
0.0,2,0.520803
0.0,5,0.520972
1.0,32,0.521703
0.0,1,0.521787
0.0,21,0.522295
0.0,4,0.522444
0.0,7,0.522652
0.0,7,0.52287
0.0,6,0.52306
0.0,14,0.52342
0.0,4,0.523567
0.0,24,0.524131
0.0,3,0.524253
0.0,9,0.524508
0.0,4,0.524651
1.0,12,0.524982
0.0,4,0.525124
0.0,9,0.525376
0.0,10,0.525644
0.0,1,0.525729
0.0,7,0.525945
0.0,1,0.526023
1.0,48,0.527092
0.0,29,0.527776
1.0,14,0.528126
0.0,23,0.528674
0.0,20,0.529166
0.0,24,0.529735
0.0,15,0.530118
0.0,13,0.530454
0.0,4,0.530595
0.0,3,0.530714
0.0,5,0.530892
0.0,2,0.530991
0.0,7,0.531195
0.0,2,0.531293
0.0,6,0.531485
0.0,9,0.531746
0.0,5,0.531911
0.0,9,0.532156
0.0,20,0.532635
0.0,11,0.532939
0.0,3,0.53306
0.0,10,0.533334
0.0,17,0.533751
0.0,4,0.5339
0.0,8,0.534132
0.0,4,0.534273
0.0,5,0.534438
0.0,23,0.534989
0.0,2,0.535094
0.0,11,0.535386
0.0,17,0.535817
0.0,34,0.536572
1.0,20,0.537055
0.0,6,0.537242
0.0,3,0.537373
0.0,10,0.537643
0.0,3,0.537773
0.0,27,0.538407
0.0,6,0.53859
0.0,7,0.538801
0.0,5,0.538964
1.0,14,0.539318
1.0,9,0.539561
0.0,8,0.539801
0.0,3,0.539922
0.0,3,0.540047
1.0,20,0.540525
0.0,4,0.540669
0.0,10,0.540946
0.0,3,0.541075
0.0,16,0.541469
1.0,6,0.541654
0.0,15,0.542039
0.0,9,0.542292
1.0,6,0.542474
0.0,3,0.542592
0.0,2,0.542689
0.0,8,0.542922
0.0,8,0.543151
0.0,3,0.543271
0.0,21,0.543786
1.0,18,0.544219
0.0,3,0.544341
0.0,26,0.544953
0.0,23,0.545498
0.0,1,0.545577
0.0,18,0.546027
0.0,13,0.54636
0.0,4,0.546504
1.0,25,0.547102
1.0,73,0.548706
0.0,1,0.548807
0.0,7,0.549057
1.0,9,0.549311
0.0,4,0.549451
1.0,13,0.549799
0.0,17,0.550216
0.0,33,0.550998
0.0,3,0.551121
0.0,1,0.551196
0.0,14,0.551545
0.0,8,0.551787
0.0,49,0.552876
1.0,15,0.553249
0.0,3,0.553372
0.0,38,0.55424
1.0,8,0.55447
1.0,24,0.555049
0.0,19,0.555509
0.0,3,0.555636
0.0,12,0.555963
1.0,16,0.556351
0.0,2,0.556453
0.0,40,0.557364
0.0,4,0.557507
0.0,4,0.557648
0.0,7,0.55786
0.0,4,0.558
0.0,10,0.558273
1.0,17,0.55869
1.0,14,0.559054
0.0,19,0.55952
0.0,7,0.55973
1.0,19,0.560189
0.0,2,0.560295
1.0,25,0.560892
1.0,12,0.56121
1.0,11,0.561496
0.0,13,0.561836
0.0,13,0.562171
1.0,12,0.562483
0.0,27,0.563128
0.0,4,0.563272
0.0,5,0.563435
0.0,20,0.563924
0.0,5,0.564091
1.0,16,0.564495
1.0,20,0.564977
1.0,21,0.565485
0.0,1,0.56556
0.0,3,0.565681
0.0,7,0.565926
0.0,5,0.566116
0.0,2,0.566217
0.0,2,0.56632
0.0,9,0.566568
0.0,9,0.566828
1.0,41,0.567746
0.0,3,0.567868
0.0,12,0.568174
0.0,6,0.568361
0.0,4,0.56851
1.0,16,0.568912
0.0,29,0.569585
0.0,28,0.570249
1.0,14,0.570644
0.0,48,0.571728
0.0,11,0.572029
0.0,10,0.572303
1.0,18,0.572761
1.0,12,0.573079
0.0,20,0.573556
0.0,2,0.573659
0.0,32,0.574408
0.0,52,0.575599
0.0,8,0.575836
1.0,19,0.576288
1.0,14,0.576644
0.0,33,0.577408
0.0,14,0.577775
0.0,14,0.57816
0.0,1,0.578242
0.0,26,0.578864
0.0,15,0.579249
0.0,3,0.579375
1.0,17,0.579794
1.0,20,0.580265
0.0,1,0.580338
0.0,9,0.580598
0.0,7,0.580821
0.0,6,0.581006
0.0,3,0.581126
1.0,24,0.581687
0.0,13,0.582019
0.0,2,0.582117
0.0,11,0.582406
0.0,1,0.58248
1.0,20,0.582965
0.0,16,0.583353
0.0,10,0.583625
0.0,17,0.584061
0.0,2,0.584162
0.0,1,0.584235
1.0,8,0.584467
0.0,9,0.584735
0.0,15,0.585114
0.0,3,0.58524
0.0,12,0.585553
0.0,18,0.586007
0.0,8,0.586233
0.0,15,0.586606
0.0,7,0.586827
1.0,30,0.587533
0.0,2,0.587633
1.0,10,0.587946
0.0,11,0.588233
0.0,9,0.588482
0.0,13,0.588831
0.0,7,0.589048
1.0,12,0.589359
0.0,2,0.589461
0.0,28,0.590113
0.0,6,0.590303
0.0,1,0.590382
1.0,7,0.590593
0.0,2,0.590695
0.0,8,0.590933
0.0,7,0.591143
0.0,24,0.591718
0.0,2,0.591834
0.0,16,0.59223
1.0,11,0.592529
0.0,6,0.592712
0.0,1,0.592799
0.0,4,0.592942
0.0,5,0.593104
0.0,8,0.593333
0.0,25,0.593951
0.0,3,0.59408
0.0,17,0.594498
0.0,8,0.594739
0.0,26,0.595345
0.0,6,0.595535
0.0,8,0.595781
0.0,9,0.596042
0.0,16,0.596437
0.0,15,0.596823
0.0,3,0.596951
0.0,13,0.597286
0.0,5,0.597456
1.0,14,0.597833
1.0,14,0.598181
0.0,15,0.598555
1.0,18,0.599018
0.0,9,0.599267
0.0,36,0.600128
0.0,4,0.600277
1.0,19,0.600738
0.0,14,0.601102
0.0,14,0.601462
0.0,11,0.601765
0.0,8,0.602
0.0,15,0.60237
0.0,40,0.603271
0.0,10,0.603548
0.0,27,0.604185
0.0,3,0.604307
1.0,14,0.604668
0.0,6,0.604871
1.0,11,0.605164
0.0,4,0.605306
0.0,9,0.605552
1.0,8,0.605786
0.0,12,0.606101
0.0,15,0.606479
0.0,28,0.607141
0.0,7,0.607353
1.0,9,0.607601
0.0,8,0.607845
0.0,8,0.608075
0.0,5,0.608242
1.0,32,0.609002
0.0,8,0.609297
1.0,8,0.609535
0.0,14,0.609912
0.0,4,0.610058
0.0,18,0.610486
0.0,10,0.610764
0.0,6,0.610957
0.0,5,0.61112
1.0,14,0.61148
0.0,4,0.611624
1.0,26,0.612249
0.0,3,0.612372
1.0,17,0.612798
0.0,12,0.61312
0.0,12,0.613427
0.0,4,0.613568
0.0,9,0.613829
0.0,7,0.614042
0.0,6,0.614231
0.0,19,0.614696
0.0,8,0.61493
0.0,7,0.615142
0.0,8,0.615382
0.0,11,0.615679
0.0,4,0.615836
0.0,4,0.615988
1.0,13,0.61633
0.0,9,0.616583
0.0,13,0.616923
0.0,1,0.617003
0.0,5,0.617167
0.0,2,0.617271
0.0,8,0.617502
1.0,49,0.618601
0.0,9,0.61887
0.0,11,0.619159
0.0,7,0.619367
0.0,40,0.620265
1.0,21,0.620798
0.0,13,0.621142
0.0,7,0.621355
0.0,1,0.621431
1.0,9,0.621678
0.0,3,0.621808
0.0,1,0.621887
0.0,24,0.622466
0.0,1,0.622542
0.0,44,0.623551
0.0,5,0.623717
0.0,9,0.623971
0.0,1,0.62405
0.0,15,0.62443
0.0,25,0.625028
0.0,8,0.625266
0.0,1,0.625345
0.0,32,0.626101
0.0,3,0.626224
0.0,21,0.626717
0.0,13,0.627062
0.0,4,0.627215
0.0,9,0.62747
0.0,2,0.627572
0.0,9,0.627829
0.0,8,0.628074
0.0,3,0.628201
1.0,17,0.628611
0.0,17,0.629037
1.0,14,0.629394
0.0,40,0.630308
1.0,14,0.630663
0.0,3,0.630798
0.0,10,0.631065
1.0,12,0.631377
1.0,16,0.631774
0.0,9,0.632023
1.0,16,0.632412
0.0,2,0.632514
0.0,7,0.632735
0.0,17,0.633159
1.0,11,0.633451
0.0,5,0.63362
0.0,6,0.63382
0.0,14,0.634171
0.0,14,0.634534
0.0,3,0.634656
0.0,1,0.634739
1.0,25,0.635327
0.0,8,0.635556
0.0,7,0.635774
0.0,3,0.6359
0.0,16,0.636307
0.0,5,0.636477
0.0,1,0.636553
0.0,5,0.63672
0.0,3,0.636855
0.0,21,0.637361
0.0,1,0.637437
0.0,3,0.637562
0.0,36,0.638387
0.0,8,0.638615
0.0,1,0.638693
0.0,10,0.638972
0.0,11,0.639267
1.0,28,0.63993
1.0,28,0.640568
0.0,2,0.640671
0.0,8,0.640915
0.0,3,0.641037
0.0,10,0.641308
0.0,4,0.641451
0.0,15,0.641838
0.0,4,0.64198
0.0,1,0.642054
0.0,5,0.642216
0.0,3,0.64234
0.0,4,0.642486
1.0,9,0.642748
0.0,38,0.643612
0.0,10,0.643899
0.0,1,0.643975
1.0,24,0.644538
1.0,15,0.644948
0.0,9,0.645202
0.0,22,0.64572
0.0,9,0.64598
0.0,2,0.64608
0.0,17,0.646501
0.0,17,0.646935
0.0,8,0.647166
0.0,11,0.647461
1.0,10,0.647736
1.0,28,0.648413
0.0,7,0.648616
0.0,5,0.648796
0.0,21,0.649294
0.0,5,0.649457
0.0,3,0.64958
0.0,53,0.650772
0.0,36,0.65159
0.0,1,0.65167
0.0,3,0.651805
0.0,9,0.652061
0.0,9,0.652306
0.0,15,0.65268
0.0,9,0.652946
1.0,22,0.653461
0.0,19,0.653931
0.0,12,0.65425
0.0,11,0.654536
0.0,3,0.654663
0.0,6,0.654857
0.0,1,0.654933
0.0,3,0.655052
0.0,26,0.655665
0.0,6,0.65586
0.0,1,0.655936
0.0,27,0.656561
1.0,10,0.656874
0.0,9,0.65712
0.0,10,0.657383
0.0,5,0.657548
0.0,35,0.658365
0.0,9,0.658621
0.0,19,0.659127
0.0,4,0.659276
0.0,27,0.659933
0.0,6,0.660115
0.0,2,0.660217
0.0,12,0.660532
0.0,11,0.66083
0.0,4,0.660985
0.0,18,0.661431
1.0,30,0.662128
0.0,16,0.662548
0.0,37,0.663401
0.0,9,0.663656
0.0,28,0.664328
0.0,8,0.664562
