#{"t_start": 1522145095.4326098, "env_id": "MyFrozenLake-v0"}
r,l,t
0.0,4,0.006784
0.0,2,0.006906
0.0,7,0.007125
0.0,6,0.007328
0.0,3,0.007454
0.0,4,0.007614
0.0,2,0.00772
0.0,2,0.007827
0.0,3,0.007951
0.0,16,0.008354
0.0,12,0.008694
0.0,17,0.009126
0.0,15,0.009526
0.0,19,0.010003
0.0,2,0.010105
0.0,10,0.010386
0.0,3,0.01052
0.0,1,0.0106
0.0,8,0.010831
0.0,3,0.010954
0.0,5,0.011119
0.0,8,0.011355
0.0,6,0.011552
0.0,5,0.011718
0.0,33,0.012505
0.0,7,0.012718
0.0,13,0.013059
0.0,11,0.013357
0.0,6,0.013555
0.0,5,0.013728
0.0,5,0.013894
0.0,6,0.014086
0.0,2,0.014187
0.0,22,0.014734
0.0,4,0.014881
0.0,2,0.014981
0.0,13,0.015314
0.0,4,0.015474
0.0,3,0.015607
0.0,1,0.015685
0.0,10,0.015965
0.0,3,0.016089
0.0,7,0.016303
0.0,5,0.016489
0.0,9,0.016751
0.0,10,0.017028
0.0,9,0.017284
0.0,22,0.01782
0.0,22,0.018362
0.0,4,0.018525
0.0,14,0.018897
0.0,5,0.01907
0.0,10,0.019342
0.0,11,0.019657
0.0,6,0.019845
0.0,25,0.020443
0.0,4,0.020597
0.0,3,0.02072
0.0,16,0.021132
0.0,10,0.021418
0.0,9,0.021679
0.0,10,0.021958
0.0,1,0.022035
0.0,5,0.022206
0.0,4,0.022351
0.0,6,0.022555
0.0,6,0.022743
0.0,5,0.022915
0.0,31,0.023694
0.0,2,0.023802
0.0,3,0.023925
0.0,8,0.024159
0.0,15,0.024553
0.0,5,0.024724
0.0,9,0.024985
0.0,13,0.025333
0.0,4,0.025486
0.0,5,0.025654
0.0,2,0.025757
0.0,21,0.026275
0.0,9,0.026546
0.0,3,0.026672
0.0,3,0.026795
0.0,5,0.026962
0.0,20,0.027475
0.0,12,0.027807
0.0,1,0.027885
0.0,3,0.028009
0.0,4,0.028152
0.0,6,0.028352
0.0,2,0.028461
1.0,20,0.02897
0.0,12,0.029292
0.0,5,0.029471
0.0,5,0.029639
0.0,6,0.029825
0.0,4,0.029973
0.0,14,0.030339
0.0,9,0.030601
0.0,29,0.031293
0.0,3,0.031422
0.0,3,0.031558
0.0,2,0.031661
0.0,11,0.031963
0.0,4,0.032115
0.0,7,0.032328
0.0,2,0.032429
0.0,11,0.032745
0.0,11,0.033046
0.0,11,0.033339
0.0,10,0.033633
0.0,4,0.033779
0.0,18,0.034237
0.0,5,0.034403
0.0,3,0.034534
0.0,23,0.035089
0.0,8,0.035319
0.0,8,0.035557
0.0,7,0.035764
0.0,16,0.036158
0.0,5,0.036323
0.0,36,0.037174
0.0,3,0.037301
0.0,4,0.037443
0.0,4,0.037594
1.0,17,0.038006
0.0,11,0.038302
0.0,5,0.038477
0.0,5,0.038665
0.0,11,0.038964
0.0,11,0.039264
0.0,13,0.039612
0.0,8,0.039856
0.0,5,0.040031
0.0,4,0.040177
0.0,9,0.040434
0.0,9,0.040702
0.0,7,0.040917
0.0,1,0.040995
0.0,4,0.041138
0.0,5,0.041301
0.0,8,0.041544
0.0,23,0.042086
0.0,10,0.04236
0.0,19,0.042834
0.0,14,0.043197
0.0,5,0.043368
0.0,1,0.043444
0.0,12,0.043774
0.0,2,0.043886
0.0,18,0.044338
0.0,3,0.044474
0.0,4,0.044651
0.0,11,0.044952
0.0,7,0.045164
0.0,10,0.045452
0.0,3,0.045585
0.0,28,0.046238
0.0,3,0.046362
0.0,4,0.046522
0.0,3,0.046648
1.0,19,0.047119
0.0,7,0.047326
0.0,3,0.047453
0.0,1,0.047555
0.0,3,0.047687
0.0,1,0.047763
0.0,1,0.047838
0.0,1,0.047913
0.0,1,0.047988
0.0,2,0.048092
0.0,4,0.048236
0.0,4,0.048378
0.0,2,0.048484
0.0,8,0.048718
0.0,9,0.048966
0.0,21,0.049488
0.0,13,0.049825
0.0,12,0.050146
0.0,17,0.050586
0.0,4,0.050733
0.0,8,0.050967
1.0,19,0.051433
0.0,20,0.051915
0.0,18,0.052353
0.0,5,0.052529
0.0,20,0.053013
0.0,6,0.053205
0.0,16,0.053612
0.0,5,0.053777
0.0,3,0.053898
0.0,2,0.054001
0.0,9,0.054251
0.0,7,0.054472
0.0,8,0.054705
0.0,4,0.054848
0.0,5,0.055018
0.0,11,0.055307
0.0,19,0.055782
0.0,61,0.057154
0.0,10,0.057432
0.0,5,0.057607
0.0,7,0.057826
0.0,2,0.057927
0.0,6,0.058119
0.0,7,0.058332
0.0,8,0.058578
0.0,3,0.058701
0.0,5,0.058872
0.0,2,0.058979
0.0,5,0.059145
0.0,3,0.059266
0.0,5,0.05943
0.0,7,0.059651
0.0,12,0.059979
0.0,1,0.060056
0.0,4,0.060207
0.0,3,0.060329
0.0,13,0.060675
0.0,9,0.060924
0.0,1,0.061003
0.0,2,0.061104
0.0,10,0.061376
0.0,3,0.061508
0.0,34,0.062289
0.0,2,0.062396
0.0,1,0.062485
0.0,29,0.063176
0.0,1,0.063254
0.0,14,0.063628
0.0,19,0.064091
0.0,13,0.064426
0.0,9,0.064683
0.0,8,0.064919
0.0,7,0.06514
0.0,2,0.065246
0.0,1,0.065324
0.0,10,0.065613
0.0,4,0.065768
0.0,4,0.065921
0.0,3,0.066045
0.0,1,0.066121
0.0,14,0.06649
0.0,13,0.06683
0.0,5,0.067
0.0,15,0.06738
0.0,9,0.067641
0.0,8,0.06787
0.0,7,0.068096
0.0,4,0.068242
0.0,15,0.068661
0.0,10,0.06894
0.0,7,0.069157
0.0,2,0.069258
0.0,6,0.069449
1.0,7,0.069667
0.0,2,0.069768
0.0,4,0.069919
0.0,6,0.070106
0.0,3,0.070232
0.0,5,0.070399
0.0,14,0.070772
0.0,7,0.070988
0.0,1,0.071069
0.0,27,0.071719
0.0,16,0.072118
1.0,9,0.072373
0.0,4,0.072534
0.0,5,0.072711
0.0,2,0.072817
0.0,5,0.072987
0.0,9,0.07324
0.0,3,0.073363
0.0,4,0.073523
0.0,16,0.073932
0.0,9,0.074184
0.0,4,0.074332
0.0,22,0.074885
0.0,6,0.075079
0.0,12,0.075401
0.0,28,0.076069
1.0,13,0.076417
0.0,24,0.077007
0.0,10,0.077282
0.0,7,0.077512
0.0,11,0.077817
0.0,17,0.078241
0.0,22,0.078779
0.0,17,0.079205
0.0,7,0.079415
0.0,3,0.079551
0.0,6,0.079744
0.0,11,0.080037
0.0,13,0.08038
0.0,23,0.080937
0.0,17,0.081368
0.0,17,0.081806
0.0,5,0.081974
0.0,4,0.082122
0.0,8,0.082351
0.0,3,0.082482
0.0,1,0.08256
0.0,5,0.082727
0.0,5,0.082899
0.0,2,0.083
0.0,2,0.0831
0.0,3,0.083225
0.0,5,0.083398
0.0,3,0.08353
0.0,5,0.083696
0.0,6,0.083884
0.0,29,0.084595
0.0,3,0.084726
0.0,3,0.084849
1.0,6,0.085041
0.0,7,0.08525
0.0,2,0.085351
0.0,7,0.085574
0.0,35,0.086373
0.0,10,0.086656
0.0,4,0.0868
0.0,2,0.086905
0.0,3,0.087028
0.0,5,0.087192
1.0,16,0.087609
1.0,16,0.08802
0.0,3,0.088142
0.0,12,0.088455
0.0,6,0.088661
0.0,13,0.089004
0.0,3,0.089127
0.0,12,0.089446
0.0,3,0.089578
0.0,13,0.089917
0.0,5,0.090082
0.0,1,0.090162
0.0,11,0.090461
0.0,5,0.090638
0.0,8,0.090878
0.0,1,0.090956
0.0,4,0.091101
0.0,5,0.091267
0.0,16,0.091675
0.0,2,0.091778
0.0,9,0.092039
0.0,2,0.092141
0.0,4,0.092284
0.0,1,0.09236
0.0,5,0.092541
0.0,2,0.092643
0.0,8,0.092876
0.0,3,0.093004
0.0,3,0.093126
0.0,5,0.09329
0.0,5,0.093454
0.0,6,0.093663
0.0,4,0.093813
0.0,5,0.09398
0.0,2,0.09408
0.0,2,0.09418
0.0,4,0.094324
1.0,8,0.094563
0.0,11,0.094863
0.0,6,0.095052
0.0,15,0.095434
0.0,3,0.095567
0.0,2,0.095667
0.0,10,0.095944
0.0,13,0.096288
0.0,9,0.096556
0.0,4,0.096703
0.0,4,0.096845
0.0,1,0.096921
0.0,1,0.096997
0.0,10,0.097274
0.0,4,0.097419
0.0,5,0.097601
0.0,4,0.097746
0.0,16,0.098161
0.0,4,0.098305
0.0,16,0.098725
0.0,6,0.09892
0.0,10,0.099198
0.0,16,0.099609
0.0,19,0.100083
0.0,1,0.100161
0.0,9,0.10041
0.0,9,0.100678
0.0,1,0.100761
0.0,23,0.101317
0.0,8,0.101589
0.0,5,0.101755
0.0,12,0.102078
0.0,1,0.10216
0.0,5,0.102336
0.0,11,0.102643
0.0,29,0.10333
0.0,1,0.103409
0.0,4,0.103563
0.0,8,0.103794
0.0,4,0.103938
0.0,8,0.104169
0.0,3,0.104291
0.0,7,0.104514
1.0,16,0.104924
0.0,2,0.10503
0.0,2,0.105134
0.0,5,0.105299
0.0,3,0.105421
0.0,1,0.10551
0.0,3,0.10564
0.0,8,0.105877
0.0,4,0.106021
0.0,13,0.106364
0.0,11,0.106667
0.0,15,0.107117
0.0,10,0.107404
0.0,20,0.107908
0.0,12,0.10823
0.0,9,0.10849
0.0,4,0.108641
0.0,8,0.108877
0.0,4,0.109026
0.0,1,0.109107
0.0,5,0.109272
0.0,23,0.109835
0.0,13,0.110178
0.0,13,0.110535
0.0,2,0.110638
0.0,1,0.110713
0.0,17,0.111148
0.0,1,0.111226
0.0,6,0.111411
0.0,3,0.111547
0.0,23,0.112093
0.0,2,0.112193
0.0,4,0.112334
0.0,11,0.112641
0.0,8,0.11287
0.0,6,0.113055
0.0,2,0.113162
0.0,5,0.113333
0.0,5,0.113514
0.0,10,0.113786
0.0,3,0.113907
0.0,4,0.11405
0.0,4,0.114192
0.0,22,0.114737
0.0,5,0.114903
0.0,4,0.115053
0.0,5,0.115223
0.0,2,0.115323
0.0,2,0.115422
0.0,2,0.11553
1.0,8,0.115758
0.0,2,0.115856
0.0,9,0.116103
0.0,13,0.116435
0.0,16,0.116838
0.0,7,0.117052
0.0,9,0.117307
0.0,12,0.117675
0.0,3,0.117801
0.0,2,0.117905
0.0,3,0.118026
0.0,2,0.118129
0.0,11,0.11842
0.0,3,0.118551
0.0,8,0.118782
0.0,7,0.118996
0.0,2,0.119096
0.0,9,0.119343
0.0,9,0.1196
0.0,3,0.119726
0.0,9,0.119981
0.0,9,0.120236
0.0,6,0.120429
0.0,4,0.120582
0.0,4,0.120731
0.0,3,0.120858
0.0,3,0.12098
0.0,20,0.121473
0.0,28,0.122132
0.0,3,0.122259
0.0,7,0.122476
0.0,7,0.122685
0.0,2,0.122789
0.0,5,0.122953
0.0,5,0.123126
0.0,7,0.123341
0.0,2,0.123447
0.0,2,0.123557
0.0,1,0.123636
0.0,8,0.123871
0.0,9,0.124126
0.0,5,0.124294
0.0,5,0.12446
0.0,9,0.124717
0.0,10,0.124987
0.0,2,0.125091
0.0,7,0.125299
0.0,12,0.125645
0.0,8,0.125886
0.0,29,0.126578
0.0,3,0.126702
0.0,2,0.126806
0.0,11,0.127101
0.0,5,0.127265
0.0,13,0.127615
0.0,5,0.12778
0.0,11,0.128081
0.0,11,0.128381
0.0,6,0.128586
0.0,9,0.128842
0.0,2,0.128942
0.0,6,0.129135
0.0,16,0.129546
0.0,4,0.12969
0.0,5,0.129853
0.0,16,0.130253
0.0,13,0.130607
0.0,7,0.130816
0.0,11,0.13111
0.0,12,0.131426
0.0,5,0.131602
0.0,6,0.131795
0.0,14,0.132155
0.0,4,0.132309
0.0,7,0.132534
0.0,2,0.132635
0.0,13,0.132967
1.0,8,0.133193
0.0,9,0.133441
0.0,7,0.133655
0.0,25,0.13425
0.0,5,0.134415
0.0,7,0.134629
0.0,12,0.134939
0.0,8,0.135163
0.0,5,0.135331
0.0,2,0.135432
0.0,24,0.136009
0.0,2,0.136111
0.0,5,0.136284
0.0,6,0.136478
0.0,4,0.136623
0.0,4,0.136765
0.0,3,0.136886
0.0,1,0.136962
0.0,6,0.137158
0.0,7,0.137376
0.0,1,0.137453
0.0,6,0.137648
0.0,11,0.137943
0.0,1,0.138021
0.0,20,0.138511
0.0,7,0.138727
0.0,14,0.139086
0.0,1,0.139168
0.0,11,0.139461
0.0,40,0.140378
0.0,15,0.140767
0.0,12,0.141091
0.0,4,0.141241
0.0,9,0.141501
0.0,4,0.141646
0.0,6,0.141837
0.0,4,0.141987
0.0,7,0.1422
0.0,9,0.142451
1.0,18,0.142912
0.0,9,0.143162
0.0,24,0.143775
0.0,5,0.143942
0.0,4,0.14409
0.0,5,0.14426
0.0,3,0.144389
0.0,2,0.144502
0.0,5,0.144674
0.0,15,0.145048
0.0,6,0.145233
0.0,6,0.145429
0.0,11,0.145731
0.0,10,0.146009
0.0,1,0.146087
0.0,15,0.146472
0.0,7,0.14668
0.0,2,0.146779
0.0,23,0.147321
0.0,19,0.147797
0.0,5,0.147963
0.0,4,0.148107
0.0,6,0.148303
1.0,11,0.148614
0.0,3,0.148738
0.0,8,0.148971
0.0,1,0.149048
0.0,11,0.149346
0.0,11,0.149652
0.0,5,0.149823
0.0,29,0.150522
0.0,6,0.150726
0.0,23,0.151266
0.0,21,0.151788
0.0,21,0.152292
0.0,11,0.152595
0.0,2,0.152701
0.0,9,0.152955
0.0,23,0.153529
0.0,2,0.153634
0.0,8,0.15387
0.0,3,0.153994
0.0,20,0.154493
1.0,12,0.154814
0.0,1,0.154891
0.0,14,0.155254
0.0,5,0.155426
0.0,11,0.15573
0.0,19,0.1562
0.0,1,0.156282
0.0,19,0.156767
0.0,3,0.156898
0.0,26,0.15753
0.0,9,0.157783
0.0,5,0.157952
0.0,3,0.158075
0.0,4,0.158223
0.0,16,0.15864
0.0,7,0.158849
1.0,23,0.159408
0.0,3,0.159542
0.0,4,0.159688
0.0,6,0.159874
0.0,8,0.160103
0.0,2,0.160208
0.0,11,0.160517
0.0,8,0.160756
1.0,21,0.161311
0.0,8,0.161562
0.0,3,0.161685
0.0,4,0.161828
0.0,1,0.161904
0.0,1,0.161981
0.0,14,0.162342
0.0,10,0.162629
0.0,8,0.162861
0.0,15,0.163241
0.0,24,0.163841
1.0,6,0.16404
1.0,15,0.164418
0.0,1,0.164502
0.0,5,0.16467
1.0,12,0.164983
0.0,7,0.165195
0.0,6,0.16539
0.0,11,0.165701
0.0,6,0.165887
0.0,15,0.166266
0.0,19,0.166744
0.0,33,0.167518
0.0,20,0.168013
0.0,3,0.168143
0.0,11,0.168446
0.0,1,0.168538
0.0,11,0.16884
0.0,4,0.168991
0.0,4,0.169139
0.0,1,0.16922
0.0,3,0.16935
0.0,1,0.169429
0.0,8,0.169667
0.0,6,0.169854
0.0,16,0.170258
0.0,11,0.170559
0.0,2,0.17066
0.0,6,0.170845
0.0,8,0.171072
0.0,5,0.171242
0.0,7,0.171455
0.0,5,0.171635
0.0,14,0.171994
0.0,2,0.172099
1.0,13,0.172441
0.0,1,0.172529
0.0,3,0.172658
0.0,28,0.173324
0.0,9,0.173596
0.0,15,0.173981
0.0,4,0.174131
0.0,4,0.174275
0.0,13,0.174626
0.0,42,0.175586
0.0,3,0.175716
0.0,7,0.175931
0.0,3,0.17606
0.0,17,0.176497
0.0,2,0.1766
0.0,3,0.176723
0.0,9,0.176977
0.0,3,0.177101
0.0,10,0.177377
0.0,3,0.177515
0.0,8,0.177751
0.0,10,0.178021
0.0,11,0.178323
0.0,8,0.178568
0.0,13,0.178911
0.0,17,0.179338
0.0,3,0.179461
0.0,7,0.179682
0.0,5,0.179848
0.0,5,0.180014
0.0,3,0.180135
0.0,16,0.180545
0.0,2,0.180647
0.0,3,0.180769
0.0,2,0.18087
0.0,13,0.18121
0.0,6,0.181407
0.0,3,0.18154
0.0,4,0.181685
0.0,16,0.182082
0.0,2,0.182182
0.0,7,0.182395
0.0,15,0.182789
0.0,10,0.183069
0.0,5,0.183241
0.0,9,0.18351
0.0,5,0.183684
0.0,1,0.183764
0.0,10,0.184048
0.0,9,0.184304
0.0,7,0.184529
0.0,5,0.184696
0.0,13,0.185039
0.0,1,0.185117
0.0,4,0.185266
0.0,4,0.18541
0.0,10,0.185691
1.0,28,0.186353
0.0,11,0.186671
0.0,3,0.186802
0.0,10,0.187079
1.0,8,0.187312
0.0,6,0.18751
0.0,1,0.187588
1.0,45,0.188617
0.0,2,0.188728
0.0,9,0.188989
0.0,31,0.189734
0.0,6,0.189924
0.0,5,0.19009
0.0,1,0.190167
1.0,17,0.19061
0.0,2,0.190713
0.0,17,0.191147
0.0,15,0.191547
0.0,4,0.191703
0.0,2,0.191805
0.0,4,0.191949
0.0,8,0.19219
0.0,1,0.192268
0.0,6,0.192459
0.0,1,0.192552
0.0,8,0.192784
0.0,9,0.193041
0.0,3,0.193173
0.0,7,0.193388
0.0,20,0.193882
0.0,9,0.194144
0.0,7,0.194362
0.0,3,0.194495
1.0,26,0.195112
1.0,9,0.195367
0.0,5,0.195553
0.0,8,0.195794
0.0,18,0.196239
0.0,34,0.197035
0.0,1,0.197113
0.0,3,0.19724
0.0,2,0.197341
0.0,14,0.197707
0.0,1,0.197789
1.0,9,0.198047
0.0,1,0.198128
0.0,8,0.198363
0.0,5,0.19854
0.0,22,0.199073
0.0,30,0.199788
0.0,25,0.200386
0.0,1,0.200469
0.0,12,0.200793
0.0,3,0.200917
0.0,13,0.201258
0.0,12,0.201588
0.0,17,0.202008
0.0,21,0.202531
0.0,13,0.202879
1.0,23,0.203429
0.0,14,0.203798
0.0,23,0.204355
0.0,9,0.204628
0.0,16,0.205035
0.0,11,0.205331
0.0,2,0.205432
0.0,13,0.205787
0.0,7,0.205999
0.0,3,0.206125
0.0,9,0.206386
0.0,9,0.206652
0.0,1,0.206735
0.0,7,0.207012
0.0,10,0.207295
0.0,8,0.207542
0.0,2,0.207648
0.0,3,0.20777
0.0,8,0.207998
0.0,5,0.208168
0.0,15,0.208561
0.0,5,0.208728
0.0,1,0.208808
0.0,4,0.208954
0.0,6,0.209141
0.0,5,0.209305
0.0,4,0.209447
0.0,3,0.209577
0.0,8,0.209812
1.0,13,0.210154
0.0,21,0.210672
0.0,32,0.211397
0.0,38,0.212521
0.0,7,0.212763
0.0,16,0.213165
0.0,24,0.21378
0.0,1,0.213859
0.0,8,0.214089
0.0,1,0.214165
0.0,3,0.214287
0.0,5,0.214451
0.0,3,0.214614
0.0,34,0.215402
0.0,6,0.215643
0.0,3,0.215772
1.0,6,0.215965
0.0,34,0.216792
0.0,34,0.217594
0.0,10,0.217879
0.0,20,0.218375
0.0,10,0.218693
0.0,5,0.218861
0.0,10,0.219132
0.0,4,0.219276
0.0,1,0.219355
0.0,13,0.219773
0.0,6,0.219965
0.0,9,0.220219
0.0,5,0.220391
0.0,8,0.220636
0.0,1,0.220714
0.0,21,0.221222
0.0,6,0.221409
0.0,16,0.221827
0.0,24,0.222402
0.0,10,0.222683
0.0,34,0.22346
0.0,3,0.223593
0.0,4,0.223742
0.0,5,0.223911
0.0,10,0.22418
0.0,12,0.224514
0.0,3,0.224638
0.0,6,0.224831
0.0,3,0.224954
0.0,2,0.225054
0.0,9,0.225313
0.0,4,0.225471
0.0,20,0.225959
0.0,1,0.226041
0.0,18,0.226496
0.0,5,0.226668
0.0,2,0.226768
0.0,11,0.227063
0.0,7,0.227273
0.0,2,0.227374
0.0,5,0.227549
0.0,1,0.227627
0.0,2,0.227732
0.0,2,0.227834
0.0,4,0.227976
0.0,6,0.228168
0.0,7,0.228374
0.0,5,0.228548
0.0,14,0.228907
0.0,28,0.229573
0.0,12,0.229898
0.0,9,0.230154
0.0,4,0.230303
0.0,12,0.230658
0.0,8,0.230887
0.0,15,0.23127
0.0,4,0.231414
0.0,6,0.231615
0.0,9,0.231871
0.0,28,0.232536
0.0,7,0.232753
0.0,27,0.233393
0.0,2,0.233504
0.0,2,0.233609
0.0,10,0.233887
0.0,6,0.23408
0.0,3,0.234208
0.0,15,0.234597
0.0,2,0.234704
0.0,7,0.234919
0.0,11,0.235221
0.0,14,0.235598
0.0,4,0.235745
0.0,2,0.235852
0.0,6,0.236042
0.0,11,0.236339
0.0,6,0.236544
0.0,2,0.236651
0.0,5,0.236817
0.0,16,0.237212
0.0,8,0.237445
0.0,16,0.237853
0.0,7,0.238061
0.0,1,0.238136
0.0,6,0.238321
0.0,9,0.238591
0.0,22,0.239125
0.0,6,0.239311
0.0,6,0.239513
0.0,1,0.239592
0.0,2,0.239691
0.0,2,0.23979
0.0,28,0.240457
0.0,14,0.240824
0.0,16,0.241231
0.0,3,0.241353
0.0,4,0.24151
0.0,3,0.241635
0.0,3,0.241757
0.0,2,0.241856
0.0,3,0.241976
0.0,9,0.242226
0.0,5,0.242389
0.0,1,0.242471
0.0,8,0.242707
0.0,7,0.242913
0.0,10,0.243182
0.0,8,0.24341
0.0,1,0.2435
0.0,8,0.243733
0.0,3,0.243855
1.0,26,0.244476
0.0,11,0.244776
0.0,18,0.245225
1.0,17,0.245663
0.0,7,0.245878
0.0,10,0.24616
0.0,4,0.246305
0.0,4,0.246449
0.0,3,0.246588
1.0,16,0.246986
0.0,3,0.247107
0.0,15,0.24749
0.0,8,0.247728
0.0,7,0.247941
0.0,8,0.248175
0.0,4,0.248318
0.0,1,0.248393
0.0,3,0.248524
0.0,3,0.248648
1.0,17,0.249082
0.0,2,0.249182
0.0,2,0.249282
0.0,3,0.249402
0.0,4,0.249561
0.0,2,0.249662
0.0,20,0.250154
0.0,4,0.250304
0.0,2,0.250404
0.0,2,0.250512
0.0,3,0.250634
1.0,7,0.250848
0.0,2,0.250948
0.0,5,0.251113
0.0,11,0.251411
0.0,12,0.251762
0.0,4,0.25191
0.0,9,0.252178
0.0,2,0.252283
0.0,9,0.252546
0.0,3,0.252668
0.0,9,0.252924
0.0,9,0.253175
0.0,5,0.253338
0.0,1,0.253418
0.0,12,0.253743
0.0,9,0.253995
0.0,7,0.254202
0.0,8,0.25443
0.0,10,0.254721
0.0,2,0.254824
0.0,14,0.255182
0.0,9,0.255434
0.0,4,0.255603
0.0,5,0.25577
0.0,1,0.255849
0.0,6,0.256042
0.0,4,0.256191
0.0,2,0.256294
0.0,4,0.256438
0.0,4,0.256595
0.0,5,0.256761
0.0,4,0.256903
0.0,6,0.257102
0.0,13,0.257446
0.0,16,0.257871
0.0,6,0.258061
0.0,5,0.258227
0.0,17,0.258665
0.0,7,0.258876
0.0,13,0.259215
0.0,3,0.259344
0.0,20,0.25984
0.0,2,0.259943
0.0,6,0.260129
0.0,7,0.260344
0.0,3,0.260476
0.0,3,0.260607
0.0,4,0.260752
0.0,3,0.260874
0.0,18,0.261332
0.0,12,0.261663
0.0,1,0.261746
0.0,13,0.262091
0.0,13,0.262436
0.0,10,0.262727
0.0,10,0.262999
0.0,16,0.263399
0.0,15,0.263792
0.0,9,0.264053
0.0,5,0.264224
0.0,5,0.264391
0.0,8,0.264633
0.0,16,0.265038
0.0,15,0.265419
0.0,17,0.265853
0.0,13,0.2662
0.0,5,0.266367
0.0,11,0.26668
0.0,9,0.266939
0.0,8,0.267174
0.0,9,0.267432
0.0,11,0.267735
0.0,7,0.267945
0.0,9,0.268201
0.0,33,0.268987
0.0,8,0.269227
0.0,1,0.269305
0.0,3,0.269428
0.0,2,0.26954
0.0,1,0.269644
0.0,11,0.269943
0.0,25,0.27055
0.0,9,0.270802
0.0,28,0.271472
0.0,11,0.271772
0.0,13,0.272103
0.0,18,0.272554
0.0,8,0.272784
0.0,2,0.272884
0.0,5,0.273053
0.0,8,0.273282
0.0,11,0.273591
0.0,10,0.273873
0.0,5,0.274043
0.0,14,0.274402
0.0,10,0.274689
0.0,4,0.274834
1.0,13,0.275173
0.0,9,0.275426
0.0,6,0.275624
0.0,8,0.275855
0.0,9,0.276111
1.0,6,0.276297
0.0,6,0.276493
0.0,10,0.276765
0.0,9,0.277021
0.0,6,0.277213
0.0,14,0.277584
0.0,7,0.277801
0.0,30,0.278502
0.0,5,0.278673
0.0,6,0.278865
0.0,6,0.279052
0.0,8,0.27929
0.0,2,0.279392
0.0,11,0.279702
0.0,22,0.280234
0.0,7,0.280452
0.0,15,0.280843
1.0,27,0.281478
0.0,2,0.281585
0.0,3,0.281709
1.0,16,0.282114
0.0,5,0.282281
0.0,10,0.282565
0.0,6,0.282755
0.0,4,0.282907
0.0,4,0.283051
0.0,7,0.283261
0.0,3,0.283385
0.0,3,0.283521
0.0,11,0.283816
0.0,3,0.283938
0.0,7,0.284146
0.0,8,0.284374
0.0,12,0.284695
0.0,16,0.285093
0.0,9,0.285352
0.0,1,0.285429
0.0,6,0.285637
0.0,4,0.285782
0.0,8,0.286009
0.0,8,0.286249
0.0,5,0.286415
0.0,3,0.286547
0.0,5,0.286713
0.0,1,0.286788
0.0,1,0.286868
0.0,4,0.287013
0.0,4,0.28716
0.0,12,0.287492
0.0,3,0.287617
0.0,2,0.287717
0.0,4,0.287859
0.0,3,0.287985
0.0,3,0.288107
0.0,9,0.288357
0.0,8,0.288596
0.0,9,0.288853
0.0,5,0.289022
0.0,16,0.289427
0.0,15,0.289819
0.0,2,0.289922
0.0,12,0.29024
0.0,7,0.290447
0.0,6,0.290641
0.0,12,0.29096
0.0,2,0.291064
0.0,8,0.291295
1.0,20,0.291795
0.0,21,0.29231
0.0,1,0.292392
0.0,7,0.292611
0.0,4,0.292756
0.0,10,0.293038
0.0,9,0.293288
0.0,4,0.293436
0.0,6,0.293638
0.0,13,0.293975
0.0,14,0.294329
0.0,13,0.294673
0.0,10,0.294955
0.0,4,0.295105
1.0,9,0.295365
0.0,9,0.295629
0.0,19,0.2961
0.0,27,0.296761
0.0,9,0.297014
0.0,5,0.297179
0.0,8,0.297412
0.0,6,0.297609
0.0,4,0.29776
0.0,21,0.298274
0.0,25,0.298882
0.0,9,0.299138
0.0,1,0.299215
0.0,22,0.299755
0.0,9,0.300017
0.0,4,0.30017
0.0,1,0.300251
0.0,1,0.300328
0.0,4,0.300488
0.0,9,0.30075
0.0,7,0.300962
0.0,10,0.301238
0.0,4,0.301382
0.0,14,0.301748
0.0,4,0.301893
0.0,21,0.302405
0.0,3,0.302542
0.0,6,0.30273
0.0,2,0.302835
0.0,4,0.302981
0.0,1,0.303061
0.0,1,0.303138
0.0,6,0.303326
0.0,4,0.303481
0.0,13,0.303822
0.0,20,0.304311
0.0,5,0.304491
0.0,3,0.304616
0.0,5,0.304781
0.0,10,0.30506
0.0,31,0.305808
0.0,6,0.305999
0.0,4,0.306142
0.0,2,0.306245
0.0,16,0.306671
0.0,1,0.306751
0.0,7,0.307026
0.0,5,0.307207
0.0,6,0.307395
0.0,3,0.307527
0.0,9,0.307784
0.0,3,0.307912
0.0,6,0.308108
0.0,12,0.308431
0.0,8,0.308673
0.0,16,0.309075
0.0,8,0.309309
0.0,29,0.310016
0.0,4,0.310168
0.0,1,0.310245
0.0,4,0.310388
0.0,3,0.310519
0.0,20,0.311012
0.0,7,0.31122
0.0,3,0.311342
0.0,4,0.3115
0.0,14,0.311857
0.0,5,0.312021
0.0,3,0.312143
0.0,4,0.312292
0.0,6,0.31249
0.0,2,0.312593
0.0,12,0.312906
0.0,3,0.313026
0.0,1,0.313105
0.0,16,0.313525
0.0,2,0.313632
0.0,3,0.313755
0.0,5,0.313918
0.0,4,0.314067
0.0,1,0.314142
0.0,2,0.314242
0.0,1,0.314317
0.0,3,0.314438
0.0,1,0.314521
0.0,2,0.314622
0.0,7,0.314831
0.0,3,0.314951
0.0,5,0.315114
0.0,6,0.315299
0.0,11,0.315615
1.0,14,0.315994
0.0,4,0.316139
0.0,1,0.316215
0.0,12,0.316552
0.0,4,0.316699
0.0,5,0.31687
0.0,8,0.317105
0.0,10,0.31738
0.0,12,0.317733
0.0,4,0.317891
0.0,4,0.318041
0.0,11,0.318342
0.0,2,0.318443
0.0,6,0.318643
0.0,2,0.318745
0.0,3,0.318866
0.0,8,0.319094
0.0,1,0.319173
0.0,16,0.31959
0.0,6,0.319778
0.0,10,0.320053
0.0,17,0.320486
0.0,7,0.320706
0.0,3,0.320829
0.0,10,0.321103
0.0,2,0.321203
0.0,6,0.321392
0.0,3,0.321526
0.0,11,0.321832
0.0,5,0.321998
0.0,11,0.322288
0.0,10,0.322577
0.0,4,0.322722
0.0,8,0.322957
0.0,5,0.323122
0.0,6,0.323306
0.0,12,0.323634
0.0,3,0.323763
0.0,4,0.323912
0.0,5,0.324077
0.0,1,0.324153
0.0,3,0.324275
0.0,4,0.324424
0.0,6,0.324627
0.0,14,0.324991
0.0,8,0.32522
0.0,17,0.325663
0.0,5,0.325836
0.0,7,0.32605
0.0,1,0.326126
0.0,11,0.326425
0.0,5,0.326611
0.0,5,0.326778
0.0,1,0.326858
0.0,6,0.327046
0.0,8,0.327285
0.0,12,0.327622
0.0,7,0.327838
0.0,7,0.328056
0.0,11,0.328347
0.0,6,0.32855
0.0,10,0.328826
0.0,4,0.328973
0.0,4,0.329121
0.0,9,0.329376
1.0,25,0.329988
0.0,1,0.33007
0.0,11,0.330364
0.0,2,0.330477
0.0,15,0.330865
0.0,5,0.331029
0.0,12,0.331351
0.0,2,0.331456
0.0,54,0.332684
0.0,3,0.332813
0.0,3,0.332939
0.0,3,0.333066
0.0,15,0.333442
0.0,4,0.333595
0.0,7,0.333802
0.0,3,0.333926
0.0,6,0.334111
1.0,10,0.334386
0.0,5,0.334562
0.0,15,0.334942
0.0,8,0.335181
0.0,3,0.335308
0.0,21,0.335838
0.0,15,0.336223
0.0,5,0.336387
0.0,4,0.336547
0.0,11,0.336846
0.0,5,0.337014
0.0,22,0.337541
0.0,3,0.337667
0.0,3,0.337795
0.0,5,0.33796
0.0,6,0.338144
0.0,7,0.33835
0.0,31,0.339073
0.0,8,0.339302
0.0,3,0.339427
1.0,13,0.339769
0.0,34,0.34057
0.0,3,0.340695
0.0,5,0.340859
0.0,4,0.341003
0.0,26,0.341637
0.0,3,0.341767
0.0,30,0.342484
0.0,10,0.342757
0.0,3,0.342884
0.0,5,0.343047
0.0,26,0.343665
0.0,6,0.343851
0.0,6,0.344036
0.0,4,0.344179
0.0,8,0.344419
0.0,4,0.34457
0.0,7,0.344777
0.0,2,0.344876
0.0,4,0.345023
0.0,1,0.345099
0.0,6,0.345293
0.0,2,0.345392
0.0,3,0.345524
0.0,4,0.345668
0.0,6,0.345857
0.0,8,0.346087
0.0,1,0.346162
0.0,3,0.346288
0.0,1,0.346365
0.0,2,0.346473
0.0,3,0.346605
0.0,3,0.346731
0.0,8,0.346966
0.0,14,0.347333
0.0,3,0.347461
1.0,11,0.34777
0.0,3,0.347893
0.0,18,0.348346
0.0,13,0.34869
0.0,10,0.348966
0.0,7,0.349178
0.0,10,0.349457
0.0,11,0.349758
0.0,6,0.349943
0.0,12,0.350264
0.0,9,0.350522
0.0,15,0.350906
0.0,8,0.351143
0.0,11,0.351445
1.0,9,0.351712
0.0,1,0.351789
0.0,1,0.351864
0.0,8,0.352092
0.0,1,0.352167
0.0,8,0.352392
1.0,13,0.352734
0.0,25,0.35332
1.0,17,0.353764
0.0,8,0.354002
0.0,6,0.3542
0.0,5,0.354372
0.0,17,0.354815
0.0,14,0.355183
0.0,7,0.355396
0.0,40,0.356319
0.0,3,0.356448
0.0,11,0.356751
0.0,4,0.356898
0.0,14,0.357262
0.0,14,0.357638
0.0,4,0.357784
1.0,20,0.358279
0.0,7,0.358506
0.0,11,0.358808
0.0,3,0.358936
0.0,11,0.359235
0.0,10,0.359523
0.0,1,0.359601
0.0,8,0.359831
0.0,5,0.359995
1.0,16,0.360399
0.0,2,0.360511
0.0,16,0.360921
0.0,6,0.361109
0.0,5,0.361273
0.0,4,0.361414
0.0,8,0.361668
0.0,8,0.361905
0.0,3,0.362027
0.0,5,0.362198
0.0,11,0.362508
0.0,3,0.362633
0.0,1,0.362711
0.0,3,0.362834
0.0,3,0.362956
0.0,4,0.363098
0.0,2,0.363197
0.0,13,0.363543
0.0,2,0.363644
0.0,11,0.363934
0.0,4,0.364082
0.0,1,0.364158
0.0,6,0.364345
0.0,2,0.364449
0.0,9,0.364706
0.0,5,0.364879
0.0,15,0.36526
0.0,14,0.36563
0.0,3,0.365761
0.0,3,0.365884
0.0,16,0.366287
0.0,3,0.366414
0.0,45,0.367445
0.0,1,0.367535
1.0,6,0.367727
0.0,20,0.368214
0.0,21,0.368739
0.0,5,0.368907
0.0,6,0.369094
0.0,6,0.369279
0.0,4,0.369428
0.0,13,0.369784
0.0,7,0.370002
0.0,3,0.370126
0.0,7,0.370344
0.0,2,0.370451
0.0,3,0.370585
0.0,2,0.370691
0.0,15,0.371072
0.0,2,0.371174
0.0,14,0.371553
0.0,3,0.371684
0.0,7,0.371894
0.0,5,0.372059
0.0,8,0.372294
0.0,1,0.372372
0.0,2,0.372486
0.0,5,0.372655
0.0,9,0.372914
0.0,12,0.37324
0.0,6,0.373428
0.0,1,0.373513
0.0,12,0.373843
0.0,8,0.374084
0.0,23,0.37467
0.0,1,0.37475
1.0,35,0.375555
0.0,6,0.375748
0.0,12,0.376061
0.0,4,0.376205
0.0,7,0.376429
0.0,20,0.37693
0.0,12,0.377245
0.0,5,0.377418
0.0,2,0.377527
0.0,8,0.377765
0.0,4,0.37791
0.0,1,0.37799
0.0,24,0.378578
0.0,5,0.378752
0.0,1,0.37883
0.0,7,0.379045
1.0,16,0.379446
0.0,8,0.379692
0.0,2,0.379795
0.0,5,0.379966
0.0,11,0.380259
0.0,1,0.38034
0.0,15,0.380731
0.0,7,0.380949
0.0,7,0.381168
0.0,3,0.381299
0.0,5,0.38148
0.0,5,0.381654
0.0,3,0.381777
0.0,8,0.38201
0.0,12,0.382321
0.0,32,0.383071
0.0,24,0.383709
0.0,4,0.383855
0.0,7,0.384064
0.0,1,0.38414
0.0,9,0.38439
0.0,12,0.384719
0.0,14,0.385077
0.0,13,0.385412
0.0,1,0.385502
0.0,4,0.385649
1.0,16,0.38605
1.0,35,0.386897
0.0,3,0.387022
0.0,3,0.387149
0.0,11,0.387453
0.0,2,0.387564
0.0,2,0.387665
0.0,19,0.388138
0.0,4,0.388289
0.0,7,0.38852
0.0,6,0.388711
0.0,3,0.388833
0.0,7,0.38904
0.0,3,0.389168
0.0,2,0.389271
0.0,9,0.389538
0.0,6,0.389728
0.0,3,0.389854
1.0,21,0.390369
0.0,9,0.39064
0.0,4,0.390788
0.0,5,0.390958
0.0,10,0.391231
0.0,12,0.391559
0.0,4,0.391704
0.0,4,0.391859
0.0,7,0.39207
0.0,6,0.392257
0.0,1,0.392334
0.0,10,0.392617
0.0,13,0.392961
0.0,2,0.393062
0.0,3,0.393184
0.0,4,0.393333
0.0,8,0.39358
0.0,10,0.393854
0.0,20,0.394347
1.0,13,0.394695
0.0,8,0.394934
0.0,2,0.395041
1.0,19,0.395523
0.0,3,0.395648
0.0,9,0.3959
0.0,7,0.396122
0.0,8,0.396358
0.0,5,0.39654
0.0,6,0.39673
0.0,3,0.39686
0.0,4,0.397012
0.0,5,0.397183
0.0,11,0.397495
0.0,3,0.397621
0.0,16,0.398021
0.0,15,0.398414
0.0,11,0.398724
0.0,7,0.398936
0.0,4,0.399085
0.0,20,0.399586
0.0,13,0.399927
0.0,3,0.400051
0.0,22,0.400594
0.0,25,0.40119
0.0,16,0.401609
0.0,6,0.401805
0.0,8,0.402033
0.0,3,0.402155
0.0,8,0.402385
0.0,5,0.402566
0.0,5,0.402738
0.0,3,0.402867
0.0,14,0.403226
0.0,11,0.403534
0.0,16,0.403942
0.0,3,0.404066
0.0,3,0.404189
0.0,7,0.404396
0.0,7,0.404611
0.0,18,0.405063
0.0,5,0.40523
0.0,5,0.405401
0.0,8,0.405644
0.0,12,0.40597
0.0,3,0.406102
0.0,2,0.406204
0.0,3,0.406332
0.0,2,0.406434
0.0,2,0.406545
0.0,12,0.40687
0.0,12,0.407247
0.0,2,0.407359
0.0,5,0.407539
0.0,9,0.407798
0.0,4,0.407945
0.0,21,0.408461
0.0,19,0.408942
0.0,18,0.409389
1.0,15,0.409815
0.0,18,0.410269
0.0,3,0.410399
0.0,7,0.410628
0.0,27,0.411277
0.0,8,0.411519
0.0,3,0.411642
0.0,1,0.411717
0.0,5,0.411888
0.0,12,0.412212
1.0,6,0.412401
0.0,16,0.412843
0.0,25,0.41344
0.0,3,0.413577
0.0,12,0.413899
0.0,1,0.413977
0.0,10,0.414254
0.0,7,0.414478
0.0,1,0.414561
0.0,2,0.414664
0.0,11,0.414954
0.0,6,0.41515
0.0,7,0.415369
0.0,10,0.415658
0.0,7,0.415869
0.0,2,0.415968
0.0,2,0.416066
0.0,1,0.41614
0.0,14,0.416512
0.0,9,0.416763
0.0,5,0.416926
0.0,15,0.417299
0.0,5,0.417463
0.0,12,0.417794
0.0,2,0.417895
0.0,18,0.418337
0.0,10,0.418618
0.0,1,0.418695
0.0,9,0.418944
0.0,25,0.419538
0.0,2,0.419638
0.0,6,0.419823
0.0,10,0.420094
0.0,1,0.420173
0.0,15,0.420568
0.0,5,0.420734
0.0,4,0.420877
0.0,8,0.421109
0.0,7,0.421314
0.0,19,0.421799
0.0,5,0.421969
0.0,3,0.422092
0.0,12,0.422411
0.0,15,0.422801
0.0,4,0.422949
0.0,25,0.423557
0.0,16,0.423965
0.0,5,0.424137
0.0,8,0.424375
0.0,8,0.424621
0.0,1,0.424702
0.0,8,0.42494
0.0,22,0.425482
0.0,6,0.425671
0.0,18,0.426129
0.0,2,0.42623
0.0,8,0.426477
0.0,8,0.426716
0.0,16,0.427123
0.0,2,0.427223
0.0,10,0.42752
0.0,10,0.4278
0.0,3,0.427928
0.0,11,0.428235
0.0,3,0.428362
0.0,2,0.428462
0.0,9,0.42873
0.0,4,0.428882
0.0,16,0.429288
0.0,25,0.429896
0.0,5,0.430068
0.0,3,0.430191
0.0,8,0.430418
0.0,3,0.430549
0.0,3,0.430672
0.0,1,0.430746
0.0,10,0.431027
0.0,6,0.431218
0.0,7,0.431427
0.0,11,0.431732
0.0,1,0.431809
0.0,2,0.43191
0.0,9,0.432166
0.0,7,0.432379
0.0,8,0.432624
0.0,4,0.43277
0.0,9,0.433028
0.0,3,0.433155
0.0,16,0.433562
0.0,43,0.434545
0.0,11,0.434839
0.0,6,0.43503
0.0,22,0.435569
0.0,4,0.435714
1.0,17,0.436129
0.0,5,0.436297
0.0,1,0.436373
0.0,9,0.436644
0.0,8,0.436876
0.0,8,0.437113
0.0,10,0.43738
0.0,5,0.437562
0.0,9,0.43782
0.0,4,0.437971
0.0,9,0.438221
0.0,2,0.438324
0.0,12,0.438658
0.0,12,0.438973
0.0,4,0.439115
0.0,8,0.439353
0.0,4,0.439513
0.0,16,0.439913
0.0,15,0.440301
0.0,15,0.440698
0.0,19,0.441166
0.0,4,0.44131
0.0,3,0.441432
0.0,5,0.441609
0.0,1,0.441691
0.0,8,0.44192
0.0,7,0.44213
0.0,3,0.442257
0.0,14,0.442642
0.0,5,0.442815
0.0,10,0.443095
0.0,5,0.44327
0.0,3,0.443398
0.0,2,0.443509
1.0,22,0.444039
0.0,6,0.444225
0.0,6,0.44441
0.0,12,0.444738
0.0,5,0.444904
0.0,24,0.445484
0.0,10,0.445764
0.0,3,0.445886
0.0,6,0.44607
0.0,20,0.446569
0.0,7,0.446782
0.0,1,0.446859
0.0,3,0.44698
0.0,9,0.447236
0.0,6,0.447428
0.0,1,0.447514
0.0,20,0.448008
0.0,8,0.448241
0.0,5,0.448406
0.0,2,0.448514
0.0,1,0.44859
0.0,26,0.449201
0.0,6,0.449393
0.0,12,0.449734
0.0,3,0.449857
0.0,5,0.450021
0.0,4,0.450162
0.0,6,0.450353
0.0,4,0.450513
0.0,12,0.450831
0.0,9,0.451089
0.0,2,0.451189
0.0,2,0.451287
0.0,8,0.451526
0.0,10,0.451797
0.0,1,0.451874
0.0,10,0.45215
1.0,15,0.452555
0.0,2,0.452672
0.0,3,0.452796
0.0,9,0.453047
0.0,12,0.453365
0.0,3,0.453501
0.0,2,0.453603
0.0,1,0.453679
0.0,6,0.453872
0.0,9,0.454123
0.0,4,0.454265
0.0,20,0.454749
0.0,9,0.455002
0.0,8,0.455238
0.0,4,0.455381
0.0,5,0.45557
0.0,4,0.455729
0.0,15,0.456103
0.0,7,0.456307
0.0,18,0.456765
0.0,6,0.456953
0.0,13,0.457285
0.0,2,0.457384
0.0,9,0.457644
0.0,10,0.457914
0.0,7,0.45813
0.0,8,0.458359
0.0,14,0.458727
0.0,9,0.458987
0.0,3,0.45911
0.0,1,0.459185
0.0,5,0.459357
0.0,9,0.459631
0.0,1,0.459708
0.0,7,0.459914
0.0,18,0.460356
0.0,1,0.460433
0.0,2,0.460542
0.0,14,0.460895
0.0,6,0.461086
0.0,2,0.461192
0.0,4,0.461336
0.0,13,0.46168
0.0,12,0.461993
0.0,9,0.462248
0.0,3,0.462368
0.0,3,0.462506
0.0,3,0.462629
0.0,2,0.462729
0.0,3,0.462849
0.0,3,0.462974
0.0,4,0.463118
0.0,6,0.463303
0.0,4,0.463445
0.0,2,0.463554
0.0,7,0.463761
0.0,12,0.464077
0.0,3,0.464198
0.0,19,0.464677
0.0,7,0.464886
0.0,18,0.465332
0.0,5,0.465507
0.0,1,0.465583
0.0,4,0.465731
0.0,4,0.465874
0.0,27,0.466522
0.0,17,0.466967
0.0,12,0.467284
0.0,4,0.467427
0.0,2,0.46754
0.0,11,0.467841
0.0,4,0.46799
0.0,6,0.468177
0.0,6,0.468362
0.0,15,0.46875
1.0,18,0.469201
0.0,12,0.469526
0.0,10,0.469797
0.0,11,0.470095
0.0,6,0.470287
0.0,6,0.470486
0.0,6,0.470685
0.0,3,0.470807
0.0,19,0.471276
0.0,29,0.471975
0.0,6,0.472182
0.0,8,0.472415
0.0,3,0.472551
0.0,6,0.472744
0.0,21,0.473245
0.0,33,0.47403
0.0,1,0.474109
0.0,6,0.474306
0.0,2,0.474406
0.0,6,0.474602
0.0,9,0.474859
0.0,20,0.475342
0.0,12,0.475672
0.0,19,0.47614
0.0,5,0.476304
0.0,9,0.476575
0.0,20,0.477077
0.0,5,0.477243
0.0,1,0.477322
0.0,10,0.477606
0.0,16,0.478003
0.0,10,0.478278
1.0,6,0.478471
0.0,11,0.478771
0.0,11,0.479069
0.0,11,0.479358
0.0,14,0.479727
0.0,6,0.479916
0.0,9,0.480171
0.0,3,0.480295
0.0,9,0.480561
1.0,9,0.48082
0.0,4,0.480963
0.0,7,0.481178
0.0,5,0.481342
1.0,8,0.481579
0.0,9,0.481834
0.0,10,0.482118
0.0,8,0.482347
0.0,5,0.482532
0.0,10,0.482813
0.0,6,0.482999
0.0,17,0.483426
0.0,2,0.483541
0.0,3,0.48367
0.0,5,0.483841
0.0,5,0.484019
0.0,15,0.484402
0.0,8,0.484652
0.0,5,0.484821
0.0,8,0.485055
0.0,4,0.485199
0.0,6,0.485392
0.0,2,0.485502
0.0,7,0.48571
0.0,3,0.485833
0.0,1,0.485908
0.0,7,0.486127
1.0,21,0.486658
0.0,2,0.48676
1.0,7,0.486968
0.0,3,0.487091
0.0,3,0.487218
0.0,15,0.487616
0.0,4,0.487762
0.0,3,0.487885
0.0,13,0.488218
0.0,7,0.48843
0.0,2,0.488545
0.0,3,0.488674
0.0,1,0.488751
0.0,7,0.488965
0.0,18,0.489409
0.0,10,0.489701
0.0,17,0.49012
0.0,15,0.490521
0.0,1,0.490606
0.0,8,0.490843
0.0,5,0.491009
0.0,2,0.491109
1.0,27,0.491764
0.0,8,0.491999
0.0,3,0.492127
0.0,2,0.492234
0.0,3,0.492356
0.0,9,0.492625
0.0,6,0.492815
0.0,3,0.492941
0.0,4,0.493086
0.0,5,0.493249
0.0,2,0.493348
0.0,21,0.493866
0.0,7,0.494083
0.0,5,0.494249
