#{"t_start": 1522145424.2244477, "env_id": "MyFrozenLake-v0"}
r,l,t
0.0,3,0.00721
0.0,5,0.007406
0.0,3,0.00754
0.0,20,0.008065
0.0,11,0.008398
0.0,3,0.008531
0.0,19,0.00904
0.0,16,0.00947
0.0,2,0.009581
0.0,11,0.009901
0.0,4,0.010054
0.0,2,0.010173
0.0,12,0.010522
0.0,4,0.010675
0.0,5,0.010847
0.0,1,0.010925
0.0,3,0.011053
0.0,5,0.011243
0.0,17,0.011688
0.0,25,0.012324
0.0,9,0.012599
0.0,7,0.012817
0.0,20,0.013342
0.0,1,0.013424
0.0,3,0.013559
0.0,14,0.013953
0.0,1,0.014035
0.0,1,0.014121
0.0,22,0.014683
0.0,17,0.015145
0.0,3,0.015275
0.0,3,0.015404
0.0,6,0.0156
0.0,4,0.015763
0.0,23,0.01636
0.0,10,0.016654
0.0,19,0.017153
0.0,5,0.017343
0.0,8,0.017594
0.0,1,0.017673
0.0,28,0.018395
0.0,16,0.018817
0.0,8,0.019071
1.0,13,0.019433
0.0,3,0.019559
0.0,9,0.019837
0.0,17,0.020295
0.0,9,0.020571
0.0,13,0.020923
0.0,1,0.021002
0.0,29,0.021733
1.0,15,0.022139
1.0,11,0.022454
0.0,24,0.023062
0.0,3,0.023204
1.0,16,0.023625
0.0,7,0.023855
0.0,15,0.02426
0.0,3,0.02439
0.0,21,0.024947
0.0,14,0.025362
0.0,5,0.025537
0.0,18,0.025994
0.0,13,0.026371
0.0,22,0.026918
0.0,8,0.027191
0.0,7,0.027419
0.0,8,0.02766
0.0,5,0.027832
0.0,21,0.028383
1.0,30,0.029135
0.0,18,0.029601
0.0,2,0.029712
0.0,17,0.030186
0.0,7,0.030421
0.0,8,0.030663
0.0,5,0.030843
0.0,3,0.030977
0.0,3,0.031122
0.0,3,0.031251
0.0,2,0.031356
0.0,32,0.032159
0.0,1,0.032241
0.0,7,0.032471
0.0,7,0.032693
0.0,2,0.032797
0.0,9,0.033073
0.0,2,0.033192
0.0,17,0.033633
0.0,1,0.033719
0.0,4,0.033873
0.0,4,0.03403
0.0,1,0.034119
0.0,4,0.03428
0.0,2,0.034392
0.0,7,0.034612
0.0,9,0.034889
0.0,6,0.035104
0.0,3,0.035234
0.0,2,0.035339
0.0,9,0.035611
0.0,6,0.035808
0.0,10,0.036112
0.0,8,0.036363
0.0,9,0.036642
0.0,3,0.036772
0.0,3,0.0369
0.0,5,0.037086
0.0,21,0.037639
0.0,9,0.037914
0.0,9,0.038198
0.0,4,0.038357
0.0,31,0.039131
0.0,8,0.039383
0.0,7,0.039608
1.0,19,0.040111
0.0,5,0.040293
0.0,4,0.040444
0.0,10,0.040733
0.0,7,0.040951
0.0,5,0.041139
0.0,3,0.041268
0.0,11,0.041577
0.0,4,0.041726
0.0,3,0.041853
0.0,2,0.041957
0.0,6,0.042173
0.0,7,0.042411
0.0,1,0.042491
0.0,7,0.042723
0.0,11,0.04305
0.0,11,0.043378
0.0,16,0.043794
0.0,3,0.043922
0.0,13,0.044279
0.0,40,0.045244
0.0,7,0.045478
0.0,11,0.045787
0.0,1,0.045866
0.0,1,0.045943
0.0,3,0.04607
0.0,11,0.046393
0.0,3,0.046521
0.0,9,0.046789
0.0,3,0.046923
1.0,23,0.047519
0.0,32,0.048311
0.0,4,0.048472
0.0,8,0.048714
0.0,1,0.048795
0.0,22,0.049382
0.0,13,0.049777
0.0,4,0.04993
0.0,19,0.050459
0.0,12,0.050802
0.0,14,0.051203
1.0,14,0.051585
0.0,9,0.051855
0.0,27,0.052524
1.0,31,0.053303
0.0,8,0.053544
0.0,18,0.054014
1.0,9,0.054288
0.0,5,0.054466
0.0,16,0.054892
0.0,5,0.055064
1.0,17,0.055523
0.0,8,0.055761
0.0,10,0.056056
0.0,6,0.05627
0.0,7,0.056497
0.0,6,0.056693
1.0,7,0.056924
0.0,7,0.057153
0.0,11,0.057464
0.0,1,0.057542
0.0,1,0.057625
0.0,19,0.058152
0.0,4,0.058307
0.0,9,0.058576
0.0,10,0.058875
0.0,11,0.059204
0.0,8,0.059453
1.0,20,0.059957
0.0,1,0.060039
0.0,17,0.060494
1.0,19,0.060996
0.0,16,0.061432
0.0,22,0.061998
0.0,5,0.062183
0.0,1,0.062263
0.0,16,0.0627
0.0,21,0.063245
0.0,4,0.063398
0.0,11,0.063712
0.0,2,0.063822
0.0,4,0.063981
0.0,7,0.064216
1.0,8,0.064465
0.0,9,0.064734
0.0,1,0.064816
0.0,15,0.065231
0.0,5,0.065408
0.0,5,0.065581
0.0,5,0.065752
0.0,4,0.065902
0.0,1,0.065984
0.0,6,0.0662
0.0,6,0.066403
0.0,2,0.066514
1.0,12,0.06686
0.0,3,0.066987
1.0,21,0.067534
0.0,14,0.067906
0.0,20,0.068434
0.0,17,0.068882
0.0,1,0.068965
0.0,7,0.069197
0.0,20,0.069717
0.0,11,0.070042
0.0,4,0.070205
0.0,1,0.070284
0.0,28,0.070973
0.0,21,0.071528
0.0,3,0.071658
0.0,27,0.072338
0.0,14,0.07273
0.0,7,0.072948
0.0,62,0.074412
0.0,6,0.074624
0.0,1,0.074704
0.0,24,0.075312
0.0,18,0.075793
0.0,5,0.075969
0.0,7,0.076213
0.0,11,0.076524
0.0,10,0.076815
0.0,9,0.077077
0.0,3,0.077216
0.0,6,0.077422
1.0,13,0.07779
0.0,3,0.077918
0.0,5,0.078101
0.0,28,0.078807
0.0,10,0.07912
0.0,4,0.079283
0.0,15,0.079684
0.0,9,0.079954
0.0,8,0.080218
0.0,7,0.08045
0.0,4,0.080605
0.0,2,0.080712
0.0,3,0.08084
0.0,3,0.080967
0.0,5,0.08115
0.0,3,0.081279
0.0,6,0.081476
0.0,2,0.081586
0.0,11,0.081908
0.0,6,0.082116
0.0,6,0.08232
0.0,3,0.082457
0.0,12,0.0828
0.0,6,0.082997
0.0,6,0.083203
0.0,4,0.083362
0.0,5,0.083536
0.0,2,0.083641
0.0,6,0.083848
0.0,17,0.084323
0.0,28,0.085049
0.0,2,0.085165
0.0,9,0.085436
0.0,6,0.085633
0.0,38,0.086571
0.0,14,0.086961
0.0,10,0.087254
0.0,1,0.087334
1.0,10,0.087621
0.0,8,0.087868
0.0,6,0.088065
0.0,6,0.088285
0.0,10,0.088578
0.0,16,0.08901
0.0,52,0.090254
0.0,6,0.090452
0.0,12,0.090786
0.0,12,0.091128
0.0,20,0.09163
0.0,7,0.091847
0.0,6,0.092046
0.0,3,0.09219
0.0,26,0.092845
0.0,8,0.093096
0.0,7,0.093313
1.0,19,0.093795
0.0,6,0.094001
0.0,6,0.094208
0.0,2,0.094317
1.0,10,0.094603
0.0,41,0.095607
0.0,1,0.095689
0.0,5,0.095864
0.0,8,0.096128
0.0,30,0.096864
0.0,9,0.097145
0.0,5,0.097321
0.0,3,0.097449
0.0,4,0.097598
0.0,5,0.097768
0.0,6,0.097969
0.0,27,0.098655
0.0,7,0.098878
0.0,12,0.099233
0.0,1,0.099315
0.0,19,0.099826
0.0,21,0.100369
0.0,14,0.100765
0.0,3,0.100894
0.0,9,0.101188
0.0,9,0.101452
0.0,7,0.101676
0.0,22,0.102257
0.0,6,0.102465
0.0,5,0.102639
0.0,8,0.102886
0.0,16,0.10332
1.0,13,0.103676
0.0,2,0.103781
0.0,5,0.103956
0.0,1,0.104034
0.0,3,0.104178
0.0,9,0.104445
0.0,8,0.104691
0.0,22,0.105265
0.0,5,0.105448
0.0,3,0.105576
0.0,8,0.105816
0.0,4,0.105965
0.0,7,0.106195
0.0,5,0.106368
0.0,12,0.106714
0.0,5,0.106888
0.0,11,0.107213
1.0,8,0.10754
0.0,4,0.107704
0.0,12,0.10805
0.0,17,0.108508
0.0,14,0.108895
0.0,3,0.10903
0.0,14,0.109426
0.0,13,0.109785
0.0,4,0.109935
0.0,10,0.110242
0.0,17,0.11069
0.0,5,0.110866
0.0,19,0.111372
0.0,55,0.112731
0.0,7,0.112949
0.0,17,0.113435
0.0,11,0.113743
0.0,2,0.113853
0.0,6,0.11406
0.0,15,0.114482
0.0,2,0.114594
0.0,4,0.114743
0.0,4,0.1149
0.0,14,0.115299
0.0,2,0.115406
0.0,8,0.115646
0.0,4,0.115796
0.0,17,0.116276
0.0,8,0.116529
0.0,19,0.117029
0.0,7,0.11726
0.0,8,0.117506
0.0,1,0.117588
0.0,9,0.117864
0.0,7,0.118092
0.0,11,0.118407
0.0,1,0.118485
0.0,2,0.118595
0.0,5,0.118779
0.0,1,0.118857
0.0,3,0.118989
0.0,4,0.11915
0.0,5,0.119323
0.0,1,0.1194
0.0,1,0.119477
0.0,6,0.119672
0.0,2,0.119775
0.0,6,0.119975
0.0,1,0.120053
0.0,4,0.120212
1.0,10,0.120496
0.0,35,0.121356
1.0,21,0.121897
0.0,9,0.122177
0.0,12,0.122509
0.0,19,0.123013
0.0,12,0.123363
0.0,12,0.12369
0.0,3,0.123821
0.0,2,0.12393
0.0,6,0.124139
0.0,6,0.124334
1.0,20,0.124831
0.0,7,0.125046
0.0,14,0.125451
0.0,4,0.125601
0.0,8,0.125843
0.0,18,0.126321
0.0,13,0.126672
0.0,26,0.127344
0.0,5,0.127525
0.0,11,0.127831
0.0,4,0.127981
0.0,5,0.128172
0.0,3,0.1283
0.0,23,0.128876
0.0,5,0.129048
0.0,16,0.129485
0.0,4,0.129635
0.0,4,0.129782
0.0,4,0.129936
0.0,16,0.130373
0.0,1,0.130453
0.0,14,0.130842
0.0,16,0.13129
0.0,2,0.131403
0.0,9,0.131676
0.0,2,0.13178
0.0,24,0.132405
0.0,21,0.132948
0.0,15,0.133364
0.0,2,0.133475
0.0,4,0.133627
0.0,1,0.133704
0.0,14,0.134099
0.0,5,0.134282
0.0,3,0.134411
0.0,2,0.134513
0.0,18,0.134982
0.0,6,0.135192
0.0,19,0.135684
1.0,8,0.135922
0.0,6,0.136127
0.0,20,0.136646
0.0,39,0.137586
0.0,3,0.137722
0.0,10,0.138016
0.0,6,0.138234
1.0,12,0.138564
0.0,7,0.138792
0.0,7,0.139014
0.0,20,0.139532
0.0,2,0.139637
1.0,12,0.13998
0.0,5,0.140164
0.0,6,0.140369
0.0,9,0.140636
1.0,10,0.140928
0.0,16,0.141362
0.0,22,0.141927
1.0,16,0.142364
0.0,7,0.142582
0.0,9,0.142841
0.0,11,0.143167
0.0,7,0.143393
0.0,1,0.143477
0.0,3,0.143606
0.0,3,0.143738
1.0,30,0.144492
0.0,3,0.144622
0.0,8,0.14486
0.0,6,0.145055
1.0,26,0.145715
0.0,27,0.146404
1.0,13,0.146764
0.0,1,0.146847
0.0,13,0.147222
1.0,6,0.14742
0.0,7,0.147652
0.0,19,0.14817
0.0,1,0.148255
1.0,10,0.148551
0.0,1,0.14863
0.0,2,0.148739
0.0,19,0.149241
0.0,4,0.1494
0.0,6,0.149596
0.0,12,0.149928
0.0,8,0.150176
0.0,1,0.150255
0.0,8,0.150493
0.0,5,0.150676
0.0,2,0.150786
0.0,19,0.151278
0.0,4,0.151437
0.0,10,0.151734
0.0,6,0.151948
0.0,8,0.152217
0.0,2,0.152325
0.0,3,0.152453
0.0,1,0.152531
0.0,7,0.152749
1.0,10,0.153039
0.0,5,0.15323
0.0,1,0.153311
0.0,26,0.153955
1.0,20,0.154481
0.0,8,0.154723
0.0,4,0.154883
0.0,6,0.155095
0.0,11,0.155415
0.0,1,0.155494
0.0,2,0.155603
0.0,4,0.155753
0.0,26,0.156414
0.0,2,0.156525
0.0,4,0.156676
0.0,1,0.156753
0.0,10,0.157043
0.0,4,0.157204
0.0,14,0.157569
0.0,12,0.15791
0.0,3,0.158037
0.0,5,0.158224
0.0,2,0.158328
0.0,1,0.158405
0.0,1,0.158482
0.0,4,0.158638
0.0,4,0.158794
0.0,4,0.158949
1.0,22,0.159518
0.0,2,0.159628
0.0,12,0.159957
0.0,32,0.160777
0.0,6,0.160972
0.0,8,0.161221
1.0,11,0.161538
0.0,5,0.161721
0.0,2,0.161825
0.0,10,0.162131
0.0,4,0.162282
0.0,1,0.162364
0.0,14,0.16275
0.0,3,0.162876
0.0,1,0.162953
0.0,23,0.163551
0.0,3,0.16368
0.0,9,0.163948
0.0,4,0.164113
0.0,5,0.164288
0.0,1,0.164366
0.0,3,0.164492
0.0,2,0.164593
0.0,1,0.16467
0.0,4,0.164826
0.0,2,0.164935
0.0,21,0.165476
0.0,15,0.165878
0.0,8,0.166146
0.0,3,0.166281
0.0,3,0.166409
0.0,10,0.166691
0.0,2,0.166793
0.0,6,0.16699
0.0,30,0.167739
0.0,5,0.167916
0.0,11,0.168235
0.0,22,0.168783
0.0,27,0.169463
0.0,16,0.169885
1.0,24,0.170502
0.0,5,0.170682
0.0,1,0.170762
0.0,18,0.17124
0.0,5,0.171414
1.0,19,0.171912
0.0,8,0.172171
0.0,7,0.172398
0.0,10,0.172694
0.0,6,0.172889
0.0,20,0.173421
0.0,4,0.173579
0.0,5,0.173755
0.0,2,0.173864
0.0,23,0.174456
0.0,6,0.17466
0.0,8,0.174898
0.0,6,0.1751
0.0,19,0.175593
0.0,28,0.176294
0.0,8,0.176542
0.0,7,0.176771
0.0,8,0.17701
0.0,7,0.177238
1.0,9,0.177508
0.0,16,0.177946
0.0,14,0.178338
0.0,4,0.178488
0.0,4,0.178647
0.0,11,0.178969
0.0,1,0.179049
0.0,3,0.179185
0.0,1,0.179264
0.0,2,0.179366
0.0,16,0.17978
0.0,4,0.179928
0.0,21,0.180484
0.0,8,0.180731
0.0,24,0.181344
0.0,11,0.181666
0.0,9,0.181929
0.0,4,0.182078
0.0,3,0.182215
0.0,19,0.182712
0.0,7,0.182939
0.0,4,0.183095
0.0,4,0.183247
0.0,1,0.183324
0.0,8,0.183574
0.0,16,0.184003
0.0,3,0.184143
0.0,7,0.184361
0.0,5,0.184535
0.0,16,0.184949
0.0,14,0.185328
0.0,9,0.185587
0.0,7,0.185801
0.0,19,0.186301
0.0,6,0.186496
0.0,6,0.18669
0.0,10,0.186973
0.0,4,0.18714
0.0,13,0.187504
0.0,13,0.18786
0.0,13,0.188222
0.0,5,0.188396
0.0,15,0.188797
0.0,2,0.188905
0.0,6,0.189117
0.0,3,0.189248
0.0,26,0.189904
0.0,9,0.190187
0.0,5,0.190367
0.0,10,0.190659
0.0,7,0.190878
0.0,2,0.190981
0.0,1,0.191058
0.0,2,0.19117
0.0,2,0.191274
0.0,3,0.1914
0.0,8,0.191636
0.0,2,0.191738
0.0,6,0.191936
0.0,7,0.192164
0.0,11,0.192468
0.0,12,0.192799
0.0,4,0.192947
0.0,4,0.193106
0.0,4,0.193257
0.0,4,0.193404
0.0,6,0.193604
0.0,2,0.193713
0.0,5,0.193883
0.0,12,0.194216
0.0,14,0.194591
0.0,1,0.19467
0.0,8,0.194924
0.0,19,0.195434
0.0,9,0.195709
0.0,9,0.195971
0.0,3,0.196109
0.0,1,0.196189
0.0,7,0.196406
1.0,12,0.196734
0.0,17,0.197236
0.0,7,0.197456
0.0,7,0.197679
0.0,14,0.198051
0.0,3,0.198197
0.0,9,0.19847
0.0,10,0.198757
0.0,5,0.198931
0.0,2,0.199039
0.0,27,0.199723
0.0,9,0.199989
0.0,5,0.200191
0.0,4,0.200352
0.0,5,0.200527
0.0,5,0.200705
1.0,10,0.201001
0.0,13,0.201367
1.0,12,0.201699
0.0,32,0.202489
0.0,16,0.20291
0.0,9,0.203193
0.0,8,0.203434
0.0,3,0.203561
0.0,1,0.203645
0.0,3,0.203775
0.0,11,0.204097
0.0,10,0.204383
0.0,3,0.204516
0.0,5,0.204689
0.0,1,0.204767
0.0,10,0.205066
0.0,6,0.205273
0.0,6,0.205481
1.0,23,0.206067
0.0,1,0.206157
0.0,5,0.20633
0.0,3,0.206456
0.0,9,0.206721
0.0,9,0.206984
0.0,7,0.207216
0.0,3,0.207415
0.0,4,0.207578
0.0,8,0.207829
1.0,7,0.208048
0.0,2,0.208163
0.0,1,0.208243
0.0,1,0.208322
0.0,5,0.208502
0.0,3,0.20863
0.0,1,0.208708
1.0,15,0.209124
0.0,3,0.209252
0.0,1,0.209329
0.0,1,0.209405
0.0,1,0.209481
0.0,7,0.209695
1.0,14,0.210089
0.0,3,0.210218
0.0,7,0.210432
0.0,8,0.210681
0.0,10,0.210974
0.0,2,0.211097
0.0,11,0.211408
0.0,18,0.211873
1.0,17,0.212325
0.0,4,0.212472
0.0,1,0.212554
0.0,1,0.212637
1.0,7,0.212858
0.0,17,0.213311
0.0,11,0.213629
0.0,6,0.213832
1.0,11,0.214154
0.0,4,0.214312
0.0,1,0.214395
0.0,7,0.214638
0.0,1,0.214722
0.0,8,0.21497
0.0,8,0.215233
0.0,3,0.215367
0.0,4,0.215518
0.0,9,0.215783
1.0,11,0.216104
0.0,8,0.216344
0.0,15,0.216732
0.0,9,0.216998
0.0,4,0.217161
0.0,6,0.217361
0.0,21,0.217901
0.0,10,0.218206
0.0,4,0.218356
0.0,7,0.218578
0.0,5,0.21875
0.0,3,0.218876
0.0,1,0.218956
0.0,1,0.219034
0.0,17,0.219504
0.0,3,0.219645
0.0,2,0.219749
0.0,1,0.21983
0.0,10,0.220129
0.0,1,0.220209
0.0,5,0.220381
0.0,7,0.220595
0.0,1,0.220672
0.0,5,0.220845
0.0,3,0.220969
0.0,20,0.221491
0.0,4,0.221643
0.0,2,0.221746
0.0,9,0.222003
0.0,1,0.222093
0.0,4,0.222246
0.0,4,0.222399
0.0,10,0.222682
0.0,4,0.22283
0.0,10,0.223125
0.0,6,0.223333
0.0,22,0.223894
0.0,4,0.224045
0.0,10,0.224343
0.0,9,0.224604
0.0,27,0.225291
0.0,11,0.225604
0.0,38,0.22653
0.0,6,0.22673
0.0,5,0.226913
0.0,7,0.227146
0.0,3,0.227273
0.0,1,0.22735
0.0,5,0.227532
0.0,12,0.227866
0.0,25,0.228515
0.0,6,0.228712
0.0,4,0.228862
0.0,6,0.229057
0.0,5,0.229239
0.0,3,0.229365
0.0,1,0.229442
0.0,5,0.229614
0.0,3,0.229739
0.0,3,0.229864
0.0,4,0.23001
0.0,12,0.230352
0.0,9,0.230612
0.0,1,0.23069
0.0,5,0.230861
1.0,11,0.231181
1.0,20,0.231702
0.0,8,0.231941
0.0,4,0.232099
0.0,5,0.232271
0.0,2,0.232373
0.0,2,0.232475
1.0,28,0.233176
1.0,9,0.233444
0.0,8,0.23368
0.0,9,0.233939
0.0,5,0.234127
0.0,11,0.234437
0.0,8,0.234681
0.0,5,0.234854
0.0,17,0.235312
0.0,6,0.235515
0.0,1,0.235593
0.0,13,0.235953
0.0,26,0.236602
0.0,10,0.236897
0.0,2,0.237
0.0,3,0.237137
0.0,3,0.237262
0.0,5,0.237433
0.0,3,0.237564
0.0,5,0.237744
0.0,4,0.237893
0.0,9,0.238174
0.0,11,0.23848
0.0,5,0.238662
0.0,5,0.238841
0.0,12,0.239187
0.0,7,0.239405
0.0,13,0.239758
0.0,2,0.239863
0.0,5,0.240035
0.0,6,0.240243
0.0,4,0.2404
0.0,9,0.24066
0.0,11,0.24098
0.0,5,0.24117
0.0,11,0.241487
0.0,19,0.241964
0.0,6,0.242167
1.0,13,0.24252
1.0,23,0.243103
0.0,13,0.243448
0.0,25,0.244056
0.0,7,0.244284
0.0,18,0.244753
1.0,6,0.244948
0.0,7,0.24519
0.0,7,0.245416
0.0,1,0.245493
0.0,10,0.24578
0.0,14,0.246163
1.0,7,0.246394
0.0,6,0.246595
0.0,6,0.246799
0.0,15,0.247224
0.0,2,0.24733
0.0,3,0.247457
0.0,2,0.247559
0.0,11,0.247874
0.0,7,0.248108
0.0,3,0.248244
1.0,18,0.24871
1.0,16,0.249152
0.0,10,0.24944
0.0,23,0.250022
0.0,3,0.250162
1.0,9,0.250422
0.0,5,0.250601
1.0,18,0.251077
0.0,8,0.251326
1.0,8,0.251565
0.0,3,0.251695
0.0,7,0.251914
0.0,4,0.252064
1.0,25,0.252709
0.0,7,0.252935
0.0,5,0.253119
0.0,8,0.253368
0.0,12,0.253707
0.0,7,0.253934
0.0,5,0.254118
0.0,6,0.25433
0.0,5,0.254504
1.0,22,0.255046
0.0,8,0.25529
0.0,6,0.255493
0.0,2,0.255598
0.0,13,0.255965
0.0,6,0.256182
0.0,3,0.256312
0.0,15,0.256707
0.0,6,0.256912
0.0,2,0.257017
0.0,13,0.25739
0.0,2,0.257498
0.0,2,0.257602
0.0,2,0.257711
0.0,1,0.25779
0.0,3,0.257917
0.0,2,0.258021
0.0,2,0.258136
0.0,1,0.258215
0.0,9,0.258487
0.0,15,0.258889
0.0,6,0.259091
0.0,5,0.259279
0.0,8,0.259526
0.0,1,0.259605
0.0,9,0.259871
0.0,1,0.259949
0.0,20,0.260483
0.0,11,0.260799
0.0,6,0.260995
0.0,3,0.261132
0.0,4,0.261283
0.0,14,0.261677
0.0,10,0.261968
0.0,3,0.262108
0.0,9,0.262387
0.0,1,0.262465
0.0,12,0.2628
0.0,9,0.263068
0.0,2,0.263185
0.0,7,0.263415
1.0,11,0.263731
0.0,3,0.263857
0.0,12,0.264203
0.0,6,0.264399
0.0,1,0.264482
0.0,4,0.264645
0.0,1,0.264724
0.0,12,0.265068
0.0,9,0.265348
0.0,6,0.265546
0.0,25,0.266176
0.0,3,0.266313
0.0,21,0.266871
0.0,21,0.267429
0.0,1,0.26751
0.0,14,0.2679
0.0,2,0.268005
0.0,7,0.268239
0.0,20,0.268767
0.0,11,0.269088
0.0,15,0.269494
0.0,16,0.269922
0.0,5,0.270105
0.0,19,0.2706
0.0,2,0.270711
0.0,16,0.271154
0.0,9,0.27143
0.0,27,0.272105
0.0,3,0.272242
0.0,6,0.272447
0.0,18,0.272937
0.0,9,0.273219
0.0,6,0.27343
0.0,12,0.273772
0.0,2,0.273877
1.0,11,0.274207
0.0,3,0.27434
0.0,7,0.274567
0.0,10,0.274873
0.0,7,0.275102
0.0,10,0.275396
0.0,6,0.275594
0.0,1,0.275671
0.0,9,0.27593
0.0,2,0.276033
0.0,7,0.276263
0.0,11,0.276577
0.0,2,0.276683
0.0,4,0.276839
0.0,3,0.276967
0.0,10,0.277271
0.0,14,0.277671
0.0,10,0.277956
1.0,22,0.278521
0.0,7,0.278738
0.0,3,0.278863
0.0,8,0.279119
0.0,15,0.279527
0.0,1,0.279606
0.0,24,0.280249
0.0,1,0.280335
0.0,4,0.280494
0.0,5,0.280679
0.0,8,0.280927
0.0,13,0.281293
0.0,12,0.281631
0.0,9,0.2819
0.0,3,0.282028
0.0,11,0.28235
0.0,6,0.282555
0.0,12,0.282885
0.0,6,0.28309
0.0,2,0.283203
0.0,4,0.283354
0.0,1,0.283432
0.0,1,0.28351
0.0,2,0.283613
0.0,5,0.283793
0.0,5,0.283966
0.0,8,0.28423
0.0,6,0.28443
0.0,7,0.284647
0.0,6,0.284841
0.0,1,0.284918
0.0,4,0.285068
0.0,13,0.285441
0.0,11,0.285769
0.0,17,0.286218
0.0,20,0.286741
0.0,14,0.287125
0.0,9,0.287396
0.0,5,0.287577
0.0,3,0.28771
0.0,39,0.288657
0.0,5,0.288837
0.0,10,0.289148
0.0,2,0.289254
0.0,8,0.289495
0.0,5,0.289673
0.0,2,0.289778
0.0,11,0.29011
0.0,1,0.290191
0.0,7,0.290419
0.0,9,0.290687
0.0,39,0.291639
0.0,5,0.291821
0.0,3,0.291955
0.0,7,0.292195
0.0,16,0.29263
1.0,12,0.292979
0.0,22,0.293542
0.0,3,0.293682
0.0,30,0.294417
0.0,6,0.294613
0.0,3,0.294739
0.0,21,0.295304
0.0,3,0.295434
0.0,10,0.295724
1.0,19,0.296234
1.0,11,0.296543
1.0,7,0.296765
0.0,1,0.296843
0.0,23,0.297451
0.0,12,0.297788
0.0,5,0.297971
0.0,4,0.298141
0.0,4,0.2983
0.0,2,0.298405
0.0,1,0.298482
0.0,5,0.298663
0.0,1,0.298747
0.0,5,0.29892
0.0,5,0.29911
0.0,1,0.299191
0.0,35,0.300042
0.0,3,0.300185
0.0,1,0.300266
0.0,8,0.300505
0.0,2,0.300608
1.0,10,0.30091
0.0,1,0.300993
0.0,33,0.301809
0.0,8,0.302054
0.0,12,0.302401
0.0,6,0.302603
0.0,21,0.303162
0.0,15,0.303579
0.0,3,0.30371
1.0,16,0.30414
0.0,8,0.304393
0.0,16,0.304815
0.0,24,0.305424
0.0,2,0.305536
0.0,19,0.306019
0.0,18,0.306491
0.0,10,0.306774
0.0,9,0.307051
0.0,2,0.307167
0.0,6,0.307369
0.0,27,0.308119
0.0,3,0.308251
0.0,13,0.308617
0.0,19,0.309108
0.0,1,0.309188
0.0,11,0.309495
1.0,11,0.309803
0.0,13,0.310177
0.0,6,0.310373
0.0,1,0.310452
0.0,2,0.310555
1.0,16,0.310987
1.0,15,0.311403
0.0,1,0.311482
0.0,24,0.312092
0.0,11,0.312408
0.0,21,0.312942
0.0,6,0.313157
1.0,10,0.313455
0.0,19,0.313938
1.0,34,0.314774
1.0,17,0.31523
0.0,1,0.315313
1.0,9,0.315576
0.0,6,0.315768
0.0,20,0.316287
0.0,6,0.31649
0.0,11,0.316811
1.0,14,0.317194
0.0,3,0.317331
0.0,2,0.317436
0.0,2,0.317538
0.0,3,0.317663
0.0,1,0.317745
1.0,16,0.318179
0.0,5,0.318353
1.0,28,0.319035
0.0,7,0.319273
0.0,30,0.32002
0.0,6,0.32023
0.0,19,0.320724
0.0,1,0.320807
1.0,21,0.321362
0.0,11,0.321675
0.0,11,0.321992
0.0,30,0.322744
0.0,1,0.322829
0.0,4,0.32298
0.0,7,0.323207
1.0,9,0.323468
0.0,6,0.323668
0.0,4,0.323816
0.0,5,0.323992
0.0,3,0.324136
0.0,13,0.32449
0.0,3,0.324616
0.0,5,0.324797
0.0,8,0.325042
0.0,3,0.325189
0.0,4,0.325342
0.0,7,0.325557
0.0,12,0.325888
1.0,18,0.326361
0.0,5,0.326532
0.0,2,0.326634
0.0,4,0.326781
0.0,10,0.327061
0.0,8,0.327319
0.0,3,0.327447
0.0,20,0.327953
0.0,4,0.328122
1.0,15,0.328515
0.0,15,0.328916
0.0,1,0.328995
0.0,9,0.329279
0.0,6,0.329475
0.0,4,0.329624
0.0,8,0.329862
0.0,5,0.330032
0.0,3,0.330166
0.0,5,0.330336
0.0,9,0.330593
0.0,13,0.330963
0.0,4,0.331128
0.0,3,0.331261
0.0,24,0.331846
0.0,6,0.33205
0.0,4,0.33221
0.0,1,0.332294
0.0,9,0.332566
0.0,5,0.332745
0.0,2,0.332848
0.0,4,0.332995
0.0,6,0.333208
0.0,23,0.333792
0.0,7,0.334009
1.0,11,0.33436
0.0,6,0.334565
0.0,17,0.335028
1.0,7,0.335254
0.0,1,0.335332
0.0,29,0.336033
0.0,6,0.336243
0.0,22,0.336798
1.0,14,0.33718
1.0,17,0.337628
0.0,25,0.338305
0.0,15,0.338703
0.0,10,0.338994
1.0,13,0.339359
0.0,15,0.339755
1.0,20,0.340267
1.0,9,0.340525
0.0,8,0.340768
0.0,10,0.341057
0.0,2,0.341175
1.0,14,0.341547
0.0,7,0.341768
0.0,4,0.341924
0.0,11,0.342244
0.0,2,0.342354
0.0,2,0.342463
0.0,22,0.343016
0.0,13,0.343386
0.0,19,0.34389
0.0,2,0.343995
0.0,5,0.344177
0.0,3,0.344303
0.0,12,0.344639
0.0,9,0.344909
0.0,13,0.345265
1.0,19,0.345741
0.0,3,0.345865
0.0,3,0.345997
1.0,15,0.346412
0.0,9,0.346684
0.0,2,0.346794
0.0,6,0.346992
0.0,4,0.347154
0.0,3,0.347283
0.0,20,0.347792
1.0,11,0.348114
0.0,4,0.348269
0.0,20,0.348787
0.0,9,0.349053
1.0,17,0.349573
0.0,5,0.349745
0.0,3,0.349871
0.0,7,0.350103
0.0,4,0.35027
0.0,22,0.350827
0.0,6,0.351025
0.0,2,0.351137
0.0,2,0.35124
0.0,5,0.351414
0.0,16,0.351824
0.0,6,0.352024
0.0,3,0.352186
0.0,8,0.352425
0.0,5,0.352596
0.0,22,0.353178
0.0,6,0.353374
0.0,6,0.353567
0.0,3,0.353691
0.0,1,0.353767
0.0,4,0.353923
0.0,8,0.354179
1.0,17,0.354611
0.0,1,0.354689
0.0,7,0.354906
0.0,18,0.355396
0.0,4,0.355548
0.0,12,0.355881
1.0,19,0.356389
0.0,27,0.357068
1.0,12,0.357414
0.0,14,0.357794
0.0,1,0.357872
0.0,28,0.358574
0.0,17,0.359019
0.0,3,0.359163
0.0,15,0.359571
0.0,1,0.359649
0.0,13,0.360019
0.0,3,0.360162
0.0,3,0.360292
0.0,8,0.360541
0.0,5,0.360712
0.0,3,0.360842
0.0,20,0.361379
0.0,1,0.36146
0.0,10,0.36175
0.0,2,0.361853
0.0,2,0.361955
0.0,4,0.362113
0.0,2,0.362223
0.0,2,0.362325
0.0,5,0.362506
0.0,4,0.36266
0.0,2,0.362763
0.0,9,0.363033
0.0,7,0.363257
0.0,13,0.363612
0.0,25,0.36424
0.0,1,0.36432
0.0,10,0.364611
0.0,9,0.364872
0.0,3,0.365003
0.0,14,0.365389
0.0,1,0.365468
0.0,8,0.365716
0.0,3,0.365842
0.0,4,0.365989
0.0,6,0.3662
1.0,16,0.366618
0.0,7,0.366839
0.0,1,0.366921
0.0,12,0.36727
0.0,6,0.367477
0.0,21,0.368016
0.0,5,0.368206
0.0,1,0.36829
0.0,4,0.368441
0.0,3,0.368568
0.0,2,0.36867
0.0,4,0.368826
0.0,7,0.369051
0.0,3,0.369185
0.0,4,0.369335
0.0,7,0.369562
0.0,1,0.369639
0.0,9,0.369905
0.0,8,0.370157
1.0,8,0.370403
0.0,10,0.37069
0.0,5,0.370868
0.0,19,0.371383
0.0,22,0.371937
0.0,21,0.372482
0.0,6,0.372684
0.0,1,0.372766
0.0,16,0.373237
0.0,2,0.373342
0.0,12,0.373677
0.0,15,0.3741
0.0,15,0.374537
0.0,9,0.37481
0.0,11,0.375123
0.0,15,0.37554
0.0,3,0.375668
0.0,1,0.375746
0.0,4,0.375905
0.0,30,0.376661
0.0,10,0.376957
0.0,5,0.377143
0.0,15,0.377548
0.0,4,0.377707
0.0,6,0.377911
0.0,3,0.378039
0.0,4,0.378197
0.0,29,0.378913
0.0,15,0.379331
0.0,10,0.379623
0.0,10,0.379926
0.0,4,0.380103
0.0,7,0.380338
0.0,4,0.380487
0.0,12,0.380828
0.0,8,0.381075
0.0,10,0.381369
0.0,3,0.381495
0.0,3,0.38162
0.0,10,0.381914
0.0,6,0.38213
0.0,10,0.382415
0.0,12,0.382748
0.0,7,0.382973
0.0,5,0.383157
0.0,2,0.383262
0.0,11,0.383573
0.0,3,0.383706
0.0,2,0.38381
0.0,4,0.383968
0.0,1,0.384052
0.0,4,0.384217
0.0,4,0.384375
0.0,20,0.384878
0.0,9,0.385157
0.0,17,0.385602
1.0,15,0.386009
0.0,2,0.386123
0.0,2,0.386228
0.0,2,0.386331
0.0,9,0.386591
0.0,3,0.386718
0.0,8,0.386964
0.0,2,0.387073
0.0,3,0.387216
0.0,2,0.387327
0.0,19,0.387815
0.0,6,0.388011
0.0,12,0.388358
0.0,7,0.388577
0.0,5,0.388751
0.0,14,0.389144
0.0,7,0.389369
0.0,8,0.389616
0.0,6,0.389812
0.0,1,0.38989
0.0,3,0.390019
0.0,7,0.390245
0.0,21,0.390788
0.0,5,0.39096
0.0,11,0.391288
0.0,2,0.391395
0.0,1,0.391473
0.0,7,0.391689
0.0,16,0.392126
1.0,15,0.392532
0.0,14,0.392909
0.0,1,0.392988
0.0,16,0.393428
0.0,55,0.394722
1.0,7,0.394947
0.0,6,0.395154
0.0,5,0.395335
0.0,2,0.395439
0.0,4,0.395595
0.0,1,0.395678
0.0,5,0.395851
0.0,9,0.396128
0.0,6,0.396336
0.0,7,0.396554
0.0,5,0.396733
0.0,4,0.396882
0.0,1,0.396959
0.0,2,0.397063
0.0,7,0.397301
0.0,6,0.397504
0.0,28,0.398217
0.0,4,0.398377
0.0,4,0.398534
0.0,1,0.398612
0.0,1,0.39869
0.0,4,0.398847
0.0,17,0.399303
0.0,3,0.399431
0.0,11,0.399732
0.0,4,0.399889
0.0,1,0.399967
0.0,3,0.400103
0.0,31,0.400848
0.0,9,0.401117
0.0,3,0.40125
0.0,6,0.401456
0.0,3,0.401584
0.0,10,0.401865
0.0,11,0.402194
0.0,8,0.40245
0.0,24,0.403051
0.0,7,0.403285
1.0,16,0.403718
0.0,10,0.404009
0.0,11,0.404337
0.0,2,0.404449
0.0,21,0.404979
0.0,18,0.40546
0.0,2,0.405566
0.0,5,0.405745
0.0,17,0.406204
0.0,7,0.406434
0.0,1,0.406513
1.0,36,0.407384
0.0,4,0.407604
0.0,6,0.407819
0.0,5,0.407998
0.0,3,0.408138
0.0,5,0.40831
0.0,1,0.408393
0.0,18,0.408862
1.0,16,0.409286
0.0,4,0.409436
0.0,3,0.409567
1.0,14,0.409938
0.0,3,0.410071
0.0,4,0.410239
1.0,14,0.410611
0.0,6,0.41081
1.0,13,0.41117
0.0,12,0.411502
0.0,3,0.411634
0.0,17,0.412071
1.0,15,0.412472
0.0,3,0.412604
0.0,4,0.412753
0.0,11,0.413061
0.0,22,0.413628
0.0,25,0.414268
0.0,4,0.414422
0.0,8,0.414666
0.0,5,0.414843
0.0,18,0.415329
1.0,14,0.415715
0.0,4,0.415865
0.0,4,0.416024
0.0,1,0.416116
0.0,6,0.416323
0.0,12,0.41665
0.0,2,0.416753
0.0,17,0.417208
0.0,8,0.417458
0.0,8,0.417696
0.0,3,0.417826
0.0,4,0.41798
0.0,4,0.418148
0.0,29,0.418878
0.0,7,0.419113
0.0,11,0.419417
0.0,5,0.419597
0.0,6,0.419801
0.0,5,0.419981
0.0,6,0.420199
0.0,1,0.420279
0.0,8,0.420524
0.0,1,0.420601
0.0,17,0.421058
0.0,6,0.421277
0.0,24,0.421887
0.0,1,0.421966
1.0,24,0.422595
0.0,30,0.423336
0.0,7,0.423585
0.0,8,0.423824
0.0,12,0.424196
0.0,19,0.424688
0.0,1,0.424772
0.0,4,0.424923
0.0,4,0.425089
0.0,31,0.425858
0.0,7,0.426086
0.0,21,0.426625
0.0,34,0.427465
0.0,2,0.427576
0.0,8,0.427824
0.0,9,0.428104
0.0,15,0.42851
0.0,18,0.428973
0.0,7,0.429198
0.0,4,0.429346
0.0,7,0.429562
0.0,10,0.42985
0.0,17,0.430307
0.0,2,0.430412
0.0,5,0.430583
0.0,3,0.430713
0.0,5,0.430885
0.0,3,0.431011
0.0,32,0.431805
0.0,5,0.431979
0.0,5,0.432161
0.0,8,0.432397
0.0,9,0.432654
0.0,18,0.433126
0.0,4,0.433284
0.0,1,0.433362
0.0,8,0.433599
0.0,4,0.433747
1.0,20,0.434263
0.0,1,0.434345
0.0,15,0.434746
0.0,10,0.435044
0.0,1,0.435131
0.0,3,0.435266
0.0,12,0.435596
0.0,9,0.435864
1.0,20,0.43641
0.0,1,0.436495
0.0,6,0.436699
0.0,5,0.436871
0.0,7,0.4371
1.0,25,0.437751
1.0,32,0.43854
0.0,4,0.438691
0.0,21,0.439245
1.0,8,0.439484
0.0,8,0.43972
0.0,21,0.440278
0.0,13,0.440642
0.0,5,0.44082
1.0,12,0.441171
0.0,3,0.4413
0.0,1,0.441378
1.0,23,0.441951
0.0,7,0.442192
0.0,3,0.442322
0.0,6,0.442517
0.0,3,0.442653
0.0,6,0.442846
0.0,8,0.443104
0.0,6,0.443306
0.0,5,0.443485
0.0,2,0.443588
0.0,29,0.444324
0.0,4,0.444482
0.0,9,0.444745
0.0,3,0.444879
0.0,2,0.444983
0.0,2,0.445096
0.0,10,0.445391
0.0,4,0.445545
0.0,18,0.446005
0.0,18,0.446487
0.0,4,0.446638
0.0,4,0.446785
0.0,2,0.446892
0.0,8,0.447159
0.0,5,0.44734
0.0,8,0.447588
0.0,2,0.447691
0.0,1,0.447772
0.0,3,0.4479
0.0,5,0.448072
0.0,7,0.448336
0.0,4,0.448485
1.0,10,0.448784
0.0,12,0.449126
0.0,20,0.449641
0.0,2,0.449751
0.0,6,0.449955
0.0,8,0.450216
0.0,7,0.450444
0.0,1,0.450522
0.0,2,0.450627
0.0,2,0.450729
0.0,7,0.450951
0.0,8,0.451211
0.0,2,0.451315
0.0,4,0.451463
0.0,4,0.451619
0.0,6,0.451822
0.0,1,0.451905
0.0,5,0.452093
0.0,1,0.452172
0.0,11,0.452487
0.0,4,0.452636
0.0,2,0.452744
0.0,2,0.452852
0.0,4,0.453001
0.0,6,0.453206
0.0,4,0.453361
0.0,2,0.453469
0.0,5,0.453646
0.0,3,0.453774
0.0,8,0.454011
0.0,10,0.454302
0.0,5,0.45448
0.0,3,0.454607
0.0,5,0.454779
0.0,7,0.454992
0.0,1,0.455074
0.0,7,0.455301
0.0,10,0.455595
0.0,15,0.456
0.0,21,0.456537
1.0,9,0.456799
0.0,8,0.457044
0.0,58,0.458406
0.0,9,0.458681
0.0,9,0.458942
0.0,8,0.45919
0.0,9,0.459466
0.0,1,0.459548
0.0,12,0.459895
0.0,2,0.459999
0.0,12,0.460338
1.0,29,0.461037
0.0,12,0.461377
0.0,39,0.462344
0.0,7,0.462575
0.0,4,0.462725
0.0,6,0.462918
0.0,13,0.463285
0.0,19,0.463784
0.0,7,0.464005
0.0,5,0.464195
0.0,4,0.464353
0.0,12,0.464685
0.0,7,0.464903
0.0,9,0.46517
0.0,5,0.465349
0.0,10,0.465643
0.0,4,0.465792
0.0,12,0.466206
0.0,8,0.466449
0.0,5,0.466627
0.0,8,0.46688
0.0,5,0.467061
0.0,7,0.467297
0.0,2,0.467406
0.0,2,0.46751
0.0,8,0.467749
0.0,7,0.467964
0.0,9,0.468242
0.0,13,0.468605
0.0,1,0.468684
0.0,7,0.468903
0.0,1,0.46898
0.0,13,0.469353
0.0,2,0.469464
0.0,19,0.469955
0.0,3,0.470097
1.0,40,0.471057
0.0,65,0.472604
0.0,6,0.472801
0.0,1,0.472884
0.0,15,0.473309
0.0,8,0.473551
0.0,10,0.473832
0.0,9,0.474102
0.0,6,0.474307
0.0,1,0.474385
0.0,7,0.474603
0.0,2,0.474706
0.0,8,0.474943
0.0,12,0.47528
0.0,4,0.475439
1.0,10,0.47573
0.0,3,0.475856
0.0,2,0.475958
0.0,3,0.47609
1.0,14,0.476472
0.0,1,0.47655
1.0,15,0.476944
1.0,12,0.477296
0.0,5,0.477468
0.0,4,0.477616
0.0,8,0.477853
0.0,1,0.477935
0.0,1,0.478014
0.0,5,0.478199
0.0,17,0.478637
0.0,11,0.478952
0.0,9,0.479233
0.0,9,0.479505
0.0,15,0.479909
0.0,22,0.480479
0.0,4,0.48063
0.0,25,0.481266
0.0,9,0.481539
0.0,2,0.481643
0.0,7,0.48187
0.0,13,0.482241
0.0,2,0.482348
0.0,23,0.482934
0.0,19,0.483421
0.0,10,0.483701
0.0,11,0.483999
0.0,5,0.48418
0.0,9,0.484439
0.0,4,0.484588
0.0,8,0.484829
0.0,16,0.485257
0.0,3,0.485385
0.0,6,0.485588
0.0,17,0.486032
0.0,3,0.486174
0.0,9,0.486445
0.0,3,0.486574
0.0,1,0.486656
0.0,9,0.486926
0.0,7,0.487157
0.0,23,0.487737
1.0,31,0.488492
0.0,4,0.488651
1.0,7,0.488874
0.0,3,0.488999
0.0,7,0.489222
0.0,3,0.489349
0.0,1,0.489425
0.0,2,0.489527
0.0,4,0.489675
0.0,5,0.489855
0.0,13,0.490215
0.0,19,0.490713
0.0,7,0.490937
0.0,6,0.491149
0.0,17,0.491601
0.0,10,0.491889
0.0,20,0.492415
0.0,2,0.492522
0.0,6,0.492729
0.0,3,0.492861
0.0,4,0.493012
0.0,16,0.493443
0.0,13,0.493797
0.0,28,0.494491
0.0,7,0.494713
0.0,1,0.494792
0.0,1,0.494874
0.0,8,0.495141
1.0,13,0.495493
0.0,3,0.495619
0.0,20,0.49615
0.0,14,0.496525
0.0,10,0.496815
0.0,23,0.497406
0.0,2,0.497517
0.0,3,0.497645
0.0,31,0.498391
1.0,6,0.498586
0.0,6,0.498777
0.0,30,0.499517
1.0,15,0.499924
0.0,15,0.500336
0.0,22,0.500898
0.0,4,0.501058
0.0,3,0.501195
1.0,18,0.501661
0.0,3,0.501797
0.0,19,0.502311
0.0,3,0.502441
0.0,7,0.502666
0.0,6,0.502861
0.0,29,0.5036
0.0,12,0.503939
0.0,15,0.504356
0.0,12,0.504696
0.0,10,0.504986
0.0,2,0.50511
0.0,8,0.505353
0.0,5,0.50553
1.0,15,0.505948
1.0,12,0.506294
0.0,15,0.506685
0.0,14,0.507061
0.0,8,0.507318
0.0,1,0.507397
0.0,7,0.507677
1.0,12,0.508019
0.0,12,0.50836
1.0,11,0.508665
0.0,1,0.508747
1.0,14,0.50914
1.0,13,0.509496
0.0,6,0.509698
0.0,8,0.50994
0.0,8,0.51019
0.0,15,0.510595
0.0,5,0.510773
0.0,22,0.511341
0.0,20,0.511854
0.0,3,0.511987
0.0,23,0.512571
0.0,18,0.513046
0.0,7,0.513278
0.0,6,0.513482
0.0,12,0.513809
0.0,19,0.514317
0.0,6,0.514513
0.0,17,0.514956
0.0,7,0.515194
0.0,10,0.515479
0.0,3,0.515603
0.0,21,0.516152
0.0,4,0.516309
0.0,6,0.516514
0.0,1,0.516593
0.0,4,0.516743
0.0,13,0.517112
0.0,1,0.517193
1.0,26,0.517856
0.0,1,0.517939
0.0,1,0.518023
0.0,6,0.518242
0.0,7,0.518462
1.0,24,0.519055
0.0,13,0.519424
0.0,25,0.520054
0.0,1,0.520147
0.0,3,0.520282
0.0,10,0.520574
0.0,10,0.520866
0.0,21,0.521405
0.0,10,0.52171
0.0,1,0.52179
0.0,1,0.521867
0.0,5,0.52204
0.0,12,0.522388
0.0,1,0.522466
0.0,4,0.522614
0.0,7,0.522835
0.0,14,0.52322
0.0,7,0.523443
0.0,5,0.523618
0.0,2,0.523725
0.0,12,0.524062
0.0,15,0.52447
0.0,16,0.52489
0.0,6,0.525095
0.0,7,0.525311
0.0,8,0.525567
1.0,17,0.526017
0.0,2,0.52614
0.0,18,0.526612
0.0,4,0.526763
0.0,5,0.526936
1.0,22,0.527509
1.0,22,0.528072
0.0,22,0.528642
0.0,3,0.528772
0.0,6,0.528973
0.0,9,0.529257
0.0,3,0.529392
0.0,19,0.529884
0.0,12,0.530221
1.0,24,0.530818
0.0,14,0.53121
0.0,3,0.531337
0.0,11,0.531643
0.0,6,0.531835
0.0,10,0.532136
0.0,26,0.532789
0.0,33,0.533594
0.0,9,0.533862
0.0,12,0.534196
0.0,11,0.534502
0.0,7,0.534732
0.0,3,0.534858
0.0,26,0.53552
0.0,28,0.536217
0.0,5,0.536391
0.0,29,0.537115
1.0,38,0.538038
1.0,10,0.538334
1.0,18,0.538801
0.0,25,0.539422
0.0,6,0.539618
0.0,11,0.539929
0.0,12,0.540274
0.0,1,0.540354
0.0,8,0.5406
0.0,3,0.540726
1.0,22,0.541288
0.0,6,0.541481
1.0,16,0.541897
0.0,27,0.542562
0.0,1,0.542647
0.0,6,0.542848
0.0,10,0.543144
0.0,3,0.543271
1.0,17,0.543717
0.0,14,0.544095
0.0,7,0.544318
0.0,35,0.545155
0.0,5,0.545335
0.0,3,0.545466
0.0,24,0.54607
0.0,2,0.546188
0.0,5,0.54636
0.0,3,0.546493
0.0,1,0.546574
0.0,8,0.546818
0.0,4,0.546969
0.0,8,0.547221
0.0,12,0.547553
0.0,7,0.547777
0.0,1,0.547856
0.0,3,0.54799
1.0,26,0.548651
0.0,8,0.548896
0.0,13,0.549256
0.0,11,0.549577
0.0,3,0.549706
0.0,1,0.549783
0.0,15,0.550211
0.0,17,0.550663
0.0,6,0.550859
0.0,4,0.551008
0.0,21,0.551562
0.0,2,0.551674
0.0,5,0.55185
1.0,13,0.552212
0.0,27,0.552877
1.0,7,0.553104
0.0,8,0.553352
0.0,1,0.553431
